"time","GC3_PM2_5"
"2024/03/11T22:27:52z",1.4
"2024/03/11T22:29:52z",1.19
"2024/03/11T22:31:52z",0.35
"2024/03/11T22:33:52z",0.91
"2024/03/11T22:35:52z",0.77
"2024/03/11T22:37:52z",0.53
"2024/03/11T22:39:52z",0.09
"2024/03/11T22:41:52z",0.43
"2024/03/11T22:43:52z",0.93
"2024/03/11T22:45:52z",0.36
"2024/03/11T22:47:32z",0.16
"2024/03/11T22:49:32z",0.64
"2024/03/11T22:51:32z",0.36
"2024/03/11T22:53:32z",0.47
"2024/03/11T22:55:32z",0.49
"2024/03/11T22:57:32z",0.45
"2024/03/11T22:59:32z",0.49
"2024/03/11T23:01:32z",0.59
"2024/03/11T23:03:32z",0.81
"2024/03/11T23:05:32z",0.21
"2024/03/11T23:07:13z",0.44
"2024/03/11T23:09:13z",0.85
"2024/03/11T23:11:13z",0.7
"2024/03/11T23:13:13z",0.49
"2024/03/11T23:15:13z",0.63
"2024/03/11T23:17:13z",0.72
"2024/03/11T23:19:13z",0.4
"2024/03/11T23:21:13z",0.71
"2024/03/11T23:23:13z",0.74
"2024/03/11T23:25:13z",0.63
"2024/03/11T23:26:53z",0.73
"2024/03/11T23:28:53z",0.9
"2024/03/11T23:30:53z",0.84
"2024/03/11T23:32:53z",0.42
"2024/03/11T23:34:53z",0.9
"2024/03/11T23:36:53z",1.24
"2024/03/11T23:38:53z",0.79
"2024/03/11T23:40:53z",0.71
"2024/03/11T23:42:53z",0.78
"2024/03/11T23:44:53z",0.98
"2024/03/11T23:46:33z",0.61
"2024/03/11T23:48:33z",0.65
"2024/03/11T23:50:33z",1.18
"2024/03/11T23:52:33z",1.09
"2024/03/11T23:54:33z",1.21
"2024/03/11T23:56:33z",1.32
"2024/03/11T23:58:33z",0.55
"2024/03/12T00:00:34z",0.67
"2024/03/12T00:02:33z",0.93
"2024/03/12T00:04:33z",0.76
"2024/03/12T00:06:13z",1.71
"2024/03/12T00:08:13z",0.81
"2024/03/12T00:10:13z",1.05
"2024/03/12T00:12:13z",1.12
"2024/03/12T00:14:13z",1.31
"2024/03/12T00:16:13z",1.17
"2024/03/12T00:18:13z",0.71
"2024/03/12T00:20:13z",0.84
"2024/03/12T00:22:13z",1.12
"2024/03/12T00:24:13z",1.02
"2024/03/12T00:25:54z",1
"2024/03/12T00:27:54z",1.05
"2024/03/12T00:29:54z",1.03
"2024/03/12T00:31:54z",1.52
"2024/03/12T00:33:54z",1.63
"2024/03/12T00:35:54z",1.29
"2024/03/12T00:37:54z",1.05
"2024/03/12T00:39:54z",1.66
"2024/03/12T00:41:54z",1.41
"2024/03/12T00:43:54z",1.9
"2024/03/12T00:45:34z",1.02
"2024/03/12T00:47:34z",1.3
"2024/03/12T00:49:34z",1.29
"2024/03/12T00:51:34z",1.57
"2024/03/12T00:53:34z",1.66
"2024/03/12T00:55:34z",0.73
"2024/03/12T00:57:34z",1.16
"2024/03/12T00:59:34z",1.05
"2024/03/12T01:01:34z",1.51
"2024/03/12T01:03:34z",1.41
"2024/03/12T01:05:15z",1.78
"2024/03/12T01:07:15z",1.66
"2024/03/12T01:09:15z",1.57
"2024/03/12T01:11:15z",1.14
"2024/03/12T01:13:15z",1.5
"2024/03/12T01:15:15z",1.36
"2024/03/12T01:17:15z",1.22
"2024/03/12T01:19:15z",1.12
"2024/03/12T01:21:15z",1.2
"2024/03/12T01:23:15z",1.31
"2024/03/12T01:24:55z",2.13
"2024/03/12T01:26:55z",1.15
"2024/03/12T01:28:55z",1.67
"2024/03/12T01:30:55z",1.33
"2024/03/12T01:32:55z",1.78
"2024/03/12T01:34:55z",1.76
"2024/03/12T01:36:55z",1.81
"2024/03/12T01:38:55z",1.71
"2024/03/12T01:40:55z",1.76
"2024/03/12T01:42:55z",1.59
"2024/03/12T01:44:35z",1.31
"2024/03/12T01:46:35z",1.53
"2024/03/12T01:48:35z",1.43
"2024/03/12T01:50:35z",1.09
"2024/03/12T01:52:35z",2.05
"2024/03/12T01:54:35z",2.75
"2024/03/12T01:56:35z",3.45
"2024/03/12T01:58:35z",2.54
"2024/03/12T02:00:35z",2.34
"2024/03/12T02:02:35z",1.83
"2024/03/12T02:04:16z",1.18
"2024/03/12T02:06:16z",1.34
"2024/03/12T02:08:16z",1.62
"2024/03/12T02:10:16z",1.12
"2024/03/12T02:12:16z",0.66
"2024/03/12T02:14:16z",1
"2024/03/12T02:16:16z",2.14
"2024/03/12T02:18:16z",3.25
"2024/03/12T02:20:16z",3.15
"2024/03/12T02:22:16z",2.53
"2024/03/12T02:23:56z",2.07
"2024/03/12T02:25:56z",1.19
"2024/03/12T02:27:56z",1.09
"2024/03/12T02:29:56z",1.39
"2024/03/12T02:31:56z",1
"2024/03/12T02:33:56z",1.17
"2024/03/12T02:35:56z",1.21
"2024/03/12T02:37:56z",0.96
"2024/03/12T02:39:56z",1.02
"2024/03/12T02:41:56z",0.93
"2024/03/12T02:43:37z",0.72
"2024/03/12T02:45:37z",1.29
"2024/03/12T02:47:37z",1.12
"2024/03/12T02:49:37z",0.8
"2024/03/12T02:51:37z",0.5
"2024/03/12T02:53:37z",0.81
"2024/03/12T02:55:37z",0.88
"2024/03/12T02:57:37z",0.52
"2024/03/12T02:59:37z",0.83
"2024/03/12T03:01:37z",0.45
"2024/03/12T03:03:17z",0.93
"2024/03/12T03:05:17z",1.02
"2024/03/12T03:07:17z",1.02
"2024/03/12T03:09:17z",1.36
"2024/03/12T03:11:17z",0.91
"2024/03/12T03:13:17z",1.83
"2024/03/12T03:15:17z",1.05
"2024/03/12T03:17:17z",1.75
"2024/03/12T03:19:17z",1.22
"2024/03/12T03:21:17z",0.93
"2024/03/12T03:22:58z",1.18
"2024/03/12T03:24:58z",0.88
"2024/03/12T03:26:58z",1.29
"2024/03/12T03:28:58z",1.12
"2024/03/12T03:30:58z",0.9
"2024/03/12T03:32:58z",0.56
"2024/03/12T03:34:58z",0.53
"2024/03/12T03:36:58z",0.95
"2024/03/12T03:38:58z",0.98
"2024/03/12T03:40:58z",1.36
"2024/03/12T03:42:39z",1.11
"2024/03/12T03:44:39z",0.66
"2024/03/12T03:46:39z",0.93
"2024/03/12T03:48:39z",1.02
"2024/03/12T03:50:39z",0.5
"2024/03/12T03:52:39z",1
"2024/03/12T03:54:39z",1.05
"2024/03/12T03:56:39z",1.12
"2024/03/12T03:58:39z",0.78
"2024/03/12T04:00:39z",1.15
"2024/03/12T04:02:19z",1.29
"2024/03/12T04:04:19z",0.68
"2024/03/12T04:06:19z",0.72
"2024/03/12T04:08:19z",0.89
"2024/03/12T04:10:19z",0.97
"2024/03/12T04:12:19z",0.9
"2024/03/12T04:14:19z",1.04
"2024/03/12T04:16:19z",0.79
"2024/03/12T04:18:19z",1.03
"2024/03/12T04:20:19z",1.05
"2024/03/12T04:22:00z",1.2
"2024/03/12T04:24:00z",1.39
"2024/03/12T04:26:00z",1.68
"2024/03/12T04:28:00z",1.32
"2024/03/12T04:30:00z",1.22
"2024/03/12T04:32:00z",0.56
"2024/03/12T04:34:00z",0.43
"2024/03/12T04:36:00z",0.53
"2024/03/12T04:38:00z",0.98
"2024/03/12T04:40:00z",1.03
"2024/03/12T04:41:39z",1.3
"2024/03/12T04:43:39z",1.03
"2024/03/12T04:45:39z",0.81
"2024/03/12T04:47:39z",0.37
"2024/03/12T04:49:39z",0.61
"2024/03/12T04:51:39z",0.67
"2024/03/12T04:53:39z",0.63
"2024/03/12T04:55:39z",0.16
"2024/03/12T04:57:39z",0.79
"2024/03/12T04:59:39z",0.23
"2024/03/12T05:01:20z",0.33
"2024/03/12T05:03:20z",0.63
"2024/03/12T05:05:20z",0.84
"2024/03/12T05:07:20z",1.46
"2024/03/12T05:09:20z",1.71
"2024/03/12T05:11:20z",1.91
"2024/03/12T05:13:20z",1.22
"2024/03/12T05:15:20z",1
"2024/03/12T05:17:20z",0.62
"2024/03/12T05:19:20z",0.78
"2024/03/12T05:21:00z",0.56
"2024/03/12T05:23:00z",1.18
"2024/03/12T05:25:00z",0.43
"2024/03/12T05:27:00z",0.86
"2024/03/12T05:29:00z",0.85
"2024/03/12T05:31:00z",0.97
"2024/03/12T05:33:00z",0.9
"2024/03/12T05:35:00z",0.73
"2024/03/12T05:37:00z",0.57
"2024/03/12T05:39:00z",0.78
"2024/03/12T05:40:41z",0.22
"2024/03/12T05:42:41z",0.71
"2024/03/12T05:44:41z",0.43
"2024/03/12T05:46:41z",1.12
"2024/03/12T05:48:41z",0.6
"2024/03/12T05:50:41z",0.69
"2024/03/12T05:52:41z",0.28
"2024/03/12T05:54:41z",0.25
"2024/03/12T05:56:41z",0.64
"2024/03/12T05:58:41z",0.47
"2024/03/12T06:00:21z",0.48
"2024/03/12T06:02:21z",0.58
"2024/03/12T06:04:21z",0.68
"2024/03/12T06:06:21z",0.46
"2024/03/12T06:08:21z",0.97
"2024/03/12T06:10:21z",0.59
"2024/03/12T06:12:21z",1.31
"2024/03/12T06:14:21z",0.5
"2024/03/12T06:16:21z",0.98
"2024/03/12T06:18:21z",0.63
"2024/03/12T06:20:02z",1.47
"2024/03/12T06:22:02z",1.71
"2024/03/12T06:24:02z",0.61
"2024/03/12T06:26:02z",0.71
"2024/03/12T06:28:02z",0.85
"2024/03/12T06:30:02z",0.78
"2024/03/12T06:32:02z",0.84
"2024/03/12T06:34:02z",1
"2024/03/12T06:36:02z",0.81
"2024/03/12T06:38:02z",0.63
"2024/03/12T06:39:42z",0.85
"2024/03/12T06:41:42z",0.42
"2024/03/12T06:43:42z",0.68
"2024/03/12T06:45:42z",0.65
"2024/03/12T06:47:42z",0.48
"2024/03/12T06:49:42z",0.55
"2024/03/12T06:51:42z",0.79
"2024/03/12T06:53:42z",0.47
"2024/03/12T06:55:42z",0.66
"2024/03/12T06:57:42z",0.42
"2024/03/12T06:59:23z",0.44
"2024/03/12T07:01:23z",0.93
"2024/03/12T07:03:23z",0.89
"2024/03/12T07:05:23z",0.93
"2024/03/12T07:07:23z",0.9
"2024/03/12T07:09:23z",0.85
"2024/03/12T07:11:23z",0.66
"2024/03/12T07:13:23z",2.27
"2024/03/12T07:15:23z",1
"2024/03/12T07:17:23z",1.17
"2024/03/12T07:19:04z",0.98
"2024/03/12T07:21:04z",0.8
"2024/03/12T07:23:04z",0.63
"2024/03/12T07:25:04z",0.75
"2024/03/12T07:27:04z",0.88
"2024/03/12T07:29:04z",0.91
"2024/03/12T07:31:04z",0.69
"2024/03/12T07:33:04z",0.88
"2024/03/12T07:35:04z",0.86
"2024/03/12T07:37:04z",1.19
"2024/03/12T07:38:44z",0.84
"2024/03/12T07:40:44z",0.8
"2024/03/12T07:42:44z",0.98
"2024/03/12T07:44:44z",0.93
"2024/03/12T07:46:44z",0.92
"2024/03/12T07:48:44z",0.62
"2024/03/12T07:50:44z",0.38
"2024/03/12T07:52:44z",0.73
"2024/03/12T07:54:44z",0.55
"2024/03/12T07:56:44z",0.83
"2024/03/12T07:58:25z",1
"2024/03/12T08:00:25z",1
"2024/03/12T08:02:25z",0.64
"2024/03/12T08:04:25z",0.89
"2024/03/12T08:06:25z",0.98
"2024/03/12T08:08:25z",0.88
"2024/03/12T08:10:25z",1.39
"2024/03/12T08:12:25z",0.66
"2024/03/12T08:14:25z",0.62
"2024/03/12T08:16:25z",1.14
"2024/03/12T08:18:05z",0.84
"2024/03/12T08:20:05z",0.54
"2024/03/12T08:22:05z",1.14
"2024/03/12T08:24:05z",0.8
"2024/03/12T08:26:05z",0.61
"2024/03/12T08:28:05z",0.93
"2024/03/12T08:30:05z",0.78
"2024/03/12T08:32:05z",0.73
"2024/03/12T08:34:05z",0.6
"2024/03/12T08:36:05z",0.84
"2024/03/12T08:37:45z",0.56
"2024/03/12T08:39:45z",0.64
"2024/03/12T08:41:45z",0.63
"2024/03/12T08:43:45z",0.45
"2024/03/12T08:45:45z",0.51
"2024/03/12T08:47:45z",0.91
"2024/03/12T08:49:45z",0.69
"2024/03/12T08:51:45z",0.45
"2024/03/12T08:53:45z",0.41
"2024/03/12T08:55:45z",0.68
"2024/03/12T08:57:26z",0.78
"2024/03/12T08:59:26z",0.97
"2024/03/12T09:01:26z",0.84
"2024/03/12T09:03:26z",0.75
"2024/03/12T09:05:26z",0.49
"2024/03/12T09:07:26z",0.28
"2024/03/12T09:09:26z",0.2
"2024/03/12T09:11:26z",0.71
"2024/03/12T09:13:26z",0.26
"2024/03/12T09:15:26z",0.8
"2024/03/12T14:52:39z",0.59
"2024/03/12T14:54:39z",0.68
"2024/03/12T14:56:39z",0.59
"2024/03/12T14:58:39z",0.34
"2024/03/12T15:00:39z",0.16
"2024/03/12T15:02:39z",0.33
"2024/03/12T15:04:39z",0.5
"2024/03/12T15:06:39z",0.46
"2024/03/12T15:08:39z",0.69
"2024/03/12T15:10:39z",0.62
"2024/03/12T15:12:19z",0.11
"2024/03/12T15:14:19z",0.2
"2024/03/12T15:16:19z",0.53
"2024/03/12T15:18:19z",0.32
"2024/03/12T15:20:19z",0.78
"2024/03/12T15:22:19z",0.22
"2024/03/12T15:24:19z",0.5
"2024/03/12T15:26:19z",0.45
"2024/03/12T15:28:19z",0.52
"2024/03/12T15:30:19z",0.68
"2024/03/12T15:32:00z",0.3
"2024/03/12T15:34:00z",0.15
"2024/03/12T15:36:00z",0.33
"2024/03/12T15:38:00z",0.14
"2024/03/12T15:40:00z",0.66
"2024/03/12T15:42:00z",0.24
"2024/03/12T15:44:00z",0.24
"2024/03/12T15:46:00z",0.39
"2024/03/12T15:48:00z",0.4
"2024/03/12T15:50:00z",0.17
"2024/03/12T15:51:41z",1.41
"2024/03/12T15:53:41z",0.37
"2024/03/12T15:55:41z",0.44
"2024/03/12T15:57:41z",0.54
"2024/03/12T15:59:41z",0.1
"2024/03/12T16:01:41z",0.51
"2024/03/12T16:03:41z",0.47
"2024/03/12T16:05:41z",0.26
"2024/03/12T16:07:41z",0.68
"2024/03/12T16:09:41z",0
"2024/03/12T16:11:21z",0.53
"2024/03/12T16:13:21z",0.59
"2024/03/12T16:15:21z",0.58
"2024/03/12T16:17:21z",0.3
"2024/03/12T16:19:21z",0.21
"2024/03/12T16:21:21z",0.35
"2024/03/12T16:23:21z",0.48
"2024/03/12T16:25:21z",0.35
"2024/03/12T16:27:21z",0.19
"2024/03/12T16:29:21z",0.5
"2024/03/12T16:31:01z",0.33
"2024/03/12T16:33:01z",0.68
"2024/03/12T16:35:01z",0.18
"2024/03/12T16:37:01z",0.38
"2024/03/12T16:39:01z",0.27
"2024/03/12T16:41:01z",0.41
"2024/03/12T16:43:01z",0.5
"2024/03/12T16:45:01z",0.27
"2024/03/12T16:47:01z",0.32
"2024/03/12T16:49:01z",0.18
"2024/03/12T16:50:42z",0.51
"2024/03/12T16:52:42z",0.34
"2024/03/12T16:54:42z",0.11
"2024/03/12T16:56:42z",0.34
"2024/03/12T16:58:42z",0.71
"2024/03/12T17:00:42z",0.25
"2024/03/12T17:02:42z",0
"2024/03/12T17:04:42z",0.27
"2024/03/12T17:06:42z",0.14
"2024/03/12T17:08:42z",0
"2024/03/12T17:10:22z",0.11
"2024/03/12T17:12:22z",0.27
"2024/03/12T17:14:22z",0
"2024/03/12T17:16:22z",0.09
"2024/03/12T17:18:22z",0.39
"2024/03/12T17:20:22z",0.27
"2024/03/12T17:22:22z",0
"2024/03/12T17:24:22z",0.38
"2024/03/12T17:26:22z",0.31
"2024/03/12T17:28:22z",0.22
"2024/03/12T17:30:03z",0.07
"2024/03/12T17:32:03z",0.05
"2024/03/12T17:34:03z",0.6
"2024/03/12T17:36:03z",0.07
"2024/03/12T17:38:03z",0.5
"2024/03/12T17:40:03z",0.02
"2024/03/12T17:42:03z",0.28
"2024/03/12T17:44:03z",0.19
"2024/03/12T17:46:03z",0.12
"2024/03/12T17:48:03z",0.07
"2024/03/12T17:49:43z",0
"2024/03/12T17:51:43z",0.12
"2024/03/12T17:53:43z",0.22
"2024/03/12T17:55:43z",0.3
"2024/03/12T17:57:43z",0.29
"2024/03/12T17:59:43z",0.17
"2024/03/12T18:01:43z",0.25
"2024/03/12T18:03:43z",0
"2024/03/12T18:05:43z",0.58
"2024/03/12T18:07:43z",0
"2024/03/12T18:09:23z",0.44
"2024/03/12T18:11:23z",0.47
"2024/03/12T18:13:23z",0
"2024/03/12T18:15:23z",0.11
"2024/03/12T18:17:23z",0.15
"2024/03/12T18:19:23z",0.27
"2024/03/12T18:21:23z",0.31
"2024/03/12T18:23:23z",0.18
"2024/03/12T18:25:23z",0.19
"2024/03/12T18:27:23z",0.46
"2024/03/12T18:29:04z",0.56
"2024/03/12T18:31:04z",0.22
"2024/03/12T18:33:04z",0.09
"2024/03/12T18:35:04z",0.04
"2024/03/12T18:37:04z",0.41
"2024/03/12T18:39:04z",0.24
"2024/03/12T18:41:04z",0.1
"2024/03/12T18:43:04z",0.2
"2024/03/12T18:45:04z",0.21
"2024/03/12T18:47:04z",0.17
"2024/03/12T18:48:45z",0.5
"2024/03/12T18:50:45z",0.14
"2024/03/12T18:52:45z",0.51
"2024/03/12T18:54:45z",0.09
"2024/03/12T18:56:45z",0.53
"2024/03/12T18:58:45z",0.37
"2024/03/12T19:00:45z",0.33
"2024/03/12T19:02:45z",0.49
"2024/03/12T19:04:45z",0
"2024/03/12T19:06:45z",0.47
"2024/03/12T19:08:24z",0.43
"2024/03/12T19:10:24z",0.03
"2024/03/12T19:12:24z",0.04
"2024/03/12T19:14:24z",0
"2024/03/12T19:16:24z",0.17
"2024/03/12T19:18:24z",1.05
"2024/03/12T19:20:24z",0.39
"2024/03/12T19:22:24z",0.23
"2024/03/12T19:24:24z",0.29
"2024/03/12T19:26:24z",0.61
"2024/03/12T19:28:05z",0.76
"2024/03/12T19:30:05z",0.54
"2024/03/12T19:32:05z",0.47
"2024/03/12T19:34:05z",0.46
"2024/03/12T19:36:05z",0.05
"2024/03/12T19:38:05z",0.17
"2024/03/12T19:40:05z",0.5
"2024/03/12T19:42:05z",0.39
"2024/03/12T19:44:05z",0.26
"2024/03/12T19:46:05z",0.29
"2024/03/12T19:47:45z",0.17
"2024/03/12T19:49:45z",0.29
"2024/03/12T19:51:45z",0.18
"2024/03/12T19:53:45z",0.5
"2024/03/12T19:55:45z",0.22
"2024/03/12T19:57:45z",0.29
"2024/03/12T19:59:45z",0
"2024/03/12T20:01:45z",0.05
"2024/03/12T20:03:45z",0.02
"2024/03/12T20:05:45z",0
"2024/03/12T20:07:26z",0.38
"2024/03/12T20:09:26z",0.08
"2024/03/12T20:11:26z",0.07
"2024/03/12T20:13:26z",0.21
"2024/03/12T20:15:26z",0.48
"2024/03/12T20:17:26z",0.37
"2024/03/12T20:19:26z",0.25
"2024/03/12T20:21:26z",0
"2024/03/12T20:23:26z",0.36
"2024/03/12T20:25:26z",0.24
"2024/03/12T20:27:07z",0.3
"2024/03/12T20:29:07z",0.14
"2024/03/12T20:31:07z",0.16
"2024/03/12T20:33:07z",0
"2024/03/12T20:35:07z",0.32
"2024/03/12T20:37:07z",0.17
"2024/03/12T20:39:07z",0.24
"2024/03/12T20:41:07z",0.04
"2024/03/12T20:43:07z",0.07
"2024/03/12T20:45:07z",0
"2024/03/12T20:46:48z",0
"2024/03/12T20:48:48z",0.24
"2024/03/12T20:50:48z",0.4
"2024/03/12T20:52:48z",0.18
"2024/03/12T20:54:48z",0.17
"2024/03/12T20:56:48z",0.02
"2024/03/12T20:58:48z",0.71
"2024/03/12T21:00:48z",0.36
"2024/03/12T21:02:48z",0.09
"2024/03/12T21:04:48z",0.16
"2024/03/12T21:06:29z",0
"2024/03/12T21:08:29z",0
"2024/03/12T21:10:29z",0
"2024/03/12T21:12:29z",0.07
"2024/03/12T21:14:29z",0.63
"2024/03/12T21:16:29z",0.54
"2024/03/12T21:18:29z",0.5
"2024/03/12T21:20:29z",0.28
"2024/03/12T21:22:29z",0
"2024/03/12T21:24:29z",0.07
"2024/03/12T21:26:09z",0
"2024/03/12T21:28:09z",0.25
"2024/03/12T21:30:09z",0.12
"2024/03/12T21:32:09z",0
"2024/03/12T21:34:09z",0
"2024/03/12T21:36:09z",0
"2024/03/12T21:38:09z",0.1
"2024/03/12T21:40:09z",0
"2024/03/12T21:42:09z",0.09
"2024/03/12T21:44:09z",0.12
"2024/03/12T21:45:49z",0
"2024/03/12T21:47:49z",0.02
"2024/03/12T21:49:49z",0.09
"2024/03/12T21:51:49z",0.26
"2024/03/12T21:53:49z",0.53
"2024/03/12T21:55:49z",0.1
"2024/03/12T21:57:49z",0.22
"2024/03/12T21:59:49z",0
"2024/03/12T22:01:49z",0.26
"2024/03/12T22:03:49z",0.08
"2024/03/12T22:05:29z",0
"2024/03/12T22:07:29z",0.12
"2024/03/12T22:09:29z",0
"2024/03/12T22:11:29z",0.46
"2024/03/12T22:13:29z",0.29
"2024/03/12T22:15:29z",0.03
"2024/03/12T22:17:29z",0
"2024/03/12T22:19:29z",0
"2024/03/12T22:21:29z",0.02
"2024/03/12T22:23:29z",0.03
"2024/03/12T22:25:09z",0.22
"2024/03/12T22:27:09z",0.17
"2024/03/12T22:29:09z",0.09
"2024/03/12T22:31:09z",0.14
"2024/03/12T22:33:09z",0.29
"2024/03/12T22:35:09z",0.24
"2024/03/12T22:37:09z",0.07
"2024/03/12T22:39:09z",0.38
"2024/03/12T22:41:09z",0.28
"2024/03/12T22:43:09z",0.3
"2024/03/12T22:44:50z",0.6
"2024/03/12T22:46:50z",0
"2024/03/12T22:48:50z",0
"2024/03/12T22:50:50z",0.02
"2024/03/12T22:52:50z",0.07
"2024/03/12T22:54:50z",0.03
"2024/03/12T22:56:50z",0.03
"2024/03/12T22:58:50z",0.3
"2024/03/12T23:00:50z",0.22
"2024/03/12T23:02:50z",0
"2024/03/12T23:04:31z",0.26
"2024/03/12T23:06:31z",0.3
"2024/03/12T23:08:31z",0
"2024/03/12T23:10:31z",0.09
"2024/03/12T23:12:31z",0.14
"2024/03/12T23:14:31z",0.07
"2024/03/12T23:16:31z",0.28
"2024/03/12T23:18:31z",0.27
"2024/03/12T23:20:31z",0.07
"2024/03/12T23:22:31z",0.08
"2024/03/12T23:24:11z",0
"2024/03/12T23:26:11z",0
"2024/03/12T23:28:11z",0.09
"2024/03/12T23:30:11z",0.23
"2024/03/12T23:32:11z",0.25
"2024/03/12T23:34:11z",0.05
"2024/03/12T23:36:11z",0.21
"2024/03/12T23:38:11z",0.29
"2024/03/12T23:40:11z",0.6
"2024/03/12T23:42:11z",0
"2024/03/12T23:43:52z",0.18
"2024/03/12T23:45:52z",0.49
"2024/03/12T23:47:52z",0.21
"2024/03/12T23:49:52z",0.25
"2024/03/12T23:51:52z",0.37
"2024/03/12T23:53:52z",0.28
"2024/03/12T23:55:52z",0.26
"2024/03/12T23:57:52z",0.62
"2024/03/12T23:59:52z",0.16
"2024/03/13T00:01:52z",0.08
"2024/03/13T00:03:33z",0.29
"2024/03/13T00:05:33z",0.07
"2024/03/13T00:07:33z",0.25
"2024/03/13T00:09:33z",0.27
"2024/03/13T00:11:33z",0.21
"2024/03/13T00:13:33z",0
"2024/03/13T00:15:33z",0.05
"2024/03/13T00:17:33z",0.34
"2024/03/13T00:19:33z",0.47
"2024/03/13T00:21:33z",0.29
"2024/03/13T00:23:12z",0
"2024/03/13T00:25:12z",0.08
"2024/03/13T00:27:12z",0.23
"2024/03/13T00:29:12z",0.3
"2024/03/13T00:31:12z",0.42
"2024/03/13T00:33:12z",0.28
"2024/03/13T00:35:12z",0.73
"2024/03/13T00:37:12z",0
"2024/03/13T00:39:12z",0
"2024/03/13T00:41:12z",0.45
"2024/03/13T00:42:53z",0.31
"2024/03/13T00:44:53z",0.27
"2024/03/13T00:46:53z",0.19
"2024/03/13T00:48:53z",0.19
"2024/03/13T00:50:53z",0.07
"2024/03/13T00:52:53z",0.12
"2024/03/13T00:54:53z",0.3
"2024/03/13T00:56:53z",0.39
"2024/03/13T00:58:53z",0.32
"2024/03/13T01:00:53z",0.07
"2024/03/13T01:02:33z",0.39
"2024/03/13T01:04:33z",0.38
"2024/03/13T01:06:33z",0.28
"2024/03/13T01:08:33z",0.21
"2024/03/13T01:10:33z",0.32
"2024/03/13T01:12:33z",0.64
"2024/03/13T01:14:33z",0.17
"2024/03/13T01:16:33z",0.05
"2024/03/13T01:18:33z",0.41
"2024/03/13T01:20:33z",0.08
"2024/03/13T01:22:15z",0.27
"2024/03/13T01:24:15z",0
"2024/03/13T01:26:15z",0.26
"2024/03/13T01:28:15z",0.25
"2024/03/13T01:30:15z",0
"2024/03/13T01:32:15z",0.26
"2024/03/13T01:34:15z",0
"2024/03/13T01:36:15z",0
"2024/03/13T01:38:15z",0.26
"2024/03/13T01:40:15z",0.17
"2024/03/13T01:41:55z",0.22
"2024/03/13T01:43:55z",0.27
"2024/03/13T01:45:55z",0.35
"2024/03/13T01:47:55z",0.39
"2024/03/13T01:49:55z",0.17
"2024/03/13T01:51:55z",0.2
"2024/03/13T01:53:55z",0.26
"2024/03/13T01:55:55z",0.11
"2024/03/13T01:57:55z",0.22
"2024/03/13T01:59:55z",0.51
"2024/03/13T02:01:36z",0.57
"2024/03/13T02:03:36z",0.51
"2024/03/13T02:05:36z",0.42
"2024/03/13T02:07:36z",0.32
"2024/03/13T02:09:36z",0.03
"2024/03/13T02:11:36z",0.58
"2024/03/13T02:13:36z",0.32
"2024/03/13T02:15:36z",0.49
"2024/03/13T02:17:36z",0.29
"2024/03/13T02:19:36z",0.17
"2024/03/13T02:21:17z",0.51
"2024/03/13T02:23:17z",0.37
"2024/03/13T02:25:17z",0.17
"2024/03/13T02:27:17z",0.46
"2024/03/13T02:29:17z",0.07
"2024/03/13T02:31:17z",0.05
"2024/03/13T02:33:17z",0.29
"2024/03/13T02:35:17z",0
"2024/03/13T02:37:17z",0.31
"2024/03/13T02:39:17z",0.75
"2024/03/13T02:40:57z",0.69
"2024/03/13T02:42:57z",1.17
"2024/03/13T02:44:57z",1.04
"2024/03/13T02:46:57z",0.95
"2024/03/13T02:48:57z",0.56
"2024/03/13T02:50:57z",0.1
"2024/03/13T02:52:57z",0.24
"2024/03/13T02:54:57z",0.16
"2024/03/13T02:56:57z",0.21
"2024/03/13T02:58:57z",0.44
"2024/03/13T03:00:37z",0.69
"2024/03/13T03:02:37z",0.97
"2024/03/13T03:04:37z",1.03
"2024/03/13T03:06:37z",1.45
"2024/03/13T03:08:37z",1.3
"2024/03/13T03:10:37z",1
"2024/03/13T03:12:37z",0.74
"2024/03/13T03:14:37z",0.8
"2024/03/13T03:16:37z",0.95
"2024/03/13T03:18:37z",0.62
"2024/03/13T03:20:18z",1.11
"2024/03/13T03:22:18z",1.58
"2024/03/13T03:24:18z",2.53
"2024/03/13T03:26:18z",2.79
"2024/03/13T03:28:18z",0.64
"2024/03/13T03:30:18z",0.17
"2024/03/13T03:32:18z",0.66
"2024/03/13T03:34:18z",0.04
"2024/03/13T03:36:18z",0.42
"2024/03/13T03:38:18z",0.2
"2024/03/13T03:39:59z",0.04
"2024/03/13T03:41:59z",0.02
"2024/03/13T03:43:59z",0.12
"2024/03/13T03:45:59z",0.09
"2024/03/13T03:47:59z",0.24
"2024/03/13T03:49:59z",0.02
"2024/03/13T03:51:59z",0
"2024/03/13T03:53:59z",0.16
"2024/03/13T03:55:59z",0.03
"2024/03/13T03:57:59z",0
"2024/03/13T03:59:39z",0.26
"2024/03/13T04:01:39z",0
"2024/03/13T04:03:39z",0
"2024/03/13T04:05:39z",0.05
"2024/03/13T04:07:39z",0.08
"2024/03/13T04:09:39z",0.05
"2024/03/13T04:11:39z",0.09
"2024/03/13T04:13:39z",0
"2024/03/13T04:15:39z",0
"2024/03/13T04:17:39z",0
"2024/03/13T04:19:19z",0
"2024/03/13T04:21:19z",0.07
"2024/03/13T04:23:19z",0
"2024/03/13T04:25:19z",0
"2024/03/13T04:27:19z",0
"2024/03/13T04:29:19z",0
"2024/03/13T04:31:19z",0.03
"2024/03/13T04:33:19z",0.14
"2024/03/13T04:35:19z",0.23
"2024/03/13T04:37:19z",0.17
"2024/03/13T04:39:00z",0.24
"2024/03/13T04:41:00z",0.2
"2024/03/13T04:43:00z",0.04
"2024/03/13T04:45:00z",0.27
"2024/03/13T04:47:00z",0.42
"2024/03/13T04:49:00z",0.05
"2024/03/13T04:51:00z",0.36
"2024/03/13T04:53:00z",0.09
"2024/03/13T04:55:00z",0
"2024/03/13T04:57:00z",0
"2024/03/13T04:58:41z",0
"2024/03/13T05:00:41z",0
"2024/03/13T05:02:41z",0
"2024/03/13T05:04:41z",0.09
"2024/03/13T05:06:41z",0.14
"2024/03/13T05:08:41z",0.22
"2024/03/13T05:10:41z",0.18
"2024/03/13T05:12:41z",0
"2024/03/13T05:14:41z",0.05
"2024/03/13T05:16:41z",0
"2024/03/13T05:18:21z",0
"2024/03/13T05:20:21z",0
"2024/03/13T05:22:21z",0.09
"2024/03/13T05:24:21z",0.09
"2024/03/13T05:26:21z",0.05
"2024/03/13T05:28:21z",0.2
"2024/03/13T05:30:21z",0
"2024/03/13T05:32:21z",0
"2024/03/13T05:34:21z",0
"2024/03/13T05:36:21z",0
"2024/03/13T05:38:02z",0.02
"2024/03/13T05:40:02z",0
"2024/03/13T05:42:02z",0
"2024/03/13T05:44:02z",0.09
"2024/03/13T05:46:02z",0.25
"2024/03/13T05:48:02z",0.23
"2024/03/13T05:50:02z",0.14
"2024/03/13T05:52:02z",0
"2024/03/13T05:54:02z",0.19
"2024/03/13T05:56:02z",0.25
"2024/03/13T05:57:42z",0.11
"2024/03/13T05:59:42z",0.08
"2024/03/13T06:01:42z",0.07
"2024/03/13T06:03:42z",0
"2024/03/13T06:05:42z",0.05
"2024/03/13T06:07:42z",0.17
"2024/03/13T06:09:42z",0.14
"2024/03/13T06:11:42z",0.11
"2024/03/13T06:13:42z",0.02
"2024/03/13T06:15:42z",0
"2024/03/13T06:17:23z",0
"2024/03/13T06:19:23z",0.19
"2024/03/13T06:21:23z",0.07
"2024/03/13T06:23:23z",0
"2024/03/13T06:25:23z",0.25
"2024/03/13T06:27:23z",0.32
"2024/03/13T06:29:23z",0.1
"2024/03/13T06:31:23z",0
"2024/03/13T06:33:23z",0
"2024/03/13T06:35:23z",0.03
"2024/03/13T06:37:03z",0.29
"2024/03/13T06:39:03z",0.46
"2024/03/13T06:41:03z",0.23
"2024/03/13T06:43:03z",0.29
"2024/03/13T06:45:03z",0.19
"2024/03/13T06:47:03z",0.53
"2024/03/13T06:49:03z",0.26
"2024/03/13T06:51:03z",0.09
"2024/03/13T06:53:03z",0.26
"2024/03/13T06:55:03z",0.09
"2024/03/13T06:56:44z",0.98
"2024/03/13T06:58:44z",1.22
"2024/03/13T07:00:44z",0.53
"2024/03/13T07:02:44z",0.86
"2024/03/13T07:04:44z",0.39
"2024/03/13T07:06:44z",0.29
"2024/03/13T07:08:44z",0.24
"2024/03/13T07:10:44z",0.67
"2024/03/13T07:12:44z",0.86
"2024/03/13T07:14:44z",0.36
"2024/03/13T07:16:24z",0.5
"2024/03/13T07:18:24z",0.27
"2024/03/13T07:20:24z",0.49
"2024/03/13T07:22:24z",0.68
"2024/03/13T07:24:24z",0.61
"2024/03/13T07:26:24z",0.63
"2024/03/13T07:28:24z",0.91
"2024/03/13T07:30:24z",0.91
"2024/03/13T07:32:24z",0.44
"2024/03/13T07:34:24z",0.22
"2024/03/13T14:30:37z",1.15
"2024/03/13T14:32:37z",0.72
"2024/03/13T14:34:37z",1.19
"2024/03/13T14:36:37z",1.25
"2024/03/13T14:38:37z",0.9
"2024/03/13T14:40:37z",0.51
"2024/03/13T14:42:37z",0.97
"2024/03/13T14:44:37z",0.8
"2024/03/13T14:46:37z",0.71
"2024/03/13T14:48:37z",0.49
"2024/03/13T14:50:17z",0.02
"2024/03/13T14:52:17z",0.59
"2024/03/13T14:54:17z",1.35
"2024/03/13T14:56:17z",1.14
"2024/03/13T14:58:17z",0.38
"2024/03/13T15:00:17z",0.98
"2024/03/13T15:02:17z",0.91
"2024/03/13T15:04:17z",0.71
"2024/03/13T15:06:17z",0.74
"2024/03/13T15:08:17z",0.49
"2024/03/13T15:09:56z",0.64
"2024/03/13T15:11:56z",0.67
"2024/03/13T15:13:56z",0.2
"2024/03/13T15:15:56z",0.54
"2024/03/13T15:17:56z",0.17
"2024/03/13T15:19:56z",0.38
"2024/03/13T15:21:56z",0.53
"2024/03/13T15:23:56z",0
"2024/03/13T15:25:56z",0.5
"2024/03/13T15:27:56z",0.37
"2024/03/13T15:29:36z",0.11
"2024/03/13T15:31:36z",0.29
"2024/03/13T15:33:36z",0.07
"2024/03/13T15:35:36z",0.46
"2024/03/13T15:37:36z",0.08
"2024/03/13T15:39:36z",0.37
"2024/03/13T15:41:36z",0
"2024/03/13T15:43:36z",0.16
"2024/03/13T15:45:36z",0.14
"2024/03/13T15:47:36z",0
"2024/03/13T15:49:17z",0.4
"2024/03/13T15:51:17z",0
"2024/03/13T15:53:17z",0.3
"2024/03/13T15:55:17z",0.25
"2024/03/13T15:57:17z",0.68
"2024/03/13T15:59:17z",0.36
"2024/03/13T16:01:17z",0.25
"2024/03/13T16:03:17z",0
"2024/03/13T16:05:17z",0.14
"2024/03/13T16:07:17z",0.57
"2024/03/13T16:08:58z",0.33
"2024/03/13T16:10:58z",0.36
"2024/03/13T16:12:58z",0.04
"2024/03/13T16:14:58z",0.29
"2024/03/13T16:16:58z",0.22
"2024/03/13T16:18:58z",0.17
"2024/03/13T16:20:58z",0.16
"2024/03/13T16:22:58z",0.11
"2024/03/13T16:24:58z",0
"2024/03/13T16:26:58z",0
"2024/03/13T16:28:37z",0
"2024/03/13T16:30:37z",0
"2024/03/13T16:32:37z",0.32
"2024/03/13T16:34:37z",0.27
"2024/03/13T16:36:37z",0.08
"2024/03/13T16:38:37z",0.25
"2024/03/13T16:40:37z",0.14
"2024/03/13T16:42:37z",0
"2024/03/13T16:44:37z",0.09
"2024/03/13T16:46:37z",0
"2024/03/13T16:48:18z",0.16
"2024/03/13T16:50:18z",0
"2024/03/13T16:52:18z",0.71
"2024/03/13T16:54:18z",0.42
"2024/03/13T16:56:18z",0.03
"2024/03/13T16:58:18z",0.12
"2024/03/13T17:00:18z",0.16
"2024/03/13T17:02:18z",0.07
"2024/03/13T17:04:18z",0
"2024/03/13T17:06:18z",0
"2024/03/13T17:07:58z",0.24
"2024/03/13T17:09:58z",0.14
"2024/03/13T17:11:58z",0.09
"2024/03/13T17:13:58z",0.04
"2024/03/13T17:15:58z",0.03
"2024/03/13T17:17:58z",0
"2024/03/13T17:19:58z",0.26
"2024/03/13T17:21:58z",0.29
"2024/03/13T17:23:58z",0.31
"2024/03/13T17:25:58z",0.22
"2024/03/13T17:27:39z",0
"2024/03/13T17:29:39z",0.34
"2024/03/13T17:31:39z",0.18
"2024/03/13T17:33:39z",0
"2024/03/13T17:35:39z",0
"2024/03/13T17:37:39z",0
"2024/03/13T17:39:39z",0
"2024/03/13T17:41:39z",0
"2024/03/13T17:43:39z",0
"2024/03/13T17:45:39z",0.22
"2024/03/13T17:47:20z",0.17
"2024/03/13T17:49:20z",0.14
"2024/03/13T17:51:20z",0.02
"2024/03/13T17:53:20z",0.07
"2024/03/13T17:55:20z",0.26
"2024/03/13T17:57:20z",0.08
"2024/03/13T17:59:20z",0.09
"2024/03/13T18:01:20z",0.35
"2024/03/13T18:03:20z",0.03
"2024/03/13T18:05:20z",0
"2024/03/13T18:07:01z",0.31
"2024/03/13T18:09:01z",0.36
"2024/03/13T18:11:01z",0.3
"2024/03/13T18:13:01z",0.38
"2024/03/13T18:15:01z",0.03
"2024/03/13T18:17:01z",0.44
"2024/03/13T18:19:01z",0
"2024/03/13T18:21:01z",0.47
"2024/03/13T18:23:01z",0
"2024/03/13T18:25:01z",0.2
"2024/03/13T18:26:41z",0
"2024/03/13T18:28:41z",0.18
"2024/03/13T18:30:41z",0
"2024/03/13T18:32:41z",0.5
"2024/03/13T18:34:41z",0.08
"2024/03/13T18:36:41z",0.03
"2024/03/13T18:38:41z",0.09
"2024/03/13T18:40:41z",0.02
"2024/03/13T18:42:41z",0.12
"2024/03/13T18:44:41z",0.05
"2024/03/13T18:46:22z",0.19
"2024/03/13T18:48:22z",0
"2024/03/13T18:50:22z",0
"2024/03/13T18:52:22z",0
"2024/03/13T18:54:22z",0.14
"2024/03/13T18:56:22z",0
"2024/03/13T18:58:22z",0
"2024/03/13T19:00:22z",0
"2024/03/13T19:02:22z",0.04
"2024/03/13T19:04:22z",0.02
"2024/03/13T19:06:03z",0
"2024/03/13T19:08:03z",0.08
"2024/03/13T19:10:03z",0
"2024/03/13T19:12:03z",0
"2024/03/13T19:14:03z",0
"2024/03/13T19:16:03z",0
"2024/03/13T19:18:03z",0.05
"2024/03/13T19:20:03z",0
"2024/03/13T19:22:03z",0.16
"2024/03/13T19:24:03z",0.1
"2024/03/13T19:25:44z",0.11
"2024/03/13T19:27:44z",0.22
"2024/03/13T19:29:44z",0
"2024/03/13T19:31:44z",0.26
"2024/03/13T19:33:44z",0
"2024/03/13T19:35:44z",0.25
"2024/03/13T19:37:44z",0.16
"2024/03/13T19:39:44z",0.05
"2024/03/13T19:41:44z",0.03
"2024/03/13T19:43:44z",0
"2024/03/13T19:45:24z",0
"2024/03/13T19:47:24z",0.05
"2024/03/13T19:49:24z",2.14
"2024/03/13T19:51:24z",0.19
"2024/03/13T19:53:24z",0
"2024/03/13T19:55:24z",0
"2024/03/13T19:57:24z",0
"2024/03/13T19:59:24z",0.18
"2024/03/13T20:01:24z",0.23
"2024/03/13T20:03:24z",0
"2024/03/13T20:05:05z",0.16
"2024/03/13T20:07:05z",0
"2024/03/13T20:09:05z",0
"2024/03/13T20:11:05z",0
"2024/03/13T20:13:05z",0
"2024/03/13T20:15:05z",0.1
"2024/03/13T20:17:05z",0
"2024/03/13T20:19:05z",0
"2024/03/13T20:21:05z",0.12
"2024/03/13T20:23:05z",0.12
"2024/03/13T20:24:46z",0
"2024/03/13T20:26:46z",0
"2024/03/13T20:28:46z",0
"2024/03/13T20:30:46z",0
"2024/03/13T20:32:46z",0.24
"2024/03/13T20:34:46z",0.08
"2024/03/13T20:36:46z",0.22
"2024/03/13T20:38:46z",0
"2024/03/13T20:40:46z",0.11
"2024/03/13T20:42:46z",0
"2024/03/13T20:44:26z",0
"2024/03/13T20:46:26z",0.44
"2024/03/13T20:48:26z",0.22
"2024/03/13T20:50:26z",0.16
"2024/03/13T20:52:26z",0
"2024/03/13T20:54:26z",0.07
"2024/03/13T20:56:26z",0
"2024/03/13T20:58:26z",0
"2024/03/13T21:00:26z",0
"2024/03/13T21:02:26z",0
"2024/03/13T21:04:07z",0
"2024/03/13T21:06:07z",0
"2024/03/13T21:08:07z",0
"2024/03/13T21:10:07z",0.12
"2024/03/13T21:12:07z",0.17
"2024/03/13T21:14:07z",0
"2024/03/13T21:16:07z",0.28
"2024/03/13T21:18:07z",0.41
"2024/03/13T21:20:07z",0
"2024/03/13T21:22:07z",0
"2024/03/13T21:23:47z",0.25
"2024/03/13T21:25:47z",0
"2024/03/13T21:27:47z",0
"2024/03/13T21:29:47z",0
"2024/03/13T21:31:47z",0.17
"2024/03/13T21:33:47z",0.17
"2024/03/13T21:35:47z",0
"2024/03/13T21:37:47z",0
"2024/03/13T21:39:47z",0
"2024/03/13T21:41:47z",0.05
"2024/03/13T21:43:28z",0.18
"2024/03/13T21:45:28z",0
"2024/03/13T21:47:28z",0.05
"2024/03/13T21:49:28z",0.14
"2024/03/13T21:51:28z",0.08
"2024/03/13T21:53:28z",0.22
"2024/03/13T21:55:28z",0
"2024/03/13T21:57:28z",0
"2024/03/13T21:59:28z",0.33
"2024/03/13T22:01:28z",0.22
"2024/03/13T22:03:08z",0.29
"2024/03/13T22:05:08z",0.53
"2024/03/13T22:07:08z",0.3
"2024/03/13T22:09:08z",0.71
"2024/03/13T22:11:08z",0
"2024/03/13T22:13:08z",0.42
"2024/03/13T22:15:08z",0.07
"2024/03/13T22:17:08z",0.25
"2024/03/13T22:19:08z",0.21
"2024/03/13T22:21:08z",1.34
"2024/03/13T22:22:49z",0.37
"2024/03/13T22:24:49z",0.64
"2024/03/13T22:26:49z",0.46
"2024/03/13T22:28:49z",3.8
"2024/03/13T22:30:49z",1.29
"2024/03/13T22:32:49z",1.14
"2024/03/13T22:34:49z",1.16
"2024/03/13T22:36:49z",1.52
"2024/03/13T22:38:49z",1.21
"2024/03/13T22:40:49z",0.22
"2024/03/13T22:42:29z",0.09
"2024/03/13T22:44:29z",0.66
"2024/03/13T22:46:29z",0.47
"2024/03/13T22:48:29z",0.36
"2024/03/13T22:50:29z",0.66
"2024/03/13T22:52:29z",0.41
"2024/03/13T22:54:29z",0.67
"2024/03/13T22:56:29z",0.23
"2024/03/13T22:58:29z",0.17
"2024/03/13T23:00:29z",0.17
"2024/03/13T23:02:10z",0
"2024/03/13T23:04:10z",0.17
"2024/03/13T23:06:10z",0.07
"2024/03/13T23:08:10z",0
"2024/03/13T23:10:10z",0
"2024/03/13T23:12:10z",0.32
"2024/03/13T23:14:10z",0.74
"2024/03/13T23:16:10z",0.21
"2024/03/13T23:18:10z",0.91
"2024/03/13T23:20:10z",1.5
"2024/03/13T23:21:51z",0.13
"2024/03/13T23:23:51z",0.37
"2024/03/13T23:25:51z",0.23
"2024/03/13T23:27:51z",0.8
"2024/03/13T23:29:51z",0.78
"2024/03/13T23:31:51z",0.24
"2024/03/13T23:33:51z",0.21
"2024/03/13T23:35:51z",0.18
"2024/03/13T23:37:51z",0
"2024/03/13T23:39:51z",0
"2024/03/13T23:41:31z",0.07
"2024/03/13T23:43:31z",0.05
"2024/03/13T23:45:31z",0.04
"2024/03/13T23:47:31z",0.11
"2024/03/13T23:49:31z",0.21
"2024/03/13T23:51:31z",0
"2024/03/13T23:53:31z",0.29
"2024/03/13T23:55:31z",0.16
"2024/03/13T23:57:31z",0.1
"2024/03/13T23:59:31z",0
"2024/03/14T00:01:11z",0.22
"2024/03/14T00:03:11z",0.21
"2024/03/14T00:05:11z",0.09
"2024/03/14T00:07:11z",0.05
"2024/03/14T00:09:11z",0.21
"2024/03/14T00:11:11z",0.14
"2024/03/14T00:13:11z",0.21
"2024/03/14T00:15:11z",0.13
"2024/03/14T00:17:11z",0.29
"2024/03/14T00:19:11z",0
"2024/03/14T00:20:52z",0
"2024/03/14T00:22:52z",0
"2024/03/14T00:24:52z",0.12
"2024/03/14T00:26:52z",0.25
"2024/03/14T00:28:52z",0.26
"2024/03/14T00:30:52z",0.23
"2024/03/14T00:32:52z",0.18
"2024/03/14T00:34:52z",0.2
"2024/03/14T00:36:52z",0.07
"2024/03/14T00:38:52z",0
"2024/03/14T00:40:32z",0.09
"2024/03/14T00:42:32z",0.17
"2024/03/14T00:44:32z",0.11
"2024/03/14T00:46:32z",0.21
"2024/03/14T00:48:32z",0
"2024/03/14T00:50:32z",0.1
"2024/03/14T00:52:32z",0.2
"2024/03/14T00:54:32z",0.29
"2024/03/14T00:56:32z",0.3
"2024/03/14T00:58:32z",0.24
"2024/03/14T01:00:12z",0.31
"2024/03/14T01:02:12z",0.74
"2024/03/14T01:04:12z",0.23
"2024/03/14T01:06:12z",0
"2024/03/14T01:08:12z",0.72
"2024/03/14T01:10:12z",0.32
"2024/03/14T01:12:12z",0
"2024/03/14T01:14:12z",0
"2024/03/14T01:16:12z",0.07
"2024/03/14T01:18:12z",0.14
"2024/03/14T01:19:52z",0.22
"2024/03/14T01:21:52z",0
"2024/03/14T01:23:52z",0.23
"2024/03/14T01:25:52z",0.37
"2024/03/14T01:27:52z",0.25
"2024/03/14T01:29:52z",0.12
"2024/03/14T01:31:52z",0.29
"2024/03/14T01:33:52z",0.41
"2024/03/14T01:35:52z",0.12
"2024/03/14T01:37:52z",0
"2024/03/14T01:39:33z",0.22
"2024/03/14T01:41:33z",0.36
"2024/03/14T01:43:33z",0
"2024/03/14T01:45:33z",0
"2024/03/14T01:47:33z",0.19
"2024/03/14T01:49:33z",0.3
"2024/03/14T01:51:33z",0.04
"2024/03/14T01:53:33z",0
"2024/03/14T01:55:33z",0.03
"2024/03/14T01:57:33z",0
"2024/03/14T01:59:14z",0
"2024/03/14T02:01:14z",0.19
"2024/03/14T02:03:14z",0
"2024/03/14T02:05:14z",0.21
"2024/03/14T02:07:14z",0.29
"2024/03/14T02:09:14z",0
"2024/03/14T02:11:14z",0.17
"2024/03/14T02:13:14z",0.07
"2024/03/14T02:15:14z",0.1
"2024/03/14T02:17:14z",0
"2024/03/14T02:18:54z",0
"2024/03/14T02:20:54z",0.07
"2024/03/14T02:22:54z",0.02
"2024/03/14T02:24:54z",0
"2024/03/14T02:26:54z",0.44
"2024/03/14T02:28:54z",0.26
"2024/03/14T02:30:54z",0.08
"2024/03/14T02:32:54z",0
"2024/03/14T02:34:54z",0.25
"2024/03/14T02:36:54z",0.2
"2024/03/14T02:38:35z",0.07
"2024/03/14T02:40:35z",0
"2024/03/14T02:42:35z",0.3
"2024/03/14T02:44:35z",0.39
"2024/03/14T02:46:35z",0.4
"2024/03/14T02:48:35z",0.2
"2024/03/14T02:50:35z",0.35
"2024/03/14T02:52:35z",0.36
"2024/03/14T02:54:35z",0.31
"2024/03/14T02:56:35z",0.1
"2024/03/14T02:58:16z",0
"2024/03/14T03:00:16z",0.12
"2024/03/14T03:02:16z",0.09
"2024/03/14T03:04:16z",0.12
"2024/03/14T03:06:16z",0.08
"2024/03/14T03:08:16z",0.13
"2024/03/14T03:10:16z",0.31
"2024/03/14T03:12:16z",0.68
"2024/03/14T03:14:16z",0.34
"2024/03/14T03:16:16z",0.34
"2024/03/14T03:17:56z",0.11
"2024/03/14T03:19:56z",0.46
"2024/03/14T03:21:56z",0.21
"2024/03/14T03:23:56z",0.14
"2024/03/14T03:25:56z",0.76
"2024/03/14T03:27:56z",0.59
"2024/03/14T03:29:56z",0.24
"2024/03/14T03:31:56z",0.27
"2024/03/14T03:33:56z",0.88
"2024/03/14T03:35:56z",0.37
"2024/03/14T03:37:36z",0.64
"2024/03/14T03:39:36z",0.8
"2024/03/14T03:41:36z",0.82
"2024/03/14T03:43:36z",0.31
"2024/03/14T03:45:36z",0.78
"2024/03/14T03:47:36z",0.37
"2024/03/14T03:49:36z",0.67
"2024/03/14T03:51:36z",0.54
"2024/03/14T03:53:36z",0.64
"2024/03/14T03:55:36z",0.34
"2024/03/14T03:57:17z",0.2
"2024/03/14T03:59:17z",0.19
"2024/03/14T04:01:17z",0.39
"2024/03/14T04:03:17z",0.47
"2024/03/14T04:05:17z",0.64
"2024/03/14T04:07:17z",0.58
"2024/03/14T04:09:17z",0.22
"2024/03/14T04:11:17z",0.05
"2024/03/14T04:13:17z",0.57
"2024/03/14T04:15:17z",0.22
"2024/03/14T04:16:58z",0.09
"2024/03/14T04:18:58z",0.64
"2024/03/14T04:20:58z",0.28
"2024/03/14T04:22:58z",0.35
"2024/03/14T04:24:58z",0.5
"2024/03/14T04:26:58z",0.87
"2024/03/14T04:28:58z",0.42
"2024/03/14T04:30:58z",0.7
"2024/03/14T04:32:58z",0.9
"2024/03/14T04:34:58z",0.52
"2024/03/14T04:36:38z",0.78
"2024/03/14T04:38:38z",0.68
"2024/03/14T04:40:38z",0.25
"2024/03/14T04:42:38z",0.46
"2024/03/14T04:44:38z",0.75
"2024/03/14T04:46:38z",0.59
"2024/03/14T04:48:38z",0.09
"2024/03/14T04:50:38z",0
"2024/03/14T04:52:38z",0
"2024/03/14T04:54:38z",0.41
"2024/03/14T04:56:19z",0.43
"2024/03/14T04:58:19z",0
"2024/03/14T05:00:19z",0.39
"2024/03/14T05:02:19z",0
"2024/03/14T05:04:19z",0.36
"2024/03/14T05:06:19z",0.31
"2024/03/14T05:08:19z",0
"2024/03/14T05:10:19z",0.02
"2024/03/14T05:12:19z",0.09
"2024/03/14T05:14:19z",0.32
"2024/03/14T05:15:59z",0.13
"2024/03/14T05:17:59z",0.15
"2024/03/14T05:19:59z",0.63
"2024/03/14T05:21:59z",0.11
"2024/03/14T05:23:59z",0.02
"2024/03/14T05:25:59z",0.2
"2024/03/14T05:27:59z",0.48
"2024/03/14T05:29:59z",0.23
"2024/03/14T05:31:59z",0.38
"2024/03/14T05:33:59z",0.17
"2024/03/14T05:35:40z",0
"2024/03/14T05:37:40z",0.16
"2024/03/14T05:39:40z",0.37
"2024/03/14T05:41:40z",0.18
"2024/03/14T05:43:40z",0.31
"2024/03/14T05:45:40z",0.12
"2024/03/14T05:47:40z",0.14
"2024/03/14T05:49:40z",0.5
"2024/03/14T05:51:40z",0.59
"2024/03/14T05:53:40z",0.36
"2024/03/14T05:55:21z",0
"2024/03/14T05:57:21z",0.02
"2024/03/14T05:59:21z",0.23
"2024/03/14T06:01:21z",0.2
"2024/03/14T06:03:21z",0.08
"2024/03/14T06:05:21z",0.19
"2024/03/14T06:07:21z",0.62
"2024/03/14T06:09:21z",0.02
"2024/03/14T06:11:21z",0.29
"2024/03/14T06:13:21z",0.21
"2024/03/14T06:15:01z",0.27
"2024/03/14T06:17:01z",0.05
"2024/03/14T06:19:01z",0
"2024/03/14T06:21:01z",0.05
"2024/03/14T06:23:01z",0.21
"2024/03/14T06:25:01z",0.24
"2024/03/14T06:27:01z",0
"2024/03/14T06:29:01z",0.16
"2024/03/14T06:31:01z",0.03
"2024/03/14T06:33:01z",0.02
"2024/03/14T06:34:42z",0.41
"2024/03/14T06:36:42z",0.23
"2024/03/14T06:38:42z",0.21
"2024/03/14T06:40:42z",0.18
"2024/03/14T06:42:42z",0.53
"2024/03/14T06:44:42z",0.46
"2024/03/14T06:46:42z",0.59
"2024/03/14T06:48:42z",0.42
"2024/03/14T06:50:42z",0
"2024/03/14T06:52:42z",0.27
"2024/03/14T06:54:22z",0.3
"2024/03/14T06:56:22z",0.16
"2024/03/14T06:58:22z",0.05
"2024/03/14T07:00:22z",0.38
"2024/03/14T07:02:22z",0.12
"2024/03/14T07:04:22z",0.22
"2024/03/14T07:06:22z",1.03
"2024/03/14T07:08:22z",0.04
"2024/03/14T07:10:22z",0
"2024/03/14T07:12:22z",0.02
"2024/03/14T07:14:03z",0.11
"2024/03/14T07:16:03z",0.32
"2024/03/14T07:18:03z",0.21
"2024/03/14T07:20:03z",0.09
"2024/03/14T07:22:03z",0.2
"2024/03/14T07:24:03z",0
"2024/03/14T07:26:03z",0.16
"2024/03/14T07:28:03z",0.36
"2024/03/14T07:30:03z",0.14
"2024/03/14T07:32:02z",0.38
"2024/03/14T07:33:43z",0.18
"2024/03/14T07:35:43z",0.19
"2024/03/14T07:37:43z",0.42
"2024/03/14T07:39:43z",0.45
"2024/03/14T07:41:43z",0.64
"2024/03/14T07:43:43z",0.39
"2024/03/14T07:45:43z",0.21
"2024/03/14T07:47:43z",0.45
"2024/03/14T07:49:43z",0.26
"2024/03/14T07:51:43z",0.53
"2024/03/14T07:53:24z",0.63
"2024/03/14T07:55:24z",0
"2024/03/14T07:57:24z",0.75
"2024/03/14T07:59:24z",0.75
"2024/03/14T08:01:24z",0.1
"2024/03/14T08:03:24z",0.72
"2024/03/14T08:05:24z",0
"2024/03/14T08:07:24z",0.35
"2024/03/14T08:09:24z",0.55
"2024/03/14T08:11:24z",0.36
"2024/03/14T08:13:04z",0.38
"2024/03/14T08:15:04z",0.48
"2024/03/14T08:17:04z",0.86
"2024/03/14T08:19:04z",0.09
"2024/03/14T08:21:04z",0.32
"2024/03/14T08:23:04z",0.36
"2024/03/14T08:25:04z",0.46
"2024/03/14T08:27:04z",0.77
"2024/03/14T08:29:04z",0.68
"2024/03/14T08:31:04z",0
"2024/03/14T08:32:45z",0
"2024/03/14T08:34:45z",0.37
"2024/03/14T08:36:45z",0.09
"2024/03/14T08:38:45z",0.04
"2024/03/14T08:40:45z",0.17
"2024/03/14T08:42:45z",0.52
"2024/03/14T08:44:45z",0.41
"2024/03/14T08:46:45z",0.4
"2024/03/14T08:48:45z",0.5
"2024/03/14T08:50:45z",0.71
"2024/03/14T08:52:25z",0.51
"2024/03/14T08:54:25z",0.6
"2024/03/14T08:56:25z",0.28
"2024/03/14T08:58:25z",0.12
"2024/03/14T09:00:25z",0.19
"2024/03/14T09:02:25z",0.13
"2024/03/14T09:04:25z",0
"2024/03/14T09:06:25z",0.4
"2024/03/14T09:08:25z",0.25
"2024/03/14T09:10:25z",0.35
"2024/03/14T09:12:06z",0.07
"2024/03/14T09:14:06z",0.12
"2024/03/14T09:16:06z",0.31
"2024/03/14T09:18:06z",0.14
"2024/03/14T09:20:06z",0.28
"2024/03/14T09:22:06z",0.51
"2024/03/14T09:24:06z",0.12
"2024/03/14T09:26:06z",0.21
"2024/03/14T09:28:06z",0.14
"2024/03/14T09:30:06z",0.17
"2024/03/14T10:30:59z",0.96
"2024/03/14T10:32:59z",0.56
"2024/03/14T10:34:59z",0.57
"2024/03/14T10:36:59z",0.39
"2024/03/14T10:38:59z",0.86
"2024/03/14T10:40:59z",0.46
"2024/03/14T10:42:59z",0.45
"2024/03/14T10:44:59z",0.75
"2024/03/14T10:46:59z",0.76
"2024/03/14T10:48:59z",0.88
"2024/03/14T14:27:49z",1.33
"2024/03/14T14:29:49z",0.81
"2024/03/14T14:31:49z",0.4
"2024/03/14T14:33:49z",0.2
"2024/03/14T14:35:49z",0.24
"2024/03/14T14:37:49z",0.03
"2024/03/14T14:39:49z",0.32
"2024/03/14T14:41:49z",0.2
"2024/03/14T14:43:49z",0.48
"2024/03/14T14:45:49z",0.42
"2024/03/14T14:47:30z",0.09
"2024/03/14T14:49:30z",0.27
"2024/03/14T14:51:30z",0.17
"2024/03/14T14:53:30z",0.26
"2024/03/14T14:55:30z",0.43
"2024/03/14T14:57:30z",0.05
"2024/03/14T14:59:30z",0
"2024/03/14T15:01:30z",0.49
"2024/03/14T15:03:30z",0.45
"2024/03/14T15:05:30z",0
"2024/03/14T15:07:10z",0.11
"2024/03/14T15:09:10z",0.5
"2024/03/14T15:11:10z",0.67
"2024/03/14T15:13:10z",0.29
"2024/03/14T15:15:10z",0.42
"2024/03/14T15:17:10z",0
"2024/03/14T15:19:10z",0.14
"2024/03/14T15:21:10z",0.48
"2024/03/14T15:23:10z",0.28
"2024/03/14T15:25:10z",0.25
"2024/03/14T15:26:51z",0.02
"2024/03/14T15:28:51z",0
"2024/03/14T15:30:51z",0
"2024/03/14T15:32:51z",0.16
"2024/03/14T15:34:51z",0.24
"2024/03/14T15:36:51z",0.12
"2024/03/14T15:38:51z",0
"2024/03/14T15:40:51z",0.04
"2024/03/14T15:42:51z",0.3
"2024/03/14T15:44:51z",0
"2024/03/14T15:46:31z",0
"2024/03/14T15:48:31z",0
"2024/03/14T15:50:31z",0
"2024/03/14T15:52:31z",0.05
"2024/03/14T15:54:31z",0.15
"2024/03/14T15:56:31z",0.19
"2024/03/14T15:58:31z",0.16
"2024/03/14T16:00:31z",0.41
"2024/03/14T16:02:31z",0
"2024/03/14T16:04:31z",0.21
"2024/03/14T16:06:12z",0.29
"2024/03/14T16:08:12z",0.08
"2024/03/14T16:10:12z",0.6
"2024/03/14T16:12:12z",0.25
"2024/03/14T16:14:12z",0.63
"2024/03/14T16:16:12z",0.43
"2024/03/14T16:18:12z",0.4
"2024/03/14T16:20:12z",0.23
"2024/03/14T16:22:12z",0.28
"2024/03/14T16:24:12z",0.19
"2024/03/14T16:25:53z",0.24
"2024/03/14T16:27:53z",0.14
"2024/03/14T16:29:53z",0.05
"2024/03/14T16:31:52z",0
"2024/03/14T16:33:52z",0.55
"2024/03/14T16:35:52z",0.14
"2024/03/14T16:37:52z",0.21
"2024/03/14T16:39:52z",0.33
"2024/03/14T16:41:52z",0.12
"2024/03/14T16:43:52z",0.3
"2024/03/14T16:45:33z",0.47
"2024/03/14T16:47:33z",0.31
"2024/03/14T16:49:33z",0.19
"2024/03/14T16:51:33z",0.21
"2024/03/14T16:53:33z",0
"2024/03/14T16:55:33z",0
"2024/03/14T16:57:33z",0.29
"2024/03/14T16:59:33z",0.11
"2024/03/14T17:01:33z",0.71
"2024/03/14T17:03:33z",0.22
"2024/03/14T17:05:13z",0.24
"2024/03/14T17:07:13z",0.38
"2024/03/14T17:09:13z",0.2
"2024/03/14T17:11:13z",0.46
"2024/03/14T17:13:13z",0.17
"2024/03/14T17:15:13z",0.29
"2024/03/14T17:17:13z",0.47
"2024/03/14T17:19:13z",0.32
"2024/03/14T17:21:13z",0.38
"2024/03/14T17:23:13z",0.19
"2024/03/14T17:24:54z",0.31
"2024/03/14T17:26:54z",0
"2024/03/14T17:28:54z",0.32
"2024/03/14T17:30:54z",0.23
"2024/03/14T17:32:54z",0.35
"2024/03/14T17:34:54z",0.66
"2024/03/14T17:36:54z",0
"2024/03/14T17:38:54z",0.27
"2024/03/14T17:40:54z",0.28
"2024/03/14T17:42:54z",0.58
"2024/03/14T17:44:34z",0.33
"2024/03/14T17:46:34z",0.15
"2024/03/14T17:48:34z",0.32
"2024/03/14T17:50:34z",0.24
"2024/03/14T17:52:34z",0.07
"2024/03/14T17:54:34z",0.54
"2024/03/14T17:56:34z",0.47
"2024/03/14T17:58:34z",0.23
"2024/03/14T18:00:34z",0.33
"2024/03/14T18:02:34z",0.31
"2024/03/14T18:04:15z",0
"2024/03/14T18:06:15z",0.22
"2024/03/14T18:08:15z",0
"2024/03/14T18:10:15z",0.32
"2024/03/14T18:12:15z",0.27
"2024/03/14T18:14:15z",0.14
"2024/03/14T18:16:15z",0.05
"2024/03/14T18:18:15z",0.45
"2024/03/14T18:20:15z",0.24
"2024/03/14T18:22:15z",0.41
"2024/03/14T18:23:56z",0.09
"2024/03/14T18:25:56z",0.19
"2024/03/14T18:27:56z",0.12
"2024/03/14T18:29:56z",0
"2024/03/14T18:31:56z",0.08
"2024/03/14T18:33:56z",0.25
"2024/03/14T18:35:56z",0.14
"2024/03/14T18:37:56z",0.41
"2024/03/14T18:39:56z",0.14
"2024/03/14T18:41:56z",0.23
"2024/03/14T18:43:36z",0.22
"2024/03/14T18:45:36z",0.51
"2024/03/14T18:47:36z",0
"2024/03/14T18:49:36z",0.16
"2024/03/14T18:51:36z",0
"2024/03/14T18:53:36z",0.28
"2024/03/14T18:55:36z",0
"2024/03/14T18:57:36z",0.02
"2024/03/14T18:59:36z",0
"2024/03/14T19:01:36z",0
"2024/03/14T19:03:16z",0
"2024/03/14T19:05:16z",0
"2024/03/14T19:07:16z",0
"2024/03/14T19:09:16z",0.21
"2024/03/14T19:11:16z",0.15
"2024/03/14T19:13:16z",0
"2024/03/14T19:15:16z",0
"2024/03/14T19:17:16z",0
"2024/03/14T19:19:16z",0.19
"2024/03/14T19:21:16z",0
"2024/03/14T19:22:57z",0.11
"2024/03/14T19:24:57z",0.32
"2024/03/14T19:26:57z",0.22
"2024/03/14T19:28:57z",0.22
"2024/03/14T19:30:57z",0.17
"2024/03/14T19:32:57z",0
"2024/03/14T19:34:57z",0
"2024/03/14T19:36:57z",0.2
"2024/03/14T19:38:57z",0.14
"2024/03/14T19:40:57z",0.09
"2024/03/14T19:42:38z",0.09
"2024/03/14T19:44:38z",0.24
"2024/03/14T19:46:38z",0.52
"2024/03/14T19:48:38z",0.32
"2024/03/14T19:50:38z",0.38
"2024/03/14T19:52:38z",0.14
"2024/03/14T19:54:38z",0.14
"2024/03/14T19:56:38z",0.09
"2024/03/14T19:58:38z",0.02
"2024/03/14T20:00:38z",0
"2024/03/14T20:02:18z",0
"2024/03/14T20:04:18z",0.12
"2024/03/14T20:06:18z",0.23
"2024/03/14T20:08:18z",0.14
"2024/03/14T20:10:18z",0.28
"2024/03/14T20:12:18z",0.07
"2024/03/14T20:14:18z",0.05
"2024/03/14T20:16:18z",0.41
"2024/03/14T20:18:18z",0.08
"2024/03/14T20:20:18z",0.25
"2024/03/14T20:21:59z",0.27
"2024/03/14T20:23:59z",0.38
"2024/03/14T20:25:59z",0.1
"2024/03/14T20:27:59z",0.18
"2024/03/14T20:29:59z",0
"2024/03/14T20:31:59z",0
"2024/03/14T20:33:59z",0
"2024/03/14T20:35:59z",0.02
"2024/03/14T20:37:59z",0.29
"2024/03/14T20:39:59z",0.25
"2024/03/14T20:41:39z",0.27
"2024/03/14T20:43:39z",0
"2024/03/14T20:45:39z",0
"2024/03/14T20:47:39z",0.02
"2024/03/14T20:49:39z",0.17
"2024/03/14T20:51:39z",0.19
"2024/03/14T20:53:39z",0.31
"2024/03/14T20:55:39z",0.3
"2024/03/14T20:57:39z",0.47
"2024/03/14T20:59:39z",0.17
"2024/03/14T21:01:20z",0
"2024/03/14T21:03:20z",0
"2024/03/14T21:05:20z",0.07
"2024/03/14T21:07:20z",0.09
"2024/03/14T21:09:20z",0.09
"2024/03/14T21:11:20z",0.2
"2024/03/14T21:13:20z",0.07
"2024/03/14T21:15:20z",0
"2024/03/14T21:17:20z",0
"2024/03/14T21:19:20z",0
"2024/03/14T21:21:00z",0.47
"2024/03/14T21:23:00z",0.18
"2024/03/14T21:25:00z",0.4
"2024/03/14T21:27:00z",0.19
"2024/03/14T21:29:00z",0.22
"2024/03/14T21:31:00z",0
"2024/03/14T21:33:00z",0.05
"2024/03/14T21:35:00z",0
"2024/03/14T21:37:00z",0.1
"2024/03/14T21:39:00z",0.03
"2024/03/14T21:40:41z",0.26
"2024/03/14T21:42:41z",0.41
"2024/03/14T21:44:41z",0.16
"2024/03/14T21:46:41z",0.09
"2024/03/14T21:48:41z",0
"2024/03/14T21:50:41z",0.17
"2024/03/14T21:52:41z",0.1
"2024/03/14T21:54:41z",0.32
"2024/03/14T21:56:41z",0.12
"2024/03/14T21:58:41z",0.34
"2024/03/14T22:00:21z",0
"2024/03/14T22:02:21z",0.4
"2024/03/14T22:04:21z",0.5
"2024/03/14T22:06:21z",0.04
"2024/03/14T22:08:21z",0.26
"2024/03/14T22:10:21z",0.1
"2024/03/14T22:12:21z",0
"2024/03/14T22:14:21z",0.23
"2024/03/14T22:16:21z",0.35
"2024/03/14T22:18:21z",0.02
"2024/03/14T22:20:02z",0
"2024/03/14T22:22:02z",0
"2024/03/14T22:24:02z",0
"2024/03/14T22:26:02z",0.09
"2024/03/14T22:28:02z",0.19
"2024/03/14T22:30:02z",0.47
"2024/03/14T22:32:02z",0
"2024/03/14T22:34:02z",0.36
"2024/03/14T22:36:02z",0
"2024/03/14T22:38:02z",0.08
"2024/03/14T22:39:43z",0.09
"2024/03/14T22:41:43z",0.14
"2024/03/14T22:43:43z",0.21
"2024/03/14T22:45:43z",0.32
"2024/03/14T22:47:43z",0.24
"2024/03/14T22:49:43z",0.24
"2024/03/14T22:51:43z",0
"2024/03/14T22:53:43z",0.14
"2024/03/14T22:55:43z",0.33
"2024/03/14T22:57:43z",0.76
"2024/03/14T22:59:23z",0.11
"2024/03/14T23:01:23z",0.32
"2024/03/14T23:03:23z",0
"2024/03/14T23:05:23z",0.25
"2024/03/14T23:07:23z",0
"2024/03/14T23:09:23z",0.21
"2024/03/14T23:11:23z",0.78
"2024/03/14T23:13:23z",0.02
"2024/03/14T23:15:23z",0.15
"2024/03/14T23:17:23z",0.09
"2024/03/14T23:19:04z",0
"2024/03/14T23:21:04z",0.19
"2024/03/14T23:23:04z",0.14
"2024/03/14T23:25:04z",0.36
"2024/03/14T23:27:04z",0.12
"2024/03/14T23:29:04z",0
"2024/03/14T23:31:04z",0.26
"2024/03/14T23:33:04z",0.21
"2024/03/14T23:35:04z",0
"2024/03/14T23:37:04z",0.12
"2024/03/14T23:38:44z",0.11
"2024/03/14T23:40:44z",0.07
"2024/03/14T23:42:44z",0
"2024/03/14T23:44:44z",0.18
"2024/03/14T23:46:44z",0.32
"2024/03/14T23:48:44z",0.24
"2024/03/14T23:50:44z",0.09
"2024/03/14T23:52:44z",0
"2024/03/14T23:54:44z",0.31
"2024/03/14T23:56:44z",0.19
"2024/03/14T23:58:25z",0
"2024/03/15T00:00:25z",0
"2024/03/15T00:02:25z",0.04
"2024/03/15T00:04:25z",0
"2024/03/15T00:06:25z",0
"2024/03/15T00:08:25z",0.12
"2024/03/15T00:10:25z",0.07
"2024/03/15T00:12:25z",0
"2024/03/15T00:14:25z",0.28
"2024/03/15T00:16:25z",0.08
"2024/03/15T00:18:05z",0.2
"2024/03/15T00:20:05z",0.14
"2024/03/15T00:22:05z",0.07
"2024/03/15T00:24:05z",0
"2024/03/15T00:26:05z",0.07
"2024/03/15T00:28:05z",0
"2024/03/15T00:30:05z",0.02
"2024/03/15T00:32:05z",0.02
"2024/03/15T00:34:05z",0.05
"2024/03/15T00:36:05z",0
"2024/03/15T00:37:45z",0.33
"2024/03/15T00:39:45z",0
"2024/03/15T00:41:45z",0.14
"2024/03/15T00:43:45z",0
"2024/03/15T00:45:45z",0.14
"2024/03/15T00:47:45z",0.08
"2024/03/15T00:49:45z",0.07
"2024/03/15T00:51:45z",0.56
"2024/03/15T00:53:45z",0.22
"2024/03/15T00:55:45z",0.02
"2024/03/15T00:57:26z",0
"2024/03/15T00:59:26z",0.03
"2024/03/15T01:01:26z",0
"2024/03/15T01:03:26z",0
"2024/03/15T01:05:26z",0.16
"2024/03/15T01:07:26z",0.08
"2024/03/15T01:09:26z",0
"2024/03/15T01:11:26z",0.32
"2024/03/15T01:13:26z",0
"2024/03/15T01:15:26z",0
"2024/03/15T01:17:06z",0
"2024/03/15T01:19:06z",0
"2024/03/15T01:21:06z",0
"2024/03/15T01:23:06z",0
"2024/03/15T01:25:06z",0.08
"2024/03/15T01:27:06z",0
"2024/03/15T01:29:06z",0.07
"2024/03/15T01:31:06z",0.11
"2024/03/15T01:33:06z",0.4
"2024/03/15T01:35:06z",0
"2024/03/15T01:36:47z",0
"2024/03/15T01:38:47z",0.38
"2024/03/15T01:40:47z",0
"2024/03/15T01:42:47z",0
"2024/03/15T01:44:47z",0
"2024/03/15T01:46:47z",0
"2024/03/15T01:48:47z",0
"2024/03/15T01:50:47z",0
"2024/03/15T01:52:47z",0.09
"2024/03/15T01:54:47z",0.14
"2024/03/15T01:56:27z",0
"2024/03/15T01:58:27z",0.15
"2024/03/15T02:00:27z",0
"2024/03/15T02:02:27z",0
"2024/03/15T02:04:27z",0
"2024/03/15T02:06:27z",0
"2024/03/15T02:08:27z",0.03
"2024/03/15T02:10:27z",0.16
"2024/03/15T02:12:27z",0
"2024/03/15T02:14:27z",0
"2024/03/15T02:16:08z",0
"2024/03/15T02:18:08z",0
"2024/03/15T02:20:08z",0
"2024/03/15T02:22:08z",0.16
"2024/03/15T02:24:08z",0
"2024/03/15T02:26:08z",0.12
"2024/03/15T02:28:08z",0
"2024/03/15T02:30:08z",0
"2024/03/15T02:32:08z",0
"2024/03/15T02:34:08z",0
"2024/03/15T02:35:48z",0
"2024/03/15T02:37:48z",0
"2024/03/15T02:39:48z",0
"2024/03/15T02:41:48z",0.09
"2024/03/15T02:43:48z",0.17
"2024/03/15T02:45:48z",0.03
"2024/03/15T02:47:48z",0
"2024/03/15T02:49:48z",0
"2024/03/15T02:51:48z",0
"2024/03/15T02:53:48z",0
"2024/03/15T02:55:29z",0
"2024/03/15T02:57:29z",0
"2024/03/15T02:59:29z",0
"2024/03/15T03:01:29z",0.12
"2024/03/15T03:03:29z",0.59
"2024/03/15T03:05:29z",0.17
"2024/03/15T03:07:29z",0
"2024/03/15T03:09:29z",0.11
"2024/03/15T03:11:29z",0
"2024/03/15T03:13:29z",0
"2024/03/15T03:15:10z",0
"2024/03/15T03:17:10z",0
"2024/03/15T03:19:10z",0
"2024/03/15T03:21:10z",0
"2024/03/15T03:23:10z",0
"2024/03/15T03:25:10z",0
"2024/03/15T03:27:10z",0
"2024/03/15T03:29:10z",0
"2024/03/15T03:31:10z",0.02
"2024/03/15T03:33:10z",0
"2024/03/15T03:34:50z",0
"2024/03/15T03:36:50z",0
"2024/03/15T03:38:50z",0
"2024/03/15T03:40:50z",0.05
"2024/03/15T03:42:50z",0.29
"2024/03/15T03:44:50z",0
"2024/03/15T03:46:50z",0.09
"2024/03/15T03:48:50z",0
"2024/03/15T03:50:50z",0.14
"2024/03/15T03:52:50z",0
"2024/03/15T03:54:32z",0.09
"2024/03/15T03:56:32z",0.03
"2024/03/15T03:58:32z",0.48
"2024/03/15T04:00:32z",0.36
"2024/03/15T04:02:32z",0.21
"2024/03/15T04:04:32z",0
"2024/03/15T04:06:32z",0.23
"2024/03/15T04:08:32z",0.27
"2024/03/15T04:10:32z",0.86
"2024/03/15T04:12:32z",1.4
"2024/03/15T04:14:12z",0.46
"2024/03/15T04:16:12z",0.83
"2024/03/15T04:18:12z",1.1
"2024/03/15T04:20:12z",0.41
"2024/03/15T04:22:12z",0.59
"2024/03/15T04:24:12z",0.76
"2024/03/15T04:26:12z",1.05
"2024/03/15T04:28:12z",0.34
"2024/03/15T04:30:12z",0.29
"2024/03/15T04:32:12z",0.25
"2024/03/15T04:33:53z",0.87
"2024/03/15T04:35:53z",0.29
"2024/03/15T04:37:53z",0.53
"2024/03/15T04:39:53z",0.57
"2024/03/15T04:41:53z",0.39
"2024/03/15T04:43:53z",0.22
"2024/03/15T04:45:53z",0.26
"2024/03/15T04:47:53z",0.56
"2024/03/15T04:49:53z",0.16
"2024/03/15T04:51:53z",0.41
"2024/03/15T04:53:34z",0
"2024/03/15T04:55:34z",0.29
"2024/03/15T04:57:34z",0.09
"2024/03/15T04:59:34z",0.27
"2024/03/15T05:01:34z",0.17
"2024/03/15T05:03:34z",0
"2024/03/15T05:05:34z",0
"2024/03/15T05:07:34z",0.39
"2024/03/15T05:09:34z",0
"2024/03/15T05:11:34z",0
"2024/03/15T05:13:14z",0
"2024/03/15T05:15:14z",0
"2024/03/15T05:17:14z",0.23
"2024/03/15T05:19:14z",0.3
"2024/03/15T05:21:14z",0
"2024/03/15T05:23:14z",0.08
"2024/03/15T05:25:14z",0
"2024/03/15T05:27:14z",0
"2024/03/15T05:29:14z",0.31
"2024/03/15T05:31:14z",0.22
"2024/03/15T05:32:55z",0.28
"2024/03/15T05:34:55z",0.41
"2024/03/15T05:36:55z",0.39
"2024/03/15T05:38:55z",0.53
"2024/03/15T05:40:55z",0.2
"2024/03/15T05:42:55z",1.05
"2024/03/15T05:44:55z",0.91
"2024/03/15T05:46:55z",0.36
"2024/03/15T05:48:55z",0.71
"2024/03/15T05:50:55z",0.53
"2024/03/15T05:52:35z",0.24
"2024/03/15T05:54:35z",0.19
"2024/03/15T05:56:35z",0.56
"2024/03/15T05:58:35z",0.3
"2024/03/15T06:00:35z",0
"2024/03/15T06:02:35z",0.08
"2024/03/15T06:04:35z",0.48
"2024/03/15T06:06:35z",0.2
"2024/03/15T06:08:35z",0.09
"2024/03/15T06:10:35z",0.17
"2024/03/15T06:12:16z",0
"2024/03/15T06:14:16z",0.08
"2024/03/15T06:16:16z",0.49
"2024/03/15T06:18:16z",0.23
"2024/03/15T06:20:16z",0.24
"2024/03/15T06:22:16z",0.21
"2024/03/15T06:24:16z",0.14
"2024/03/15T06:26:16z",0
"2024/03/15T06:28:16z",0.09
"2024/03/15T06:30:16z",0.03
"2024/03/15T06:31:57z",0
"2024/03/15T06:33:57z",0
"2024/03/15T06:35:57z",0
"2024/03/15T06:37:57z",0.51
"2024/03/15T06:39:57z",0.22
"2024/03/15T06:41:57z",0.83
"2024/03/15T06:43:57z",0.81
"2024/03/15T06:45:57z",0.2
"2024/03/15T06:47:57z",0.09
"2024/03/15T06:49:57z",0.26
"2024/03/15T06:51:38z",0
"2024/03/15T06:53:38z",0.19
"2024/03/15T06:55:38z",0.09
"2024/03/15T06:57:38z",0
"2024/03/15T06:59:38z",0.29
"2024/03/15T07:01:38z",0.22
"2024/03/15T07:03:38z",0
"2024/03/15T07:05:38z",0
"2024/03/15T07:07:38z",0
"2024/03/15T07:09:38z",0
"2024/03/15T07:11:18z",0.17
"2024/03/15T07:13:18z",0
"2024/03/15T07:15:18z",0
"2024/03/15T07:17:18z",0
"2024/03/15T07:19:18z",0.02
"2024/03/15T07:21:18z",0.39
"2024/03/15T07:23:18z",0.05
"2024/03/15T07:25:18z",0
"2024/03/15T07:27:18z",0.21
"2024/03/15T07:29:18z",0
"2024/03/15T07:30:59z",0
"2024/03/15T07:32:59z",0
"2024/03/15T07:34:59z",0.12
"2024/03/15T07:36:59z",0.16
"2024/03/15T07:38:59z",0.28
"2024/03/15T07:40:59z",0.05
"2024/03/15T07:42:59z",0.19
"2024/03/15T07:44:59z",0
"2024/03/15T07:46:59z",0
"2024/03/15T07:48:59z",0.09
"2024/03/15T07:50:40z",0.33
"2024/03/15T07:52:40z",0
"2024/03/15T07:54:40z",0
"2024/03/15T07:56:40z",0
"2024/03/15T07:58:40z",0
"2024/03/15T08:00:40z",0.17
"2024/03/15T08:02:40z",0.03
"2024/03/15T08:04:40z",0
"2024/03/15T08:06:40z",0.39
"2024/03/15T08:08:40z",0.31
"2024/03/15T08:10:21z",0.11
"2024/03/15T08:12:21z",0
"2024/03/15T08:14:21z",0.14
"2024/03/15T08:16:21z",0.02
"2024/03/15T08:18:21z",0
"2024/03/15T08:20:21z",0
"2024/03/15T08:22:21z",0.21
"2024/03/15T08:24:21z",0
"2024/03/15T08:26:21z",0.07
"2024/03/15T08:28:21z",0.12
"2024/03/15T08:30:01z",0.39
"2024/03/15T08:32:01z",0.63
"2024/03/15T08:34:01z",0
"2024/03/15T08:36:01z",0.36
"2024/03/15T08:38:01z",0.39
"2024/03/15T08:40:01z",0.09
"2024/03/15T08:42:01z",0.07
"2024/03/15T08:44:01z",0.09
"2024/03/15T08:46:01z",0.12
"2024/03/15T08:48:01z",0
"2024/03/15T08:49:42z",0.16
"2024/03/15T08:51:42z",0.12
"2024/03/15T08:53:42z",0.35
"2024/03/15T08:55:42z",0.49
"2024/03/15T08:57:42z",0.41
"2024/03/15T08:59:42z",0.12
"2024/03/15T09:01:42z",0.23
"2024/03/15T09:03:42z",0
"2024/03/15T09:05:42z",0.1
"2024/03/15T09:07:42z",0.19
"2024/03/15T09:09:22z",0.11
"2024/03/15T09:11:22z",0.08
"2024/03/15T09:13:22z",0
"2024/03/15T09:15:22z",0
"2024/03/15T09:17:22z",0
"2024/03/15T09:19:22z",0.03
"2024/03/15T09:21:22z",0.05
"2024/03/15T09:23:22z",0.14
"2024/03/15T09:25:22z",0
"2024/03/15T09:27:22z",0
"2024/03/15T09:29:02z",0.11
"2024/03/15T09:31:02z",0
"2024/03/15T09:33:02z",0.09
"2024/03/15T09:35:02z",0
"2024/03/15T09:37:02z",0
"2024/03/15T09:39:02z",0.28
"2024/03/15T09:41:02z",0.02
"2024/03/15T09:43:02z",0.02
"2024/03/15T09:45:02z",0.07
"2024/03/15T09:47:02z",0.34
"2024/03/15T09:48:43z",0
"2024/03/15T09:50:43z",0.05
"2024/03/15T09:52:43z",0
"2024/03/15T09:54:43z",0.05
"2024/03/15T09:56:43z",0
"2024/03/15T09:58:43z",0
"2024/03/15T10:00:43z",0
"2024/03/15T10:02:43z",0.6
"2024/03/15T10:04:43z",1.14
"2024/03/15T10:06:43z",2.17
"2024/03/15T10:08:23z",1.64
"2024/03/15T10:10:23z",2.55
"2024/03/15T10:12:23z",3.86
"2024/03/15T10:14:23z",3.84
"2024/03/15T10:16:23z",6.16
"2024/03/15T10:18:23z",8.59
"2024/03/15T10:20:23z",8.65
"2024/03/15T10:22:23z",9.32
"2024/03/15T10:24:23z",9.38
"2024/03/15T10:26:23z",8.39
"2024/03/15T10:28:04z",7.47
"2024/03/15T10:30:04z",9.45
"2024/03/15T10:32:04z",10.88
"2024/03/15T10:34:04z",8.35
"2024/03/15T10:36:04z",13.18
"2024/03/15T10:38:04z",13.85
"2024/03/15T10:40:04z",17.41
"2024/03/15T10:42:04z",12.59
"2024/03/15T10:44:04z",13.1
"2024/03/15T10:46:04z",9.8
"2024/03/15T10:47:44z",11.56
"2024/03/15T10:49:44z",15.88
"2024/03/15T10:51:44z",12.35
"2024/03/15T10:53:44z",16.51
"2024/03/15T10:55:44z",17.31
"2024/03/15T10:57:44z",16.33
"2024/03/15T10:59:44z",20.33
"2024/03/15T11:01:44z",16.62
"2024/03/15T11:03:44z",16.14
"2024/03/15T11:05:44z",17.84
"2024/03/15T11:07:25z",16.09
"2024/03/15T11:09:25z",15.69
"2024/03/15T11:11:25z",14.61
"2024/03/15T11:13:25z",17.34
"2024/03/15T11:15:25z",15.05
"2024/03/15T11:17:25z",13.59
"2024/03/15T11:19:25z",11.86
"2024/03/15T11:21:25z",12.26
"2024/03/15T11:23:25z",14.42
"2024/03/15T11:25:25z",14.56
"2024/03/15T11:27:05z",13.53
"2024/03/15T11:29:05z",12.3
"2024/03/15T11:31:05z",11.49
"2024/03/15T11:33:05z",11.05
"2024/03/15T11:35:05z",13.28
"2024/03/15T11:37:05z",12.19
"2024/03/15T11:39:05z",12.45
"2024/03/15T11:41:05z",12.88
"2024/03/15T11:43:05z",12.44
"2024/03/15T11:45:05z",10.97
"2024/03/15T11:46:45z",9.64
"2024/03/15T11:48:45z",9.07
"2024/03/15T11:50:45z",9.86
"2024/03/15T11:52:45z",9.25
"2024/03/15T11:54:45z",9.74
"2024/03/15T11:56:45z",8.41
"2024/03/15T11:58:45z",6.81
"2024/03/15T12:00:45z",7.85
"2024/03/15T12:02:45z",6.14
"2024/03/15T12:04:45z",7.93
"2024/03/15T12:06:26z",5.8
"2024/03/15T12:08:26z",7.83
"2024/03/15T12:10:26z",7.02
"2024/03/15T12:12:26z",7.61
"2024/03/15T12:14:26z",7.1
"2024/03/15T12:16:26z",6.2
"2024/03/15T12:18:26z",6.29
"2024/03/15T12:20:26z",6.24
"2024/03/15T12:22:26z",5.91
"2024/03/15T12:24:26z",6.47
"2024/03/15T12:26:06z",3.6
"2024/03/15T12:28:06z",5.98
"2024/03/15T12:30:06z",5.26
"2024/03/15T12:32:06z",5.74
"2024/03/15T12:34:06z",5.49
"2024/03/15T12:36:06z",4.92
"2024/03/15T12:38:06z",5.36
"2024/03/15T12:40:06z",6
"2024/03/15T12:42:06z",5.74
"2024/03/15T12:44:06z",5.73
"2024/03/15T15:03:56z",8.09
"2024/03/15T15:05:56z",7.17
"2024/03/15T15:07:56z",7.26
"2024/03/15T15:09:56z",6.66
"2024/03/15T15:11:56z",8.02
"2024/03/15T15:13:56z",7.76
"2024/03/15T15:15:56z",7.76
"2024/03/15T15:17:56z",8.51
"2024/03/15T15:19:56z",8.19
"2024/03/15T15:21:56z",7.44
"2024/03/15T15:23:36z",8.02
"2024/03/15T15:25:36z",8.88
"2024/03/15T15:27:36z",8.56
"2024/03/15T15:29:36z",7.56
"2024/03/15T15:31:36z",7.64
"2024/03/15T15:33:36z",8.77
"2024/03/15T15:35:36z",8.7
"2024/03/15T15:37:36z",10.02
"2024/03/15T15:39:36z",8.96
"2024/03/15T15:41:36z",9.73
"2024/03/15T15:43:16z",9.49
"2024/03/15T15:45:16z",6.95
"2024/03/15T15:47:16z",9.16
"2024/03/15T15:49:16z",10.14
"2024/03/15T15:51:16z",9.53
"2024/03/15T15:53:16z",7.63
"2024/03/15T15:55:16z",8.62
"2024/03/15T15:57:16z",7.5
"2024/03/15T15:59:16z",7.28
"2024/03/15T16:01:16z",10.31
"2024/03/15T16:02:57z",10
"2024/03/15T16:04:57z",9.12
"2024/03/15T16:06:57z",8.76
"2024/03/15T16:08:57z",10.09
"2024/03/15T16:10:57z",9.72
"2024/03/15T16:12:57z",9.02
"2024/03/15T16:14:57z",9.51
"2024/03/15T16:16:57z",9.77
"2024/03/15T16:18:57z",8.98
"2024/03/15T16:20:57z",9.15
"2024/03/15T16:22:38z",9.2
"2024/03/15T16:24:38z",7.68
"2024/03/15T16:26:38z",8.82
"2024/03/15T16:28:38z",7.18
"2024/03/15T16:30:38z",10.36
"2024/03/15T16:32:38z",9.25
"2024/03/15T16:34:38z",10.84
"2024/03/15T16:36:38z",10.77
"2024/03/15T16:38:38z",9.98
"2024/03/15T16:40:38z",8.64
"2024/03/15T16:42:19z",10.15
"2024/03/15T16:44:19z",7.91
"2024/03/15T16:46:19z",9
"2024/03/15T16:48:19z",8.05
"2024/03/15T16:50:19z",8.29
"2024/03/15T16:52:19z",7.36
"2024/03/15T16:54:19z",7.49
"2024/03/15T16:56:19z",8.72
"2024/03/15T16:58:19z",8.31
"2024/03/15T17:00:19z",8.2
"2024/03/15T17:01:59z",7.44
"2024/03/15T17:03:59z",8.31
"2024/03/15T17:05:59z",8.64
"2024/03/15T17:07:59z",7.36
"2024/03/15T17:09:59z",6.59
"2024/03/15T17:11:59z",7.12
"2024/03/15T17:13:59z",7.46
"2024/03/15T17:15:59z",6.59
"2024/03/15T17:17:59z",6.03
"2024/03/15T17:19:59z",6.54
"2024/03/15T17:21:39z",7.87
"2024/03/15T17:23:39z",7.17
"2024/03/15T17:25:39z",6.7
"2024/03/15T17:27:39z",8.96
"2024/03/15T17:29:39z",6.9
"2024/03/15T17:31:39z",5.86
"2024/03/15T17:33:39z",6.44
"2024/03/15T17:35:39z",5.55
"2024/03/15T17:37:39z",5.98
"2024/03/15T17:39:39z",5.37
"2024/03/15T17:41:20z",6.02
"2024/03/15T17:43:20z",5.47
"2024/03/15T17:45:20z",6.09
"2024/03/15T17:47:20z",5.14
"2024/03/15T17:49:20z",4.35
"2024/03/15T17:51:20z",4.69
"2024/03/15T17:53:20z",6.03
"2024/03/15T17:55:20z",4.62
"2024/03/15T17:57:20z",6.07
"2024/03/15T17:59:20z",5.32
"2024/03/15T18:01:01z",4.96
"2024/03/15T18:03:01z",5.27
"2024/03/15T18:05:01z",5.58
"2024/03/15T18:07:01z",5.29
"2024/03/15T18:09:01z",4.71
"2024/03/15T18:11:01z",4.86
"2024/03/15T18:13:01z",5.07
"2024/03/15T18:15:01z",4.72
"2024/03/15T18:17:01z",4.57
"2024/03/15T18:19:01z",6.24
"2024/03/15T18:20:42z",5.34
"2024/03/15T18:22:42z",5.69
"2024/03/15T18:24:42z",6.3
"2024/03/15T18:26:42z",5.39
"2024/03/15T18:28:42z",4.12
"2024/03/15T18:30:42z",5.42
"2024/03/15T18:32:42z",6.32
"2024/03/15T18:34:42z",4.38
"2024/03/15T18:36:42z",4.22
"2024/03/15T18:38:42z",4.85
"2024/03/15T18:40:22z",3.49
"2024/03/15T18:42:22z",4.47
"2024/03/15T18:44:22z",5.17
"2024/03/15T18:46:22z",5.84
"2024/03/15T18:48:22z",6.66
"2024/03/15T18:50:22z",4.24
"2024/03/15T18:52:22z",6.4
"2024/03/15T18:54:22z",4.82
"2024/03/15T18:56:22z",4.57
"2024/03/15T18:58:22z",5.15
"2024/03/15T19:00:03z",5.44
"2024/03/15T19:02:03z",6.56
"2024/03/15T19:04:03z",4.07
"2024/03/15T19:06:03z",4.45
"2024/03/15T19:08:03z",6.88
"2024/03/15T19:10:03z",5.59
"2024/03/15T19:12:03z",4.51
"2024/03/15T19:14:03z",5.95
"2024/03/15T19:16:03z",5.97
"2024/03/15T19:18:03z",5.32
"2024/03/15T19:19:44z",4.11
"2024/03/15T19:21:44z",5.28
"2024/03/15T19:23:44z",5.32
"2024/03/15T19:25:44z",5.19
"2024/03/15T19:27:44z",6.41
"2024/03/15T19:29:44z",4.93
"2024/03/15T19:31:44z",4.95
"2024/03/15T19:33:44z",5.18
"2024/03/15T19:35:44z",5.97
"2024/03/15T19:37:44z",6.15
"2024/03/15T19:39:24z",6.72
"2024/03/15T19:41:24z",5.79
"2024/03/15T19:43:24z",8.02
"2024/03/15T19:45:24z",5.36
"2024/03/15T19:47:24z",5.36
"2024/03/15T19:49:24z",5.51
"2024/03/15T19:51:24z",5.49
"2024/03/15T19:53:24z",9.4
"2024/03/15T19:55:24z",7.25
"2024/03/15T19:57:24z",4.59
"2024/03/15T19:59:05z",5.57
"2024/03/15T20:01:05z",6.19
"2024/03/15T20:03:05z",6.89
"2024/03/15T20:05:05z",5.98
"2024/03/15T20:07:05z",5.53
"2024/03/15T20:09:05z",5.58
"2024/03/15T20:11:05z",6.59
"2024/03/15T20:13:05z",6.3
"2024/03/15T20:15:05z",5.71
"2024/03/15T20:17:05z",6.05
"2024/03/15T20:18:45z",7.91
"2024/03/15T20:20:45z",7.2
"2024/03/15T20:22:45z",6.3
"2024/03/15T20:24:45z",6.67
"2024/03/15T20:26:45z",6.05
"2024/03/15T20:28:45z",4.27
"2024/03/15T20:30:45z",6.1
"2024/03/15T20:32:45z",5.26
"2024/03/15T20:34:45z",5.15
"2024/03/15T20:36:45z",6.07
"2024/03/15T20:38:26z",4.41
"2024/03/15T20:40:26z",5.78
"2024/03/15T20:42:26z",4.97
"2024/03/15T20:44:26z",5.39
"2024/03/15T20:46:26z",5.8
"2024/03/15T20:48:26z",5.5
"2024/03/15T20:50:26z",4.93
"2024/03/15T20:52:26z",5.02
"2024/03/15T20:54:26z",5.7
"2024/03/15T20:56:26z",4.73
"2024/03/15T20:58:07z",3.87
"2024/03/15T21:00:07z",4.93
"2024/03/15T21:02:07z",5.39
"2024/03/15T21:04:07z",5.39
"2024/03/15T21:06:07z",4.43
"2024/03/15T21:08:07z",5.39
"2024/03/15T21:10:07z",5.26
"2024/03/15T21:12:07z",6.64
"2024/03/15T21:14:07z",5.86
"2024/03/15T21:16:07z",5.58
"2024/03/15T21:17:48z",4.91
"2024/03/15T21:19:48z",6.5
"2024/03/15T21:21:48z",5.53
"2024/03/15T21:23:48z",5
"2024/03/15T21:25:48z",3.66
"2024/03/15T21:27:48z",4.6
"2024/03/15T21:29:48z",4.57
"2024/03/15T21:31:48z",4.98
"2024/03/15T21:33:48z",3.98
"2024/03/15T21:35:48z",4.8
"2024/03/15T21:37:28z",4.89
"2024/03/15T21:39:28z",3.33
"2024/03/15T21:41:28z",3.63
"2024/03/15T21:43:28z",4.65
"2024/03/15T21:45:28z",4.32
"2024/03/15T21:47:28z",5.59
"2024/03/15T21:49:28z",5.14
"2024/03/15T21:51:28z",4.05
"2024/03/15T21:53:28z",5.84
"2024/03/15T21:55:28z",8.75
"2024/03/15T21:57:09z",9.43
"2024/03/15T21:59:09z",6.97
"2024/03/15T22:01:09z",15.64
"2024/03/15T22:03:09z",16.05
"2024/03/15T22:05:09z",13.02
"2024/03/15T22:07:09z",15.22
"2024/03/15T22:09:09z",19.89
"2024/03/15T22:11:09z",24.29
"2024/03/15T22:13:09z",27.14
"2024/03/15T22:15:09z",20.61
"2024/03/15T22:16:50z",23.48
"2024/03/15T22:18:50z",20.97
"2024/03/15T22:20:50z",16.79
"2024/03/15T22:22:50z",37.71
"2024/03/15T22:24:50z",21.56
"2024/03/15T22:26:50z",23.81
"2024/03/15T22:28:50z",16.91
"2024/03/15T22:30:50z",12.91
"2024/03/15T22:32:50z",18.12
"2024/03/15T22:34:50z",19.05
"2024/03/15T22:36:30z",18.44
"2024/03/15T22:38:30z",16.21
"2024/03/15T22:40:30z",9.02
"2024/03/15T22:42:30z",14.79
"2024/03/15T22:44:30z",26.81
"2024/03/15T22:46:30z",25.93
"2024/03/15T22:48:30z",24.09
"2024/03/15T22:50:30z",18.79
"2024/03/15T22:52:30z",19.26
"2024/03/15T22:54:30z",17.63
"2024/03/15T22:56:11z",17.62
"2024/03/15T22:58:11z",17.62
"2024/03/15T23:00:11z",15.61
"2024/03/15T23:02:11z",12.91
"2024/03/15T23:04:11z",15.9
"2024/03/15T23:06:11z",20.86
"2024/03/15T23:08:11z",19.02
"2024/03/15T23:10:11z",16.55
"2024/03/15T23:12:11z",15.45
"2024/03/15T23:14:11z",12.42
"2024/03/15T23:15:51z",15.82
"2024/03/15T23:17:51z",16.03
"2024/03/15T23:19:51z",20.21
"2024/03/15T23:21:51z",23.02
"2024/03/15T23:23:51z",26.43
"2024/03/15T23:25:51z",22.27
"2024/03/15T23:27:51z",20.83
"2024/03/15T23:29:51z",21.92
"2024/03/15T23:31:51z",19.22
"2024/03/15T23:33:51z",23.86
"2024/03/15T23:35:31z",26.52
"2024/03/15T23:37:31z",26.42
"2024/03/15T23:39:31z",30.11
"2024/03/15T23:41:31z",26.37
"2024/03/15T23:43:31z",26.29
"2024/03/15T23:45:31z",22.29
"2024/03/15T23:47:31z",23.25
"2024/03/15T23:49:31z",20.88
"2024/03/15T23:51:31z",20.79
"2024/03/15T23:53:31z",35.53
"2024/03/15T23:55:11z",43.23
"2024/03/15T23:57:11z",32.27
"2024/03/15T23:59:11z",34.8
"2024/03/16T00:01:12z",28.63
"2024/03/16T00:03:11z",20.22
"2024/03/16T00:05:11z",20.66
"2024/03/16T00:07:11z",20.81
"2024/03/16T00:09:11z",23.6
"2024/03/16T00:11:11z",24.44
"2024/03/16T00:13:11z",26.07
"2024/03/16T00:14:52z",24.19
"2024/03/16T00:16:52z",23.79
"2024/03/16T00:18:52z",22.75
"2024/03/16T00:20:52z",20.31
"2024/03/16T00:22:52z",17.03
"2024/03/16T00:24:52z",17.64
"2024/03/16T00:26:52z",18.79
"2024/03/16T00:28:52z",17.16
"2024/03/16T00:30:52z",19.62
"2024/03/16T00:32:52z",20.32
"2024/03/16T00:34:33z",16.78
"2024/03/16T00:36:33z",14
"2024/03/16T00:38:33z",15.05
"2024/03/16T00:40:33z",17.82
"2024/03/16T00:42:33z",18.98
"2024/03/16T00:44:33z",17.25
"2024/03/16T00:46:33z",20.81
"2024/03/16T00:48:33z",19.24
"2024/03/16T00:50:33z",15.68
"2024/03/16T00:52:33z",14.58
"2024/03/16T00:54:13z",14.38
"2024/03/16T00:56:13z",15.21
"2024/03/16T00:58:13z",19.82
"2024/03/16T01:00:13z",18.93
"2024/03/16T01:02:13z",20.25
"2024/03/16T01:04:13z",19.89
"2024/03/16T01:06:13z",18.32
"2024/03/16T01:08:13z",16.19
"2024/03/16T01:10:13z",16.03
"2024/03/16T01:12:13z",22.12
"2024/03/16T01:13:54z",18.76
"2024/03/16T01:15:54z",18.6
"2024/03/16T01:17:54z",17.3
"2024/03/16T01:19:54z",18.88
"2024/03/16T01:21:54z",20.21
"2024/03/16T01:23:54z",17.07
"2024/03/16T01:25:54z",18.52
"2024/03/16T01:27:54z",14.54
"2024/03/16T01:29:54z",17.66
"2024/03/16T01:31:54z",16.85
"2024/03/16T01:33:34z",17.7
"2024/03/16T01:35:34z",18.28
"2024/03/16T01:37:34z",16.18
"2024/03/16T01:39:34z",16.19
"2024/03/16T01:41:34z",19.4
"2024/03/16T01:43:34z",17.07
"2024/03/16T01:45:34z",15.67
"2024/03/16T01:47:34z",15
"2024/03/16T01:49:34z",14.53
"2024/03/16T01:51:34z",18.31
"2024/03/16T01:53:15z",17.38
"2024/03/16T01:55:15z",14.03
"2024/03/16T01:57:15z",15.98
"2024/03/16T01:59:15z",15.5
"2024/03/16T02:01:15z",14.75
"2024/03/16T02:03:15z",15.61
"2024/03/16T02:05:15z",15.28
"2024/03/16T02:07:15z",15.36
"2024/03/16T02:09:15z",17.03
"2024/03/16T02:11:15z",16.38
"2024/03/16T02:12:55z",18.47
"2024/03/16T02:14:55z",15.12
"2024/03/16T02:16:55z",15.76
"2024/03/16T02:18:55z",13.11
"2024/03/16T02:20:55z",14.25
"2024/03/16T02:22:55z",12.52
"2024/03/16T02:24:55z",11.32
"2024/03/16T02:26:55z",12.66
"2024/03/16T02:28:55z",12.84
"2024/03/16T02:30:55z",11.72
"2024/03/16T02:32:35z",14.4
"2024/03/16T02:34:35z",14.83
"2024/03/16T02:36:35z",12.44
"2024/03/16T02:38:35z",12.8
"2024/03/16T02:40:35z",12.77
"2024/03/16T02:42:35z",11.53
"2024/03/16T02:44:35z",13.67
"2024/03/16T02:46:35z",11.11
"2024/03/16T02:48:35z",11.66
"2024/03/16T02:50:35z",14.45
"2024/03/16T15:42:07z",1.42
"2024/03/16T15:44:07z",1.08
"2024/03/16T15:46:07z",2.21
"2024/03/16T15:48:07z",1.91
"2024/03/16T15:50:07z",1.93
"2024/03/16T15:52:07z",1.8
"2024/03/16T15:54:07z",1.93
"2024/03/16T15:56:07z",2
"2024/03/16T15:58:07z",2.05
"2024/03/16T16:00:07z",2.39
"2024/03/16T16:01:48z",1.53
"2024/03/16T16:03:48z",2.47
"2024/03/16T16:05:48z",1.82
"2024/03/16T16:07:48z",2.11
"2024/03/16T16:09:48z",1.95
"2024/03/16T16:11:48z",2.36
"2024/03/16T16:13:48z",2.07
"2024/03/16T16:15:48z",2.14
"2024/03/16T16:17:48z",2.79
"2024/03/16T16:19:48z",1.93
"2024/03/16T16:21:29z",2.84
"2024/03/16T16:23:29z",2.86
"2024/03/16T16:25:29z",2.66
"2024/03/16T16:27:28z",2.72
"2024/03/16T16:29:28z",3.57
"2024/03/16T16:31:28z",2.22
"2024/03/16T16:33:28z",2.93
"2024/03/16T16:35:28z",3.04
"2024/03/16T16:37:28z",2.4
"2024/03/16T16:39:28z",3.19
"2024/03/16T16:41:09z",2.8
"2024/03/16T16:43:09z",3.71
"2024/03/16T16:45:09z",2.63
"2024/03/16T16:47:09z",4
"2024/03/16T16:49:09z",3.07
"2024/03/16T16:51:09z",2.75
"2024/03/16T16:53:09z",2.93
"2024/03/16T16:55:09z",3.44
"2024/03/16T16:57:09z",2.73
"2024/03/16T16:59:09z",3.58
"2024/03/16T17:00:49z",2.51
"2024/03/16T17:02:49z",3.12
"2024/03/16T17:04:49z",3.4
"2024/03/16T17:06:49z",2.84
"2024/03/16T17:08:49z",3.1
"2024/03/16T17:10:49z",4
"2024/03/16T17:12:49z",3.56
"2024/03/16T17:14:49z",3.04
"2024/03/16T17:16:49z",2.79
"2024/03/16T17:18:49z",2.64
"2024/03/16T17:20:30z",2.91
"2024/03/16T17:22:30z",3.63
"2024/03/16T17:24:30z",3.46
"2024/03/16T17:26:30z",3.41
"2024/03/16T17:28:30z",3.05
"2024/03/16T17:30:30z",3.44
"2024/03/16T17:32:30z",3.71
"2024/03/16T17:34:30z",3.56
"2024/03/16T17:36:30z",3.88
"2024/03/16T17:38:30z",3.03
"2024/03/16T17:40:10z",2.78
"2024/03/16T17:42:10z",4.47
"2024/03/16T17:44:10z",3.93
"2024/03/16T17:46:10z",4.38
"2024/03/16T17:48:10z",4.95
"2024/03/16T17:50:10z",3.76
"2024/03/16T17:52:10z",4.56
"2024/03/16T17:54:10z",4.54
"2024/03/16T17:56:10z",4.84
"2024/03/16T17:58:10z",3.93
"2024/03/16T17:59:51z",4.48
"2024/03/16T18:01:51z",4.2
"2024/03/16T18:03:51z",4.55
"2024/03/16T18:05:51z",4.19
"2024/03/16T18:07:51z",4.93
"2024/03/16T18:09:51z",4.33
"2024/03/16T18:11:51z",4.47
"2024/03/16T18:13:51z",4.48
"2024/03/16T18:15:51z",4.63
"2024/03/16T18:17:51z",4.14
"2024/03/16T18:19:31z",3.49
"2024/03/16T18:21:31z",3.95
"2024/03/16T18:23:31z",4.25
"2024/03/16T18:25:31z",3.73
"2024/03/16T18:27:31z",3.81
"2024/03/16T18:29:31z",3.35
"2024/03/16T18:31:31z",4.56
"2024/03/16T18:33:31z",4.16
"2024/03/16T18:35:31z",3.61
"2024/03/16T18:37:31z",4.41
"2024/03/16T18:39:12z",3.61
"2024/03/16T18:41:12z",4.15
"2024/03/16T18:43:12z",4.67
"2024/03/16T18:45:12z",4.88
"2024/03/16T18:47:12z",4.72
"2024/03/16T18:49:12z",5.14
"2024/03/16T18:51:12z",4.08
"2024/03/16T18:53:12z",3.35
"2024/03/16T18:55:12z",4.54
"2024/03/16T18:57:12z",4.08
"2024/03/16T18:58:52z",4.36
"2024/03/16T19:00:52z",4.78
"2024/03/16T19:02:52z",4.38
"2024/03/16T19:04:52z",4
"2024/03/16T19:06:52z",3.34
"2024/03/16T19:08:52z",3.58
"2024/03/16T19:10:52z",4.09
"2024/03/16T19:12:52z",3.89
"2024/03/16T19:14:52z",4.32
"2024/03/16T19:16:52z",4.05
"2024/03/16T19:18:33z",3.82
"2024/03/16T19:20:33z",4.25
"2024/03/16T19:22:33z",4.02
"2024/03/16T19:24:33z",4.39
"2024/03/16T19:26:33z",4.48
"2024/03/16T19:28:33z",4.13
"2024/03/16T19:30:33z",3.63
"2024/03/16T19:32:33z",3.98
"2024/03/16T19:34:33z",4.19
"2024/03/16T19:36:33z",3.85
"2024/03/16T19:38:13z",3.91
"2024/03/16T19:40:13z",3.71
"2024/03/16T19:42:13z",4.02
"2024/03/16T19:44:13z",4.04
"2024/03/16T19:46:13z",3.95
"2024/03/16T19:48:13z",4.5
"2024/03/16T19:50:13z",4.48
"2024/03/16T19:52:13z",4.2
"2024/03/16T19:54:13z",3.24
"2024/03/16T19:56:13z",4.1
"2024/03/16T19:57:54z",3.62
"2024/03/16T19:59:54z",3.73
"2024/03/16T20:01:54z",3.45
"2024/03/16T20:03:54z",3
"2024/03/16T20:05:54z",4.22
"2024/03/16T20:07:54z",4
"2024/03/16T20:09:54z",3.6
"2024/03/16T20:11:54z",4.23
"2024/03/16T20:13:54z",4.16
"2024/03/16T20:15:54z",3.71
"2024/03/16T20:17:35z",3.52
"2024/03/16T20:19:35z",3.84
"2024/03/16T20:21:35z",3.6
"2024/03/16T20:23:35z",4.05
"2024/03/16T20:25:35z",3.59
"2024/03/16T20:27:35z",3.57
"2024/03/16T20:29:35z",4.07
"2024/03/16T20:31:35z",3.66
"2024/03/16T20:33:35z",3.71
"2024/03/16T20:35:35z",3.34
"2024/03/16T20:37:15z",3.11
"2024/03/16T20:39:15z",3.5
"2024/03/16T20:41:15z",3.54
"2024/03/16T20:43:15z",4.44
"2024/03/16T20:45:15z",3.14
"2024/03/16T20:47:15z",3.81
"2024/03/16T20:49:15z",3.72
"2024/03/16T20:51:15z",3.95
"2024/03/16T20:53:15z",3.95
"2024/03/16T20:55:15z",4.31
"2024/03/16T20:56:56z",3.93
"2024/03/16T20:58:56z",2.86
"2024/03/16T21:00:56z",3.67
"2024/03/16T21:02:56z",3.17
"2024/03/16T21:04:56z",3.72
"2024/03/16T21:06:56z",3.14
"2024/03/16T21:08:56z",3.32
"2024/03/16T21:10:56z",3.46
"2024/03/16T21:12:56z",3.36
"2024/03/16T21:14:56z",4.02
"2024/03/16T21:16:36z",3.27
"2024/03/16T21:18:36z",3.33
"2024/03/16T21:20:36z",2.96
"2024/03/16T21:22:36z",3.7
"2024/03/16T21:24:36z",3.56
"2024/03/16T21:26:36z",4.02
"2024/03/16T21:28:36z",3.55
"2024/03/16T21:30:36z",4
"2024/03/16T21:32:36z",3.33
"2024/03/16T21:34:36z",3.24
"2024/03/16T21:36:17z",3.82
"2024/03/16T21:38:17z",3.58
"2024/03/16T21:40:17z",2.98
"2024/03/16T21:42:17z",3.68
"2024/03/16T21:44:17z",2.67
"2024/03/16T21:46:17z",2.25
"2024/03/16T21:48:17z",3.5
"2024/03/16T21:50:17z",3.4
"2024/03/16T21:52:17z",3.5
"2024/03/16T21:54:17z",3.16
"2024/03/16T21:55:58z",2.54
"2024/03/16T21:57:58z",3.19
"2024/03/16T21:59:58z",2.46
"2024/03/16T22:01:58z",2.4
"2024/03/16T22:03:58z",2.41
"2024/03/16T22:05:58z",2.7
"2024/03/16T22:07:58z",2.61
"2024/03/16T22:09:58z",2.11
"2024/03/16T22:11:58z",2.5
"2024/03/16T22:13:58z",2
"2024/03/16T22:15:38z",2.52
"2024/03/16T22:17:38z",2.39
"2024/03/16T22:19:38z",1.63
"2024/03/16T22:21:38z",1.81
"2024/03/16T22:23:38z",1.67
"2024/03/16T22:25:38z",1.67
"2024/03/16T22:27:38z",2.57
"2024/03/16T22:29:38z",3.54
"2024/03/16T22:31:38z",1.93
"2024/03/16T22:33:38z",1.48
"2024/03/16T22:35:18z",2.04
"2024/03/16T22:37:18z",2.62
"2024/03/16T22:39:18z",1.98
"2024/03/16T22:41:18z",2.64
"2024/03/16T22:43:18z",3.07
"2024/03/16T22:45:18z",2.27
"2024/03/16T22:47:18z",1.93
"2024/03/16T22:49:18z",2.39
"2024/03/16T22:51:18z",2.22
"2024/03/16T22:53:18z",1.5
"2024/03/16T22:54:59z",1.76
"2024/03/16T22:56:59z",1.37
"2024/03/16T22:58:59z",1.88
"2024/03/16T23:00:59z",1.85
"2024/03/16T23:02:59z",1.25
"2024/03/16T23:04:59z",1.64
"2024/03/16T23:06:59z",1.47
"2024/03/16T23:08:59z",1.72
"2024/03/16T23:10:59z",2.6
"2024/03/16T23:12:59z",1.34
"2024/03/16T23:14:40z",1.98
"2024/03/16T23:16:40z",1.46
"2024/03/16T23:18:40z",1.72
"2024/03/16T23:20:40z",1.44
"2024/03/16T23:22:40z",2.23
"2024/03/16T23:24:40z",1.86
"2024/03/16T23:26:40z",1.72
"2024/03/16T23:28:40z",1
"2024/03/16T23:30:40z",1.4
"2024/03/16T23:32:40z",0.64
"2024/03/16T23:34:21z",0.96
"2024/03/16T23:36:21z",0.95
"2024/03/16T23:38:21z",0.66
"2024/03/16T23:40:21z",1.44
"2024/03/16T23:42:21z",1.53
"2024/03/16T23:44:21z",1.25
"2024/03/16T23:46:21z",1.41
"2024/03/16T23:48:21z",1.04
"2024/03/16T23:50:21z",0.71
"2024/03/16T23:52:21z",1.05
"2024/03/16T23:54:01z",1.73
"2024/03/16T23:56:01z",1.02
"2024/03/16T23:58:01z",0.89
"2024/03/17T00:00:01z",1.73
"2024/03/17T00:02:01z",1.27
"2024/03/17T00:04:01z",0.81
"2024/03/17T00:06:01z",1.1
"2024/03/17T00:08:01z",1.16
"2024/03/17T00:10:01z",0.95
"2024/03/17T00:12:01z",1.38
"2024/03/17T00:13:42z",0.56
"2024/03/17T00:15:42z",1.17
"2024/03/17T00:17:42z",0.95
"2024/03/17T00:19:42z",0.79
"2024/03/17T00:21:42z",1.53
"2024/03/17T00:23:42z",1.15
"2024/03/17T00:25:42z",1.41
"2024/03/17T00:27:42z",1.07
"2024/03/17T00:29:42z",1.26
"2024/03/17T00:31:42z",1.46
"2024/03/17T00:33:22z",0.73
"2024/03/17T00:35:22z",1.25
"2024/03/17T00:37:22z",1.26
"2024/03/17T00:39:22z",0.3
"2024/03/17T00:41:22z",0.95
"2024/03/17T00:43:22z",1.08
"2024/03/17T00:45:22z",2
"2024/03/17T00:47:22z",1.23
"2024/03/17T00:49:22z",1.19
"2024/03/17T00:51:22z",0.55
"2024/03/17T00:53:03z",1.11
"2024/03/17T00:55:03z",1.25
"2024/03/17T00:57:03z",0.83
"2024/03/17T00:59:03z",1.43
"2024/03/17T01:01:03z",1.29
"2024/03/17T01:03:03z",0.88
"2024/03/17T01:05:03z",0.91
"2024/03/17T01:07:03z",1.53
"2024/03/17T01:09:03z",1.46
"2024/03/17T01:11:03z",1.5
"2024/03/17T01:12:44z",1.44
"2024/03/17T01:14:44z",1.35
"2024/03/17T01:16:44z",1.52
"2024/03/17T01:18:44z",1.26
"2024/03/17T01:20:44z",1.36
"2024/03/17T01:22:44z",1.3
"2024/03/17T01:24:44z",1.47
"2024/03/17T01:26:44z",2.04
"2024/03/17T01:28:44z",1.86
"2024/03/17T01:30:44z",1.47
"2024/03/17T01:32:24z",1.18
"2024/03/17T01:34:24z",1.28
"2024/03/17T01:36:24z",0.95
"2024/03/17T01:38:24z",1.23
"2024/03/17T01:40:24z",0.97
"2024/03/17T01:42:24z",0.75
"2024/03/17T01:44:24z",1.02
"2024/03/17T01:46:24z",0.86
"2024/03/17T01:48:24z",0.43
"2024/03/17T01:50:24z",0.71
"2024/03/17T01:52:05z",1.04
"2024/03/17T01:54:05z",0.88
"2024/03/17T01:56:05z",0.67
"2024/03/17T01:58:05z",0.62
"2024/03/17T02:00:05z",0.58
"2024/03/17T02:02:05z",0.78
"2024/03/17T02:04:05z",1.04
"2024/03/17T02:06:05z",0.7
"2024/03/17T02:08:05z",1.09
"2024/03/17T02:10:05z",0.72
"2024/03/17T02:11:44z",0.43
"2024/03/17T02:13:44z",0.59
"2024/03/17T02:15:44z",0.61
"2024/03/17T02:17:44z",0.43
"2024/03/17T02:19:44z",0.41
"2024/03/17T02:21:44z",0.1
"2024/03/17T02:23:44z",0.32
"2024/03/17T02:25:44z",0.11
"2024/03/17T02:27:44z",0.19
"2024/03/17T02:29:44z",0.12
"2024/03/17T02:31:25z",0.16
"2024/03/17T02:33:25z",0.32
"2024/03/17T02:35:25z",0.11
"2024/03/17T02:37:25z",0.2
"2024/03/17T02:39:25z",0.31
"2024/03/17T02:41:25z",0.37
"2024/03/17T02:43:25z",0.05
"2024/03/17T02:45:25z",0.09
"2024/03/17T02:47:25z",0.26
"2024/03/17T02:49:25z",0.29
"2024/03/17T02:51:06z",0.51
"2024/03/17T02:53:06z",0.12
"2024/03/17T02:55:06z",0.74
"2024/03/17T02:57:06z",0.02
"2024/03/17T02:59:06z",0.24
"2024/03/17T03:01:06z",0.47
"2024/03/17T03:03:06z",0.67
"2024/03/17T03:05:06z",0.63
"2024/03/17T03:07:06z",0.62
"2024/03/17T03:09:06z",0.83
"2024/03/17T03:10:46z",0.6
"2024/03/17T03:12:46z",0.24
"2024/03/17T03:14:46z",0.35
"2024/03/17T03:16:46z",0.05
"2024/03/17T03:18:46z",0.61
"2024/03/17T03:20:46z",0.85
"2024/03/17T03:22:46z",0.81
"2024/03/17T03:24:46z",0.89
"2024/03/17T03:26:46z",0.24
"2024/03/17T03:28:46z",0.48
"2024/03/17T03:30:27z",0.49
"2024/03/17T03:32:27z",1.05
"2024/03/17T03:34:27z",0.39
"2024/03/17T03:36:27z",0.88
"2024/03/17T03:38:27z",0.8
"2024/03/17T03:40:27z",0.53
"2024/03/17T03:42:27z",1.02
"2024/03/17T03:44:27z",1.46
"2024/03/17T03:46:27z",1.39
"2024/03/17T03:48:27z",1.32
"2024/03/17T03:50:08z",0.91
"2024/03/17T03:52:08z",0.81
"2024/03/17T03:54:08z",0.39
"2024/03/17T03:56:08z",0.66
"2024/03/17T03:58:08z",0.6
"2024/03/17T04:00:08z",0.84
"2024/03/17T04:02:08z",0.61
"2024/03/17T04:04:08z",0.88
"2024/03/17T04:06:08z",0.4
"2024/03/17T04:08:08z",1.14
"2024/03/17T04:09:48z",0.49
"2024/03/17T04:11:48z",0.56
"2024/03/17T04:13:48z",0.93
"2024/03/17T04:15:48z",1.77
"2024/03/17T04:17:48z",0.93
"2024/03/17T04:19:48z",0.66
"2024/03/17T04:21:48z",1.26
"2024/03/17T04:23:48z",1.12
"2024/03/17T04:25:48z",1.12
"2024/03/17T04:27:48z",1.25
"2024/03/17T04:29:29z",0.89
"2024/03/17T04:31:29z",2.27
"2024/03/17T04:33:29z",2.41
"2024/03/17T04:35:29z",2.34
"2024/03/17T04:37:29z",2.25
"2024/03/17T04:39:29z",1.79
"2024/03/17T04:41:29z",1.49
"2024/03/17T04:43:29z",1.23
"2024/03/17T04:45:29z",1.4
"2024/03/17T04:47:29z",1.5
"2024/03/17T04:49:10z",1.69
"2024/03/17T04:51:10z",2.08
"2024/03/17T04:53:10z",1.84
"2024/03/17T04:55:10z",1.88
"2024/03/17T04:57:10z",2.05
"2024/03/17T04:59:10z",2.18
"2024/03/17T05:01:10z",2.25
"2024/03/17T05:03:10z",2.26
"2024/03/17T05:05:10z",2.86
"2024/03/17T05:07:10z",2.59
"2024/03/17T05:08:50z",3.3
"2024/03/17T05:10:50z",2.68
"2024/03/17T05:12:50z",1.97
"2024/03/17T05:14:50z",1.36
"2024/03/17T05:16:50z",1.33
"2024/03/17T05:18:50z",1.44
"2024/03/17T05:20:50z",1.67
"2024/03/17T05:22:50z",1.52
"2024/03/17T05:24:50z",1.25
"2024/03/17T05:26:50z",1.57
"2024/03/17T05:28:31z",0.71
"2024/03/17T05:30:31z",1.41
"2024/03/17T05:32:31z",1.14
"2024/03/17T05:34:31z",1.3
"2024/03/17T05:36:31z",1.47
"2024/03/17T05:38:31z",1.17
"2024/03/17T05:40:31z",0.69
"2024/03/17T05:42:31z",1.07
"2024/03/17T05:44:31z",1.03
"2024/03/17T05:46:31z",0.9
"2024/03/17T05:48:12z",0.98
"2024/03/17T05:50:12z",0.97
"2024/03/17T05:52:12z",1.03
"2024/03/17T05:54:12z",0.82
"2024/03/17T05:56:12z",1.03
"2024/03/17T05:58:12z",0.83
"2024/03/17T06:00:12z",1.48
"2024/03/17T06:02:12z",0.82
"2024/03/17T06:04:12z",0.81
"2024/03/17T06:06:12z",1.09
"2024/03/17T15:20:32z",9.49
"2024/03/17T15:22:32z",9.44
"2024/03/17T15:24:32z",9.09
"2024/03/17T15:26:32z",8.95
"2024/03/17T15:28:32z",10.14
"2024/03/17T15:30:32z",11.29
"2024/03/17T15:32:32z",10.28
"2024/03/17T15:34:32z",11.61
"2024/03/17T15:36:32z",11.3
"2024/03/17T15:38:32z",11.25
"2024/03/17T15:40:13z",10.91
"2024/03/17T15:42:13z",12.24
"2024/03/17T15:44:13z",10.26
"2024/03/17T15:46:13z",10.59
"2024/03/17T15:48:13z",10.36
"2024/03/17T15:50:13z",10.52
"2024/03/17T15:52:13z",10.1
"2024/03/17T15:54:13z",9.34
"2024/03/17T15:56:13z",11.16
"2024/03/17T15:58:13z",10
"2024/03/17T15:59:53z",11.39
"2024/03/17T16:01:53z",10.08
"2024/03/17T16:03:53z",10.09
"2024/03/17T16:05:53z",9.89
"2024/03/17T16:07:53z",10.98
"2024/03/17T16:09:53z",8.82
"2024/03/17T16:11:53z",8.12
"2024/03/17T16:13:53z",9
"2024/03/17T16:15:53z",9.72
"2024/03/17T16:17:53z",8.05
"2024/03/17T16:19:34z",7.56
"2024/03/17T16:21:34z",10.22
"2024/03/17T16:23:34z",9.65
"2024/03/17T16:25:34z",8.85
"2024/03/17T16:27:34z",7.93
"2024/03/17T16:29:34z",7.33
"2024/03/17T16:31:34z",7.02
"2024/03/17T16:33:34z",7.67
"2024/03/17T16:35:34z",5.95
"2024/03/17T16:37:34z",7.53
"2024/03/17T16:39:15z",7.57
"2024/03/17T16:41:15z",7.97
"2024/03/17T16:43:15z",7.14
"2024/03/17T16:45:15z",6.07
"2024/03/17T16:47:15z",6.46
"2024/03/17T16:49:15z",7.31
"2024/03/17T16:51:15z",4.52
"2024/03/17T16:53:15z",4.47
"2024/03/17T16:55:15z",5.36
"2024/03/17T16:57:15z",5.24
"2024/03/17T16:58:55z",5.83
"2024/03/17T17:00:55z",5.37
"2024/03/17T17:02:55z",6.33
"2024/03/17T17:04:55z",6.05
"2024/03/17T17:06:55z",5.86
"2024/03/17T17:08:55z",7.46
"2024/03/17T17:10:55z",6.9
"2024/03/17T17:12:55z",7.37
"2024/03/17T17:14:55z",6.5
"2024/03/17T17:16:55z",6.36
"2024/03/17T17:18:36z",8.28
"2024/03/17T17:20:36z",7.67
"2024/03/17T17:22:36z",6.26
"2024/03/17T17:24:36z",7
"2024/03/17T17:26:36z",7.24
"2024/03/17T17:28:36z",4.67
"2024/03/17T17:30:36z",5.24
"2024/03/17T17:32:36z",6.39
"2024/03/17T17:34:36z",5.95
"2024/03/17T17:36:36z",7.31
"2024/03/17T17:38:16z",6.09
"2024/03/17T17:40:16z",6.41
"2024/03/17T17:42:16z",5.79
"2024/03/17T17:44:16z",5.41
"2024/03/17T17:46:16z",2.46
"2024/03/17T17:48:16z",2.34
"2024/03/17T17:50:16z",2.76
"2024/03/17T17:52:16z",2.2
"2024/03/17T17:54:16z",2.69
"2024/03/17T17:56:16z",2.66
"2024/03/17T17:57:57z",2.47
"2024/03/17T17:59:57z",2.47
"2024/03/17T18:01:57z",2.48
"2024/03/17T18:03:57z",2.64
"2024/03/17T18:05:57z",2.12
"2024/03/17T18:07:57z",2.37
"2024/03/17T18:09:57z",1.93
"2024/03/17T18:11:57z",2.33
"2024/03/17T18:13:57z",2.41
"2024/03/17T18:15:57z",2.14
"2024/03/17T18:17:37z",2.4
"2024/03/17T18:19:37z",2.47
"2024/03/17T18:21:37z",2.86
"2024/03/17T18:23:37z",2.65
"2024/03/17T18:25:37z",2.53
"2024/03/17T18:27:37z",3.02
"2024/03/17T18:29:37z",2.45
"2024/03/17T18:31:37z",2.57
"2024/03/17T18:33:37z",1.53
"2024/03/17T18:35:37z",1.14
"2024/03/17T18:37:18z",1.6
"2024/03/17T18:39:18z",1.42
"2024/03/17T18:41:18z",1.54
"2024/03/17T18:43:18z",1.66
"2024/03/17T18:45:18z",1.69
"2024/03/17T18:47:18z",1.92
"2024/03/17T18:49:18z",1.74
"2024/03/17T18:51:18z",1.91
"2024/03/17T18:53:18z",1.9
"2024/03/17T18:55:18z",1.64
"2024/03/17T18:56:59z",1.67
"2024/03/17T18:58:59z",1.86
"2024/03/17T19:00:59z",2.14
"2024/03/17T19:02:59z",1.73
"2024/03/17T19:04:59z",2.33
"2024/03/17T19:06:59z",1.97
"2024/03/17T19:08:59z",2.14
"2024/03/17T19:10:59z",1.98
"2024/03/17T19:12:59z",1.76
"2024/03/17T19:14:59z",2.14
"2024/03/17T19:16:39z",1.54
"2024/03/17T19:18:39z",1.71
"2024/03/17T19:20:39z",2.16
"2024/03/17T19:22:39z",1.88
"2024/03/17T19:24:39z",1.44
"2024/03/17T19:26:39z",1.47
"2024/03/17T19:28:39z",1.31
"2024/03/17T19:30:39z",1.7
"2024/03/17T19:32:39z",1.6
"2024/03/17T19:34:39z",1.61
"2024/03/17T19:36:20z",1.47
"2024/03/17T19:38:20z",1.37
"2024/03/17T19:40:20z",1.61
"2024/03/17T19:42:20z",1.23
"2024/03/17T19:44:20z",1.66
"2024/03/17T19:46:20z",1.42
"2024/03/17T19:48:20z",1.46
"2024/03/17T19:50:20z",1.86
"2024/03/17T19:52:20z",1.28
"2024/03/17T19:54:20z",1.54
"2024/03/17T19:56:00z",1.52
"2024/03/17T19:58:00z",1.05
"2024/03/17T20:00:00z",1.55
"2024/03/17T20:02:00z",1.8
"2024/03/17T20:04:00z",1.69
"2024/03/17T20:06:00z",1.81
"2024/03/17T20:08:00z",1.8
"2024/03/17T20:10:00z",1.57
"2024/03/17T20:12:00z",1.67
"2024/03/17T20:14:00z",1.56
"2024/03/17T20:15:41z",1.3
"2024/03/17T20:17:41z",1.37
"2024/03/17T20:19:41z",1.28
"2024/03/17T20:21:41z",1.5
"2024/03/17T20:23:41z",1.47
"2024/03/17T20:25:41z",1.88
"2024/03/17T20:27:41z",1.93
"2024/03/17T20:29:41z",1.32
"2024/03/17T20:31:41z",1.05
"2024/03/17T20:33:41z",1.34
"2024/03/17T20:35:21z",1.4
"2024/03/17T20:37:21z",0.79
"2024/03/17T20:39:21z",0.56
"2024/03/17T20:41:21z",0.86
"2024/03/17T20:43:21z",0.93
"2024/03/17T20:45:21z",1.27
"2024/03/17T20:47:21z",0.88
"2024/03/17T20:49:21z",0.86
"2024/03/17T20:51:21z",0.77
"2024/03/17T20:53:21z",0.75
"2024/03/17T20:55:02z",0.67
"2024/03/17T20:57:02z",0.95
"2024/03/17T20:59:02z",0.61
"2024/03/17T21:01:02z",0.52
"2024/03/17T21:03:02z",0.9
"2024/03/17T21:05:02z",1
"2024/03/17T21:07:02z",0.49
"2024/03/17T21:09:02z",1.16
"2024/03/17T21:11:02z",0.62
"2024/03/17T21:13:02z",0.46
"2024/03/17T21:14:42z",0.63
"2024/03/17T21:16:42z",0.8
"2024/03/17T21:18:42z",1.05
"2024/03/17T21:20:42z",0.93
"2024/03/17T21:22:42z",0.85
"2024/03/17T21:24:42z",0.93
"2024/03/17T21:26:42z",1.02
"2024/03/17T21:28:42z",1.14
"2024/03/17T21:30:42z",1.1
"2024/03/17T21:32:42z",0.98
"2024/03/17T21:34:23z",1.2
"2024/03/17T21:36:23z",1.17
"2024/03/17T21:38:23z",1.03
"2024/03/17T21:40:23z",1.14
"2024/03/17T21:42:23z",0.66
"2024/03/17T21:44:23z",1.05
"2024/03/17T21:46:23z",1.5
"2024/03/17T21:48:23z",1.04
"2024/03/17T21:50:23z",1
"2024/03/17T21:52:23z",1.05
"2024/03/17T21:54:03z",1.13
"2024/03/17T21:56:03z",0.78
"2024/03/17T21:58:03z",0.82
"2024/03/17T22:00:03z",0.82
"2024/03/17T22:02:03z",1.29
"2024/03/17T22:04:03z",1.1
"2024/03/17T22:06:03z",0.76
"2024/03/17T22:08:03z",0.73
"2024/03/17T22:10:03z",0.28
"2024/03/17T22:12:03z",0.92
"2024/03/17T22:13:43z",1.04
"2024/03/17T22:15:43z",0.98
"2024/03/17T22:17:43z",0.72
"2024/03/17T22:19:43z",0.75
"2024/03/17T22:21:43z",0.55
"2024/03/17T22:23:43z",1.16
"2024/03/17T22:25:43z",0.67
"2024/03/17T22:27:43z",1
"2024/03/17T22:29:43z",1.3
"2024/03/17T22:31:43z",0.85
"2024/03/17T22:33:24z",0.49
"2024/03/17T22:35:24z",0.95
"2024/03/17T22:37:24z",0.68
"2024/03/17T22:39:24z",0.95
"2024/03/17T22:41:24z",0.57
"2024/03/17T22:43:24z",0.83
"2024/03/17T22:45:24z",0.35
"2024/03/17T22:47:24z",0.72
"2024/03/17T22:49:24z",1.03
"2024/03/17T22:51:24z",1.05
"2024/03/17T22:53:04z",1.22
"2024/03/17T22:55:04z",0.76
"2024/03/17T22:57:04z",0.26
"2024/03/17T22:59:04z",0.73
"2024/03/17T23:01:04z",0.9
"2024/03/17T23:03:04z",1.2
"2024/03/17T23:05:04z",0.83
"2024/03/17T23:07:04z",0.59
"2024/03/17T23:09:04z",0.6
"2024/03/17T23:11:04z",0.68
"2024/03/17T23:12:45z",0.44
"2024/03/17T23:14:45z",0.37
"2024/03/17T23:16:45z",0.44
"2024/03/17T23:18:45z",0.23
"2024/03/17T23:20:45z",0.17
"2024/03/17T23:22:45z",0.25
"2024/03/17T23:24:45z",0.42
"2024/03/17T23:26:45z",0.04
"2024/03/17T23:28:45z",0
"2024/03/17T23:30:45z",0.17
"2024/03/17T23:32:26z",0.11
"2024/03/17T23:34:26z",0.2
"2024/03/17T23:36:26z",0.09
"2024/03/17T23:38:26z",0.33
"2024/03/17T23:40:26z",0
"2024/03/17T23:42:26z",0.22
"2024/03/17T23:44:26z",0
"2024/03/17T23:46:26z",0
"2024/03/17T23:48:26z",0
"2024/03/17T23:50:26z",0.22
"2024/03/17T23:52:07z",0
"2024/03/17T23:54:07z",0
"2024/03/17T23:56:07z",0.16
"2024/03/17T23:58:07z",0
"2024/03/18T00:00:07z",0
"2024/03/18T00:02:07z",0.03
"2024/03/18T00:04:07z",0.12
"2024/03/18T00:06:07z",0.02
"2024/03/18T00:08:07z",0.19
"2024/03/18T00:10:07z",0.15
"2024/03/18T00:11:48z",0.74
"2024/03/18T00:13:48z",0.02
"2024/03/18T00:15:48z",0.07
"2024/03/18T00:17:48z",0.18
"2024/03/18T00:19:48z",0
"2024/03/18T00:21:48z",0
"2024/03/18T00:23:48z",0
"2024/03/18T00:25:48z",0.04
"2024/03/18T00:27:48z",0
"2024/03/18T00:29:48z",0.08
"2024/03/18T00:31:28z",0.29
"2024/03/18T00:33:28z",0
"2024/03/18T00:35:28z",0.53
"2024/03/18T00:37:28z",0
"2024/03/18T00:39:28z",0.15
"2024/03/18T00:41:28z",0.18
"2024/03/18T00:43:28z",0
"2024/03/18T00:45:28z",0.12
"2024/03/18T00:47:28z",0
"2024/03/18T00:49:28z",0
"2024/03/18T00:51:09z",0.24
"2024/03/18T00:53:09z",0.63
"2024/03/18T00:55:09z",0.09
"2024/03/18T00:57:09z",0.04
"2024/03/18T00:59:09z",0.34
"2024/03/18T01:01:09z",0.73
"2024/03/18T01:03:09z",0.64
"2024/03/18T01:05:09z",0.05
"2024/03/18T01:07:09z",0.64
"2024/03/18T01:09:09z",0.38
"2024/03/18T01:10:49z",0.28
"2024/03/18T01:12:49z",0.39
"2024/03/18T01:14:49z",0.59
"2024/03/18T01:16:49z",0.48
"2024/03/18T01:18:49z",0.46
"2024/03/18T01:20:49z",0.81
"2024/03/18T01:22:49z",0.51
"2024/03/18T01:24:49z",0.45
"2024/03/18T01:26:49z",0.33
"2024/03/18T01:28:49z",0.37
"2024/03/18T01:30:29z",0.87
"2024/03/18T01:32:29z",0.98
"2024/03/18T01:34:29z",0.63
"2024/03/18T01:36:29z",0.93
"2024/03/18T01:38:29z",0.84
"2024/03/18T01:40:29z",0.47
"2024/03/18T01:42:29z",0.61
"2024/03/18T01:44:29z",0.62
"2024/03/18T01:46:29z",0.69
"2024/03/18T01:48:29z",0.58
"2024/03/18T01:50:10z",0.37
"2024/03/18T01:52:10z",0.29
"2024/03/18T01:54:10z",0.5
"2024/03/18T01:56:10z",0.64
"2024/03/18T01:58:10z",0.61
"2024/03/18T02:00:10z",1
"2024/03/18T02:02:10z",0.24
"2024/03/18T02:04:10z",1.04
"2024/03/18T02:06:10z",0.74
"2024/03/18T02:08:10z",0.55
"2024/03/18T02:09:50z",0.44
"2024/03/18T02:11:50z",0.2
"2024/03/18T02:13:50z",0.4
"2024/03/18T02:15:50z",0.36
"2024/03/18T02:17:50z",0.66
"2024/03/18T02:19:50z",0.98
"2024/03/18T02:21:50z",0.44
"2024/03/18T02:23:50z",0.75
"2024/03/18T02:25:50z",0.53
"2024/03/18T02:27:50z",0.85
"2024/03/18T02:29:30z",0.57
"2024/03/18T02:31:30z",0.45
"2024/03/18T02:33:30z",0.83
"2024/03/18T02:35:30z",0.66
"2024/03/18T02:37:30z",0.21
"2024/03/18T02:39:30z",0.68
"2024/03/18T02:41:30z",0.44
"2024/03/18T02:43:30z",0.62
"2024/03/18T02:45:30z",0.38
"2024/03/18T02:47:30z",0.34
"2024/03/18T02:49:11z",0.6
"2024/03/18T02:51:11z",0.49
"2024/03/18T02:53:11z",0.22
"2024/03/18T02:55:11z",0.42
"2024/03/18T02:57:11z",0.2
"2024/03/18T02:59:11z",0.25
"2024/03/18T03:01:11z",0.91
"2024/03/18T03:03:11z",1
"2024/03/18T03:05:11z",0.63
"2024/03/18T03:07:11z",0.57
"2024/03/18T03:08:52z",0.3
"2024/03/18T03:10:52z",0.78
"2024/03/18T03:12:52z",0.68
"2024/03/18T03:14:52z",0.7
"2024/03/18T03:16:52z",0.47
"2024/03/18T03:18:52z",0.24
"2024/03/18T03:20:52z",0.55
"2024/03/18T03:22:52z",0.55
"2024/03/18T03:24:52z",0.19
"2024/03/18T03:26:52z",0.65
"2024/03/18T03:28:33z",0.37
"2024/03/18T03:30:33z",0.37
"2024/03/18T03:32:33z",0.57
"2024/03/18T03:34:33z",0.09
"2024/03/18T03:36:33z",0.32
"2024/03/18T03:38:33z",0.4
"2024/03/18T03:40:33z",0.24
"2024/03/18T03:42:33z",0.05
"2024/03/18T03:44:33z",0.68
"2024/03/18T03:46:33z",0.14
"2024/03/18T03:48:14z",0.89
"2024/03/18T03:50:14z",1.39
"2024/03/18T03:52:14z",1.38
"2024/03/18T03:54:14z",0.7
"2024/03/18T03:56:14z",0.59
"2024/03/18T03:58:14z",0.17
"2024/03/18T04:00:14z",0.14
"2024/03/18T04:02:14z",0
"2024/03/18T04:04:14z",0
"2024/03/18T04:06:14z",0.45
"2024/03/18T04:07:55z",0
"2024/03/18T04:09:55z",0.32
"2024/03/18T04:11:55z",0
"2024/03/18T04:13:55z",0
"2024/03/18T04:15:55z",0.09
"2024/03/18T04:17:55z",0
"2024/03/18T04:19:55z",0
"2024/03/18T04:21:55z",0.02
"2024/03/18T04:23:55z",0.17
"2024/03/18T04:25:55z",0
"2024/03/18T04:27:35z",0
"2024/03/18T04:29:35z",0
"2024/03/18T04:31:35z",0
"2024/03/18T04:33:35z",0.09
"2024/03/18T04:35:35z",0.02
"2024/03/18T04:37:35z",0.17
"2024/03/18T04:39:35z",0.19
"2024/03/18T04:41:35z",0.36
"2024/03/18T04:43:35z",0.83
"2024/03/18T04:45:35z",0.12
"2024/03/18T04:47:16z",0.44
"2024/03/18T04:49:16z",0.75
"2024/03/18T04:51:16z",0.75
"2024/03/18T04:53:16z",1.63
"2024/03/18T04:55:16z",1.2
"2024/03/18T04:57:16z",1.13
"2024/03/18T04:59:16z",1.38
"2024/03/18T05:01:16z",13.51
"2024/03/18T05:03:16z",18.91
"2024/03/18T05:05:16z",39.84
"2024/03/18T05:06:57z",21.55
"2024/03/18T05:08:57z",7.42
"2024/03/18T05:10:57z",8.77
"2024/03/18T05:12:57z",7.18
"2024/03/18T05:14:57z",11.67
"2024/03/18T05:16:57z",6.17
"2024/03/18T05:18:57z",7.63
"2024/03/18T05:20:57z",3.72
"2024/03/18T05:22:57z",3.12
"2024/03/18T05:24:57z",4.42
"2024/03/18T05:26:38z",4.29
"2024/03/18T05:28:38z",3.19
"2024/03/18T05:30:38z",1.47
"2024/03/18T05:32:38z",1.3
"2024/03/18T05:34:38z",0.88
"2024/03/18T05:36:38z",1.39
"2024/03/18T05:38:38z",0.33
"2024/03/18T05:40:38z",0
"2024/03/18T05:42:38z",0
"2024/03/18T05:44:38z",0.19
"2024/03/18T05:46:18z",0.89
"2024/03/18T05:48:18z",0.46
"2024/03/18T05:50:18z",0.63
"2024/03/18T05:52:18z",0.85
"2024/03/18T05:54:18z",1.57
"2024/03/18T05:56:18z",0.62
"2024/03/18T05:58:18z",0.47
"2024/03/18T06:00:18z",0
"2024/03/18T06:02:18z",0.4
"2024/03/18T06:04:18z",0.28
"2024/03/18T06:05:59z",0.6
"2024/03/18T06:07:59z",0.03
"2024/03/18T06:09:59z",0.04
"2024/03/18T06:11:59z",0.3
"2024/03/18T06:13:59z",0.08
"2024/03/18T06:15:59z",0
"2024/03/18T06:17:59z",0.29
"2024/03/18T06:19:59z",0.07
"2024/03/18T06:21:59z",0.36
"2024/03/18T06:23:59z",0.29
"2024/03/18T06:25:39z",0.04
"2024/03/18T06:27:39z",0
"2024/03/18T06:29:39z",0.26
"2024/03/18T06:31:39z",0.12
"2024/03/18T06:33:39z",0.25
"2024/03/18T06:35:39z",0.37
"2024/03/18T06:37:39z",0.61
"2024/03/18T06:39:39z",0.67
"2024/03/18T06:41:39z",0.48
"2024/03/18T06:43:39z",0.76
