"","time","GC1_PM2_5","GC2_PM2_5","GC3_PM2_5","GC4_PM2_5","GC5_PM2_5","GC6_PM2_5","GC7_PM2_5","GC8_PM2_5","GC9_PM2_5","GC10_PM2_5"
"1",2024-03-11 22:20:00,0.3275,0.285,1.295,0.4775,0.985,0.795,0.7025,0.405,1.0825,0.54
"2",2024-03-11 22:30:00,0.08,0.438,0.53,0.384,0.872,0.486,0.534,0.344,0.554,0.548
"3",2024-03-11 22:40:00,0.018,0.426,0.504,0.376,0.612,0.544,0.446,0.53,0.596,0.324
"4",2024-03-11 22:50:00,0.086,0.206,0.452,0.3,0.532,0.322,0.232,0.432,0.47,0.372
"5",2024-03-11 23:00:00,0.01,0.402,0.58,0.552,0.868,0.322,0.496,0.504,0.548,0.536
"6",2024-03-11 23:10:00,0.014,0.448,0.588,0.616,0.982,0.614,0.58,0.652,0.814,0.618
"7",2024-03-11 23:20:00,0.0716666666666667,0.585,0.742,0.638333333333333,0.838333333333333,0.786666666666667,0.716666666666667,0.773333333333333,1.02,0.703333333333333
"8",2024-03-11 23:30:00,0.086,0.824,0.838,0.946,1.284,0.952,0.902,0.814,1.12,1
"9",2024-03-11 23:40:00,0.17,0.82,0.746,0.82,1.366,1.256,0.88,1.128,1.044,0.838
"10",2024-03-11 23:50:00,0.26,0.946,1.07,1.128,1.472,1.096,0.912,0.976,1.274,1.03
"11",2024-03-12,0.408,1.292,0.976,1.09,1.528,1.258,1.104,1.416,1.494,1.186
"12",2024-03-12 00:10:00,0.688,1.024,1.072,0.936,1.534,1.268,0.968,1.144,1.604,0.88
"13",2024-03-12 00:20:00,1.15,1.068,1.01,0.846,1.434,1.2,1.048,1.026,1.332,0.898
"14",2024-03-12 00:30:00,1.088,1.232,1.43,1.224,1.776,1.332,1.06,1.44,1.37,0.762
"15",2024-03-12 00:40:00,1.29,1.204,1.384,1.298,1.604,1.196,1.032,1.42,1.592,0.998
"16",2024-03-12 00:50:00,1.056,1.106,1.234,1.224,1.502,1.4,1.202,1.498,1.42,1.42
"17",2024-03-12 01:00:00,1.188,1.426,1.586,1.686,1.942,1.464,1.626,1.83,2.138,1.388
"18",2024-03-12 01:10:00,1.105,1.46,1.268,1.23,1.60166666666667,1.25166666666667,1.26333333333333,1.40333333333333,1.72666666666667,1.14833333333333
"19",2024-03-12 01:20:00,1.232,1.368,1.492,1.32,1.578,1.752,1.466,1.71,1.678,1.436
"20",2024-03-12 01:30:00,1.808,1.878,1.678,2.072,2.404,1.888,1.964,2.182,2.504,1.906
"21",2024-03-12 01:40:00,1.724,1.364,1.524,1.486,1.732,1.444,1.55,1.594,1.714,1.49
"22",2024-03-12 01:50:00,1.968,2.444,2.376,2.416,2.54,2.346,2.466,2.632,2.706,2.442
"23",2024-03-12 02:00:00,1.52,1.632,1.662,1.774,1.79,1.858,1.61,2.17,1.776,1.742
"24",2024-03-12 02:10:00,1.61,1.868,1.634,1.68,2.042,1.982,1.556,2.03,1.862,1.89
"25",2024-03-12 02:20:00,1.82,1.734,1.90333333333333,2.102,2.214,1.742,2.052,1.97,2.392,2.032
"26",2024-03-12 02:30:00,1.264,1.046,1.072,1.16,1.298,0.952,1.136,1.296,1.358,1.274
"27",2024-03-12 02:40:00,0.862,1.118,0.972,1.194,1.33,1.214,0.932,1.278,1.252,1.004
"28",2024-03-12 02:50:00,0.712,0.68,0.708,0.892,1.134,0.836,0.806,0.886,1.106,0.902
"29",2024-03-12 03:00:00,0.652,0.87,0.956,1.048,1.068,0.638,1.088,1.07,1.09,0.93
"30",2024-03-12 03:10:00,1.15666666666667,1.11,1.352,1.31166666666667,1.465,1.27,1.16666666666667,1.49,1.435,1.226
"31",2024-03-12 03:20:00,1.024,1.018,1.08,0.884,1.192,1.242,0.958,1.236,1.51,1.316
"32",2024-03-12 03:30:00,0.84,0.944,0.784,1.048,1.08,0.96,0.89,1.054,1.198,1.15833333333333
"33",2024-03-12 03:40:00,0.998,0.744,1.016,0.89,1.222,1.02,1.13,1.116,1.018,1.092
"34",2024-03-12 03:50:00,0.912,0.986,0.89,0.908,0.978,1.198,1.004,1.014,1.196,0.942
"35",2024-03-12 04:00:00,1.014,0.938,0.946,0.932,1.254,1.158,1.062,0.838,0.936,0.89
"36",2024-03-12 04:10:00,0.838,0.902,0.946,1.042,1.352,1.216,0.896,1.192,1.09,0.73
"37",2024-03-12 04:20:00,1.112,1.168,1.328,1.334,1.688,1.332,1.334,1.692,1.778,1.488
"38",2024-03-12 04:30:00,0.872,0.922,0.744,1.042,1.056,1.094,0.932,1.054,1.248,1.116
"39",2024-03-12 04:40:00,0.8,0.744,0.858333333333333,0.912,0.962,0.918,1.054,1.134,1.312,0.994
"40",2024-03-12 04:50:00,0.652,0.958,0.496,0.884,1.006,1.03,1.092,1.164,1.094,0.94
"41",2024-03-12 05:00:00,0.824,0.794,0.994,0.91,1.208,1.238,1.096,1.544,1.402,1.146
"42",2024-03-12 05:10:00,1.255,1.305,1.106,1.275,1.50666666666667,1.38,1.32,1.70166666666667,1.65666666666667,1.628
"43",2024-03-12 05:20:00,0.808,0.928,0.776,0.848,1.176,1.146,1.112,1.56,1.152,1.224
"44",2024-03-12 05:30:00,0.426,0.578,0.79,0.858,0.792,1.12333333333333,0.876,1.15,1.168,0.968333333333333
"45",2024-03-12 05:40:00,0.656,0.432,0.616,0.938,0.846,0.808,0.728,1.104,0.928,0.694
"46",2024-03-12 05:50:00,0.574,0.336,0.466,0.564,0.8,0.616,0.78,1.06,0.878,0.446
"47",2024-03-12 06:00:00,0.778,0.488,0.634,0.756,1.054,0.834,0.81,1.102,0.8,0.634
"48",2024-03-12 06:10:00,0.926,0.734,0.802,0.892,1.078,0.98,0.91,1.23,1.022,0.846
"49",2024-03-12 06:20:00,0.698,1.064,1.07,0.998,1.002,0.906,0.916,1.188,0.876,0.672
"50",2024-03-12 06:30:00,0.994,0.844,0.818333333333333,0.926,0.922,1.152,0.82,1.112,0.982,0.878
"51",2024-03-12 06:40:00,0.76,0.76,0.556,1.02,0.694,0.836,0.584,0.95,0.9,0.632
"52",2024-03-12 06:50:00,0.488,0.768,0.556,0.858,1.102,0.762,0.744,0.638,0.658,0.758
"53",2024-03-12 07:00:00,0.736,0.988,0.9,1.122,1.142,0.942,0.812,1.104,0.94,0.664
"54",2024-03-12 07:10:00,1.19166666666667,1.19166666666667,1.216,1.468,1.385,1.418,1.402,1.53,1.42,1.124
"55",2024-03-12 07:20:00,0.652,0.848,0.794,0.928,0.938,1.142,0.746,1.14,0.792,0.762
"56",2024-03-12 07:30:00,0.836,0.756,0.892,0.97,0.908,0.896666666666667,0.7,1.08333333333333,1.02,0.775
"57",2024-03-12 07:40:00,0.948,0.852,0.85,0.952,0.84,0.896,0.732,1.136,0.902,0.78
"58",2024-03-12 07:50:00,0.77,0.794,0.698,0.796,0.85,0.942,0.816,0.702,0.856,0.656
"59",2024-03-12 08:00:00,0.94,0.794,0.878,1.024,0.876,1.154,0.844,1.184,0.91,0.898
"60",2024-03-12 08:10:00,1.394,1.262,0.93,1.09,1.184,1.144,0.984,1.356,1.25,0.848
"61",2024-03-12 08:20:00,0.79,0.974,0.804,1.066,0.826,1.122,1.152,1.286,0.912,0.884
"62",2024-03-12 08:30:00,0.78,0.68,0.691666666666667,0.95,1.096,0.992,0.882,0.876,0.618,0.728
"63",2024-03-12 08:40:00,0.782,NA,0.638,0.87,0.876,0.818,0.566,1.108,0.756,0.39
"64",2024-03-12 08:50:00,0.598,NA,0.658,1.25,0.874,0.65,0.88,1.02,0.888,0.622
"65",2024-03-12 09:00:00,0.65,NA,0.512,NA,0.668,0.784,NA,NA,0.884,0.852
"66",2024-03-12 09:10:00,0.841666666666667,NA,0.59,NA,0.75,0.85,NA,NA,0.97,0.78
"67",2024-03-12 09:20:00,0.916,NA,NA,NA,NA,0.81,NA,NA,NA,NA
"68",2024-03-12 09:30:00,0.826,NA,NA,NA,NA,1.04166666666667,NA,NA,NA,NA
"69",2024-03-12 09:40:00,0.846,NA,NA,NA,NA,0.88,NA,NA,NA,NA
"70",2024-03-12 09:50:00,1.138,NA,NA,NA,NA,NA,NA,NA,NA,NA
"71",2024-03-12 10:00:00,1.29,NA,NA,NA,NA,NA,NA,NA,NA,NA
"72",2024-03-12 14:20:00,1.62,NA,NA,NA,NA,NA,NA,NA,NA,NA
"73",2024-03-12 14:30:00,0.838,NA,NA,NA,NA,NA,NA,NA,NA,NA
"74",2024-03-12 14:40:00,0.65,NA,NA,0.915,0.715,0.985,0.345,0.835,0.86,0.71
"75",2024-03-12 14:50:00,0.572,NA,0.55,0.438,0.826,0.878,0.554,0.86,0.68,0.71
"76",2024-03-12 15:00:00,0.454,0.465,0.428,0.338,0.774,0.452,0.596,0.944,0.668,0.45
"77",2024-03-12 15:10:00,0.314,0.242,0.356,0.364,0.654,0.394,0.532,0.574,0.354,0.338
"78",2024-03-12 15:20:00,0.326,0.196,0.494,0.4,0.716,0.392,0.516,0.268,0.694,0.38
"79",2024-03-12 15:30:00,0.248,0.26,0.32,0.526,0.602,0.448,0.372,0.42,0.436,0.402
"80",2024-03-12 15:40:00,0.328,0.23,0.386,0.592,0.43,0.546,0.638,0.52,0.328,0.496
"81",2024-03-12 15:50:00,0.32,0.366,0.505,0.458,0.776,0.504,0.356,0.29,0.546,0.54
"82",2024-03-12 16:00:00,0.286,0.298,0.384,0.382,0.612,0.3,0.29,0.346,0.62,0.612
"83",2024-03-12 16:10:00,0.204,0.234,0.442,0.43,0.504,0.402,0.314,0.42,0.714,0.362
"84",2024-03-12 16:20:00,0.498333333333333,0.292,0.374,0.402,0.665,0.35,0.252,0.442,0.582,0.436
"85",2024-03-12 16:30:00,0.258,0.15,0.368,0.36,0.462,0.366,0.352,0.436,0.356,0.548
"86",2024-03-12 16:40:00,0.282,0.298333333333333,0.336,0.325,0.606,0.388,0.363333333333333,0.458333333333333,0.543333333333333,0.5
"87",2024-03-12 16:50:00,0.55,0.284,0.402,0.41,0.642,0.4,0.278,0.48,0.588,0.332
"88",2024-03-12 17:00:00,0.252,0.268,0.132,0.276,0.59,0.4,0.34,0.486,0.508,0.13
"89",2024-03-12 17:10:00,0.126,0.174,0.172,0.254,0.456,0.192,0.216,0.384,0.298,0.158
"90",2024-03-12 17:20:00,0.07,0.122,0.236,0.118,0.386,0.314,0.13,0.254,0.336,0.19
"91",2024-03-12 17:30:00,0.126,0.044,0.258,0.232,0.672,0.274,0.14,0.308,0.272,0.344
"92",2024-03-12 17:40:00,0.214,0.196,0.113333333333333,0.38,0.444,0.274,0.098,0.21,0.306,0.11
"93",2024-03-12 17:50:00,0.124,0.04,0.22,0.216,0.412,0.354,0.222,0.138,0.302,0.156
"94",2024-03-12 18:00:00,0.18,0.094,0.254,0.268,0.232,0.42,0.164,0.172,0.418,0.292
"95",2024-03-12 18:10:00,0.146,0.008,0.2,0.222,0.362,0.294,0.234,0.38,0.45,0.224
"96",2024-03-12 18:20:00,0.161666666666667,0.164,0.34,0.196,0.468,0.23,0.18,0.278,0.332,0.114
"97",2024-03-12 18:30:00,0.23,0.07,0.2,0.29,0.484,0.312,0.116,0.426,0.348,0.36
"98",2024-03-12 18:40:00,0.06,0.24,0.236,0.265,0.525,0.268333333333333,0.226666666666667,0.276666666666667,0.656666666666667,0.295
"99",2024-03-12 18:50:00,0.294,0.242,0.328,0.43,0.42,0.162,0.324,0.27,0.31,0.314
"100",2024-03-12 19:00:00,0.164,0.258,0.344,0.48,0.522,0.332,0.262,0.28,0.4,0.318
"101",2024-03-12 19:10:00,0.152,0.314,0.258,0.33,0.468,0.364,0.188,0.348,0.486,0.342
"102",2024-03-12 19:20:00,0.152,0.25,0.456,0.396,0.456,0.394,0.268,0.32,0.298,0.204
"103",2024-03-12 19:30:00,0.21,0.22,0.338,0.33,0.636,0.526,0.408,0.374,0.458,0.404
"104",2024-03-12 19:40:00,0.27,0.194,0.316666666666667,0.338,0.53,0.404,0.186,0.198,0.504,0.336
"105",2024-03-12 19:50:00,0.244,0.124,0.238,0.216,0.424,0.316,0.184,0.258,0.302,0.344
"106",2024-03-12 20:00:00,0.042,0.158,0.106,0.232,0.298,0.474,0.346,0.188,0.318,0.52
"107",2024-03-12 20:10:00,0.048,0.146,0.276,0.172,0.164,0.24,0.154,0.39,0.328,0.162
"108",2024-03-12 20:20:00,0.0433333333333333,0.36,0.208,0.29,0.316,0.272,0.234,0.428,0.404,0.278
"109",2024-03-12 20:30:00,0.012,0.274,0.178,0.244,0.22,0.162,0.162,0.188,0.274,0.144
"110",2024-03-12 20:40:00,0.014,0.22,0.07,0.13,0.203333333333333,0.25,0.158,0.246666666666667,0.151666666666667,0.108
"111",2024-03-12 20:50:00,0,0.114,0.296,0.12,0.276,0.192,0.162,0.228,0.168,0.114
"112",2024-03-12 21:00:00,0,0.078,0.122,0.0483333333333333,0.292,0.158,0.168333333333333,0.316,0.33,0.111666666666667
"113",2024-03-12 21:10:00,0.052,0.032,0.348,0.276,0.432,0.092,0.128,0.328,0.118,0.184
"114",2024-03-12 21:20:00,0,0.078,0.12,0.282,0.3,0.152,0.204,0.13,0.254,0.206
"115",2024-03-12 21:30:00,0,0.204,0.044,0.004,0.128,0.114,0.046,0.192,0.102,0.118
"116",2024-03-12 21:40:00,0,0.098,0.0533333333333333,0.028,0.1,0.076,0.05,0.124,0.174,0.09
"117",2024-03-12 21:50:00,0,0.074,0.222,0.016,0.064,0.152,0.128,0.164,0.106,0.042
"118",2024-03-12 22:00:00,0,0.058,0.092,0.006,0.316,0.194,0.088,0.138,0.092,0.04
"119",2024-03-12 22:10:00,0.0133333333333333,0.098,0.156,0.194,0.136,0.112,0.062,0.182,0.178,0.062
"120",2024-03-12 22:20:00,0,0.042,0.106,0.13,0.172,0.138,0.028,0.07,0.224,0.1
"121",2024-03-12 22:30:00,0,0.0583333333333333,0.224,0.168,0.216666666666667,0.26,0.204,0.07,0.161666666666667,0.168
"122",2024-03-12 22:40:00,0,0.034,0.236,0.218,0.206,0.192,0.08,0.066,0.158,0.148
"123",2024-03-12 22:50:00,0,0.196,0.09,0.261666666666667,0.35,0.278,0.121666666666667,0.19,0.172,0.103333333333333
"124",2024-03-12 23:00:00,0.02,0.08,0.156,0.224,0.236,0.342,0.178,0.338,0.36,0.256
"125",2024-03-12 23:10:00,0.084,0.182,0.17,0.11,0.172,0.106,0.094,0.35,0.256,0.156
"126",2024-03-12 23:20:00,0.066,0.034,0.048,0.218,0.256,0.174,0.036,0.102,0.452,0.188
"127",2024-03-12 23:30:00,0.226,0.192,0.206,0.252,0.532,0.392,0.192,0.144,0.478,0.226
"128",2024-03-12 23:40:00,0.126,0.112,0.288333333333333,0.096,0.324,0.25,0.162,0.156,0.424,0.348
"129",2024-03-12 23:50:00,0.036,0.158,0.338,0.288,0.392,0.118,0.244,0.186,0.334,0.178
"130",2024-03-13,0.238,0.206,0.192,0.124,0.214,0.24,0.108,0.33,0.502,0.306
"131",2024-03-13 00:10:00,0.143333333333333,0.252,0.214,0.494,0.426,0.096,0.09,0.404,0.182,0.156
"132",2024-03-13 00:20:00,0.062,0.078,0.18,0.12,0.29,0.356,0.186,0.212,0.158,0.044
"133",2024-03-13 00:30:00,0.226,0.131666666666667,0.286,0.196,0.293333333333333,0.383333333333333,0.02,0.24,0.438,0.15
"134",2024-03-13 00:40:00,0.02,0.124,0.282,0.162,0.22,0.15,0.22,0.252,0.24,0.04
"135",2024-03-13 00:50:00,0.128,0.052,0.24,0.193333333333333,0.32,0.38,0.168333333333333,0.126,0.263333333333333,0.215
"136",2024-03-13 01:00:00,0.238,0.136,0.266,0.29,0.404,0.356,0.142,0.394,0.506,0.314
"137",2024-03-13 01:10:00,0.14,0.14,0.318,0.178,0.266,0.26,0.096,0.15,0.128,0.264
"138",2024-03-13 01:20:00,0.23,0.152,0.172,0.21,0.25,0.346,0.186,0.33,0.166,0.138
"139",2024-03-13 01:30:00,0.018,0.108,0.104,0.128,0.278,0.196,0.146,0.332,0.172,0.212
"140",2024-03-13 01:40:00,0.164,0.152,0.261666666666667,0.4,0.454,0.368,0.294,0.348,0.342,0.138
"141",2024-03-13 01:50:00,0.114,0.194,0.26,0.288,0.378,0.494,0.336,0.372,0.586,0.498
"142",2024-03-13 02:00:00,0.186,0.268,0.37,0.338,0.314,0.37,0.268,0.482,0.516,0.238
"143",2024-03-13 02:10:00,0.318333333333333,0.316,0.37,0.42,0.52,0.408,0.598,0.574,0.416,0.434
"144",2024-03-13 02:20:00,0.16,0.246,0.316,0.448,0.278,0.68,0.34,0.636,0.6,0.444
"145",2024-03-13 02:30:00,0.418,0.498,0.28,0.372,0.513333333333333,0.476666666666667,0.462,0.55,0.426,0.266
"146",2024-03-13 02:40:00,1.046,1.162,0.882,0.908,1.16,0.964,0.982,1.332,1.106,0.97
"147",2024-03-13 02:50:00,0.15,0.325,0.23,0.233333333333333,0.338,0.49,0.36,0.525,0.406666666666667,0.406666666666667
"148",2024-03-13 03:00:00,0.972,0.952,1.088,1.464,1.378,1.264,1.37,1.174,1.474,1.118
"149",2024-03-13 03:10:00,1.198,1.076,0.822,1.002,1.268,1.308,0.92,1.398,1.228,0.894
"150",2024-03-13 03:20:00,1.422,1.728,1.73,1.494,1.91,1.684,1.536,1.65,1.934,1.604
"151",2024-03-13 03:30:00,0.154,0.23,0.255,0.228,0.3,0.458,0.222,0.344,0.26,0.184
"152",2024-03-13 03:40:00,0.01,0.102,0.098,0.294,0.232,0.228,0.2,0.262,0.222,0.148
"153",2024-03-13 03:50:00,0.116,0.118,0.09,0.186,0.266,0.218,0.18,0.57,0.312,0.036
"154",2024-03-13 04:00:00,0.128,0.138,0.036,0.142,0.334,0.086,0.072,0.556,0.224,0.072
"155",2024-03-13 04:10:00,0.096,0.074,0.018,0.162,0.23,0.166,0.074,0.252,0.132,0.068
"156",2024-03-13 04:20:00,0.074,0.082,0.014,0.056,0.118,0.092,0.024,0.108,0,0.066
"157",2024-03-13 04:30:00,0.133333333333333,0.092,0.162,0.04,0.186666666666667,0.154,0.096,0.126,0.018,0.074
"158",2024-03-13 04:40:00,0.078,0.162,0.196,0.258,0.276,0.278,0.24,0.354,0.196,0.34
"159",2024-03-13 04:50:00,0.048,0.165,0.09,0.16,0.182,0.271666666666667,0.11,0.24,0.12,0.113333333333333
"160",2024-03-13 05:00:00,0.26,0.266,0.09,0.328,0.174,0.198,0.158,0.242,0.38,0.21
"161",2024-03-13 05:10:00,0.09,0.186,0.046,0.288,0.27,0.154,0.21,0.346,0.08,0.21
"162",2024-03-13 05:20:00,0.128,0.154,0.086,0.112,0.104,0.128,0.12,0.17,0.094,0.112
"163",2024-03-13 05:30:00,0.24,0.102,0.004,0.102,0.24,0.24,0.136,0.34,0.156,0.106
"164",2024-03-13 05:40:00,0.098,0.06,0.114,0.12,0.334,0.084,0.13,0.296,0.208,0.156
"165",2024-03-13 05:50:00,0.256,0.068,0.128333333333333,0.064,0.188,0.202,0.078,0.432,0.25,0.074
"166",2024-03-13 06:00:00,0.124,0.172,0.086,0.152,0.094,0.184,0.096,0.376,0.24,0.034
"167",2024-03-13 06:10:00,0.154,0.158,0.064,0.126,0.142,0.19,0.138,0.3,0.26,0.128
"168",2024-03-13 06:20:00,0.18,0.316,0.148,0.28,0.192,0.18,0.182,0.258,0.208,0.196
"169",2024-03-13 06:30:00,0.181666666666667,0.246,0.156,0.294,0.09,0.298,0.232,0.482,0.214,0.166
"170",2024-03-13 06:40:00,0.194,0.242,0.3,0.204,0.266,0.208,0.26,0.286,0.302,0.052
"171",2024-03-13 06:50:00,0.486,0.401666666666667,0.528,0.404,0.458333333333333,0.405,0.434,0.845,0.581666666666667,0.348
"172",2024-03-13 07:00:00,0.814,0.584,0.462,1.104,0.798,0.972,0.67,1.06,0.8,0.862
"173",2024-03-13 07:10:00,0.688,NA,0.532,1.17,0.542,0.588,0.33,0.712,0.756,0.41
"174",2024-03-13 07:20:00,0.894,NA,0.664,NA,0.964,0.938,NA,1.236,0.872,0.758
"175",2024-03-13 07:30:00,0.624,NA,0.523333333333333,NA,NA,0.46,NA,NA,NA,NA
"176",2024-03-13 07:40:00,0.234,NA,NA,NA,NA,0.08,NA,NA,NA,NA
"177",2024-03-13 07:50:00,0.332,NA,NA,NA,NA,0.326,NA,NA,NA,NA
"178",2024-03-13 08:00:00,0.378,NA,NA,NA,NA,0.342,NA,NA,NA,NA
"179",2024-03-13 08:10:00,0.286,NA,NA,NA,NA,0.202,NA,NA,NA,NA
"180",2024-03-13 08:20:00,0.285,NA,NA,NA,NA,0.42,NA,NA,NA,NA
"181",2024-03-13 08:30:00,0.398,NA,NA,NA,NA,0.316,NA,NA,NA,NA
"182",2024-03-13 08:40:00,0.376,NA,NA,NA,NA,0.356666666666667,NA,NA,NA,NA
"183",2024-03-13 08:50:00,0.43,NA,NA,NA,NA,0.39,NA,NA,NA,NA
"184",2024-03-13 09:00:00,0.248,NA,NA,NA,NA,0.304,NA,NA,NA,NA
"185",2024-03-13 09:10:00,0.472,NA,NA,NA,NA,0.29,NA,NA,NA,NA
"186",2024-03-13 09:20:00,0.512,NA,NA,NA,NA,0.418,NA,NA,NA,NA
"187",2024-03-13 09:30:00,0.238,NA,NA,NA,NA,0.314,NA,NA,NA,NA
"188",2024-03-13 09:40:00,0.286,NA,NA,NA,NA,0.385,NA,NA,NA,NA
"189",2024-03-13 09:50:00,0.184,NA,NA,NA,NA,NA,NA,NA,NA,NA
"190",2024-03-13 10:00:00,0.844,NA,NA,NA,NA,NA,NA,NA,NA,NA
"191",2024-03-13 10:10:00,1.418,NA,NA,NA,NA,NA,NA,NA,NA,NA
"192",2024-03-13 10:20:00,1.07166666666667,NA,NA,NA,NA,NA,NA,NA,NA,NA
"193",2024-03-13 10:30:00,0.902,NA,NA,NA,NA,NA,NA,NA,NA,NA
"194",2024-03-13 10:40:00,0.363333333333333,NA,NA,NA,NA,NA,NA,NA,NA,NA
"195",2024-03-13 14:00:00,0.353333333333333,NA,NA,NA,NA,NA,NA,NA,NA,NA
"196",2024-03-13 14:10:00,0.712,NA,NA,NA,NA,NA,NA,NA,NA,NA
"197",2024-03-13 14:20:00,0.826,NA,NA,NA,NA,1.04,NA,NA,NA,NA
"198",2024-03-13 14:30:00,0.666,NA,1.042,NA,NA,1.008,NA,NA,NA,NA
"199",2024-03-13 14:40:00,0.79,0.906666666666667,0.696,0.923333333333333,1.17666666666667,0.99,0.933333333333333,0.903333333333333,1.02666666666667,0.69
"200",2024-03-13 14:50:00,0.542,0.578,0.696,0.452,1.12,1.124,0.912,0.78,1.022,0.868
"201",2024-03-13 15:00:00,0.591666666666667,0.658,0.745,0.65,0.842,0.99,0.594,0.746,1.016,0.704
"202",2024-03-13 15:10:00,0.226,0.254,0.392,0.272,0.394,0.32,0.374,0.524,0.308,0.376
"203",2024-03-13 15:20:00,0.19,0.258,0.302,0.224,0.514,0.25,0.198,0.268,0.382,0.248
"204",2024-03-13 15:30:00,0.254,0.21,0.254,0.382,0.622,0.292,0.372,0.224,0.408,0.242
"205",2024-03-13 15:40:00,0.306,0.176,0.14,0.278,0.392,0.251666666666667,0.288,0.344,0.396,0.062
"206",2024-03-13 15:50:00,0.218,0.252,0.318,0.326,0.5,0.432,0.252,0.386,0.41,0.188
"207",2024-03-13 16:00:00,0.052,0.236,0.258,0.142,0.272,0.478,0.192,0.254,0.516,0.318
"208",2024-03-13 16:10:00,0.216,0.086,0.216,0.184,0.378,0.174,0.38,0.37,0.244,0.134
"209",2024-03-13 16:20:00,0.102,0.141666666666667,0.054,0.296,0.388333333333333,0.32,0.156,0.261666666666667,0.236666666666667,0.198
"210",2024-03-13 16:30:00,0.146,0.238,0.184,0.208,0.27,0.256,0.17,0.086,0.2,0.134
"211",2024-03-13 16:40:00,0.13,0.192,0.078,0.12,0.194,0.232,0.216666666666667,0.228,0.262,0.203333333333333
"212",2024-03-13 16:50:00,0.116,0.168,0.256,0.178,0.294,0.13,0.188,0.23,0.308,0.446
"213",2024-03-13 17:00:00,0.178,0.188,0.101666666666667,0.178,0.342,0.364,0.21,0.164,0.092,0.09
"214",2024-03-13 17:10:00,0.262,0.282,0.084,0.226,0.382,0.23,0.244,0.414,0.188,0.14
"215",2024-03-13 17:20:00,0.0516666666666667,0.108,0.232,0.266,0.32,0.328,0.25,0.146,0.148,0.24
"216",2024-03-13 17:30:00,0.034,0.042,0.036,0.21,0.32,0.138,0.248,0.074,0.242,0.128
"217",2024-03-13 17:40:00,0.018,0.106,0.106,0.112,0.268,0.274,0.1,0.242,0.168,0.172
"218",2024-03-13 17:50:00,0.034,0.094,0.104,0.212,0.172,0.244,0.07,0.354,0.254,0.1
"219",2024-03-13 18:00:00,0.056,0.086,0.21,0.174,0.114,0.158333333333333,0.1,0.254,0.258,0.096
"220",2024-03-13 18:10:00,0.136,0.074,0.23,0.13,0.18,0.248,0.148,0.21,0.226,0.15
"221",2024-03-13 18:20:00,0.042,0.05,0.17,0.152,0.121666666666667,0.336,0.024,0.153333333333333,0.062,0.086
"222",2024-03-13 18:30:00,0.094,0.114,0.14,0.078,0.116,0.144,0.064,0.15,0.244,0.034
"223",2024-03-13 18:40:00,0.11,0.13,0.076,0.17,0.09,0.094,0.0683333333333333,0.12,0.09,0.103333333333333
"224",2024-03-13 18:50:00,0.022,0.048,0.028,0.084,0.054,0.146,0.074,0.152,0.028,0
"225",2024-03-13 19:00:00,0.11,0.058,0.028,0.168,0.084,0.04,0.038,0.122,0.098,0
"226",2024-03-13 19:10:00,0,0.042,0.01,0.066,0.206,0.138,0.02,0.026,0.136,0.086
"227",2024-03-13 19:20:00,0.004,0.036,0.0983333333333333,0.102,0.286,0.188,0.066,0.276,0.336,0.098
"228",2024-03-13 19:30:00,0.15,0.102,0.144,0.144,0.146,0.136,0.144,0.128,0.144,0.112
"229",2024-03-13 19:40:00,0.378,0.164,0.444,0.464,0.282,0.22,0.358,0.39,0.428,0.418
"230",2024-03-13 19:50:00,0.176,0.094,0.074,0.232,0.364,0.475,0.206,0.32,0.364,0.298
"231",2024-03-13 20:00:00,0.004,0,0.078,0.062,0.034,0.084,0.014,0.132,0.126,0.132
"232",2024-03-13 20:10:00,0.008,0,0.02,0.018,0.191666666666667,0.006,0.042,0.025,0.104,0.03
"233",2024-03-13 20:20:00,0,0.042,0.048,0.038,0.062,0.02,0.08,0.082,0.034,0.052
"234",2024-03-13 20:30:00,0.158,0.05,0.108,0.253333333333333,0.102,0.112,0.0566666666666667,0.064,0.045,0.07
"235",2024-03-13 20:40:00,0.2,0.05,0.154,0.12,0.034,0.046,0.106,0.114,0.068,0.156
"236",2024-03-13 20:50:00,0.028,0.006,0.046,0.162,0.066,0.11,0.052,0.068,0.066,0.06
"237",2024-03-13 21:00:00,0.062,0.05,0,0.05,0.202,0.038,0.03,0.07,0.236,0.09
"238",2024-03-13 21:10:00,0.0233333333333333,0.082,0.196,0.052,0.19,0.152,0.044,0.066,0.08,0.126
"239",2024-03-13 21:20:00,0.01,0.06,0.0416666666666667,0.068,0.114,0.042,0.05,0.08,0.028,0.006
"240",2024-03-13 21:30:00,0.1,0.074,0.068,0.098,0.252,0.112,0.072,0.024,0.136,0.108
"241",2024-03-13 21:40:00,0.05,0.042,0.084,0.062,0.048,0.252,0.004,0.084,0.14,0.074
"242",2024-03-13 21:50:00,0.438,0.068,0.126,0.156,0.196,0.111666666666667,0.092,0.176,0.188,0.026
"243",2024-03-13 22:00:00,0.284,0.212,0.41,0.61,0.534,0.484,0.244,0.416,0.656,0.69
"244",2024-03-13 22:10:00,0.124,0.07,0.19,0.098,0.205,0.064,0.1,0.203333333333333,0.146,0.13
"245",2024-03-13 22:20:00,1.236,0.996,1.322,1.634,1.248,1.318,1.248,1.356,1.794,2.174
"246",2024-03-13 22:30:00,0.628,0.498333333333333,1.264,1.5,0.888,1.222,0.85,0.852,1.55166666666667,1.14666666666667
"247",2024-03-13 22:40:00,0.198,0.082,0.36,0.128,0.368,0.27,0.238,0.264,0.182,0.37
"248",2024-03-13 22:50:00,0.16,0.15,0.428,0.271666666666667,0.318,0.234,0.271666666666667,0.276,0.412,0.36
"249",2024-03-13 23:00:00,0.196,0.092,0.082,0.282,0.13,0.272,0.122,0.292,0.25,0.318
"250",2024-03-13 23:10:00,0.325,0.348,0.436,0.488,0.424,0.242,0.402,0.506,0.75,0.488
"251",2024-03-13 23:20:00,0.322,0.64,0.635,0.638,0.768,0.578,0.884,0.736,1.156,1.07
"252",2024-03-13 23:30:00,0.114,0.182,0.126,0.222,0.362,0.322,0.168,0.418,0.424,0.38
"253",2024-03-13 23:40:00,0.082,0.028,0.096,0.126,0.156,0.156,0.05,0.244,0.326,0.15
"254",2024-03-13 23:50:00,0.052,0.106,0.11,0.178,0.26,0.2,0.14,0.12,0.234,0.092
"255",2024-03-14,0.074,0.142,0.156,0.136,0.356,0.078,0.038,0.234,0.244,0.128
"256",2024-03-14 00:10:00,0.074,0.036,0.154,0.156,0.18,0.142,0.196,0.368,0.394,0.332
"257",2024-03-14 00:20:00,0.258,0.228,0.126,0.226,0.276,0.254,0.078,0.184,0.206,0.35
"258",2024-03-14 00:30:00,0.076,0.146666666666667,0.136,0.368,0.176,0.286,0.196,0.293333333333333,0.333333333333333,0.162
"259",2024-03-14 00:40:00,0.01,0.068,0.116,0.154,0.196,0.18,0.148,0.238,0.146,0.404
"260",2024-03-14 00:50:00,0.1,0.11,0.226,0.168333333333333,0.19,0.03,0.015,0.202,0.176,0.195
"261",2024-03-14 01:00:00,0.098,0.292,0.4,0.11,0.38,0.286,0.156,0.26,0.548,0.296
"262",2024-03-14 01:10:00,0.03,0.05,0.125,0.29,0.386,0.388,0.248,0.506,0.418,0.352
"263",2024-03-14 01:20:00,0.18,0.008,0.194,0.146,0.1,0.336,0.146,0.268,0.326,0.486
"264",2024-03-14 01:30:00,0.205,0.286,0.208,0.358,0.406,0.34,0.372,0.388,0.372,0.334
"265",2024-03-14 01:40:00,0.04,0.15,0.17,0.242,0.51,0.368,0.286,0.29,0.496,0.192
"266",2024-03-14 01:50:00,0.128,0.074,0.014,0.168,0.324,0.335,0.23,0.314,0.344,0.138
"267",2024-03-14 02:00:00,0.046,0.088,0.138,0.114,0.3,0.188,0.294,0.408,0.284,0.208
"268",2024-03-14 02:10:00,0.136,0.072,0.068,0.13,0.153333333333333,0.266,0.088,0.326,0.23,0.268
"269",2024-03-14 02:20:00,0.076,0.062,0.158,0.33,0.43,0.198,0.236,0.51,0.104,0.224
"270",2024-03-14 02:30:00,0.158,0.248333333333333,0.12,0.268,0.54,0.568,0.094,0.393333333333333,0.534,0.386
"271",2024-03-14 02:40:00,0.312,0.26,0.258,0.176,0.458,0.536,0.32,0.512,0.418,0.402
"272",2024-03-14 02:50:00,0.206,0.348,0.224,0.396666666666667,0.354,0.556,0.326666666666667,0.562,0.326666666666667,0.301666666666667
"273",2024-03-14 03:00:00,0.324,0.342,0.108,0.236,0.806,0.336,0.464,0.42,0.47,0.304
"274",2024-03-14 03:10:00,0.238,0.392,0.373333333333333,0.35,0.546,0.5,0.37,0.544,0.532,0.29
"275",2024-03-14 03:20:00,0.354,0.322,0.388,0.474,0.44,0.406,0.376,0.626,0.456,0.224
"276",2024-03-14 03:30:00,0.85,0.706,0.592,0.688,0.974,0.804,0.624,0.95,0.796,0.618
"277",2024-03-14 03:40:00,0.63,0.61,0.59,0.438,0.87,0.796,0.446,0.744,0.776,0.508
"278",2024-03-14 03:50:00,0.442,0.472,0.382,0.546,0.442,0.582,0.286,0.506,0.456,0.406
"279",2024-03-14 04:00:00,0.448,0.438,0.46,0.546,0.792,0.412,0.53,0.732,0.66,0.374
"280",2024-03-14 04:10:00,0.452,0.506,0.314,0.512,0.66,0.485,0.528,0.556,0.63,0.814
"281",2024-03-14 04:20:00,0.418,0.562,0.484,0.612,0.624,0.552,0.548,0.5,0.722,0.488
"282",2024-03-14 04:30:00,0.572,0.566666666666667,0.716,0.558,0.76,0.734,0.806,0.898333333333333,0.762,0.474
"283",2024-03-14 04:40:00,0.4,0.342,0.428,0.402,0.728,0.574,0.476,0.65,0.678,0.512
"284",2024-03-14 04:50:00,0.266,0.246,0.168,0.318333333333333,0.426,0.314,0.311666666666667,0.358,0.53,0.411666666666667
"285",2024-03-14 05:00:00,0.082,0.228,0.212,0.254,0.294,0.438,0.54,0.486,0.526,0.372
"286",2024-03-14 05:10:00,0.188,0.2,0.223333333333333,0.306,0.572,0.3,0.248,0.442,0.222,0.332
"287",2024-03-14 05:20:00,0.293333333333333,0.516,0.208,0.372,0.638,0.592,0.554,0.656,0.488,0.36
"288",2024-03-14 05:30:00,0.286,0.306,0.216,0.25,0.434,0.432,0.258,0.43,0.44,0.26
"289",2024-03-14 05:40:00,0.262,0.236,0.25,0.354,0.23,0.304,0.258,0.446,0.38,0.148
"290",2024-03-14 05:50:00,0.212,0.144,0.24,0.094,0.382,0.42,0.154,0.276,0.424,0.07
"291",2024-03-14 06:00:00,0.388,0.29,0.222,0.26,0.492,0.453333333333333,0.322,0.402,0.388,0.222
"292",2024-03-14 06:10:00,0.232,0.28,0.164,0.386,0.55,0.284,0.384,0.76,0.226,0.272
"293",2024-03-14 06:20:00,0.27,0.555,0.132,0.386,0.488333333333333,0.63,0.34,0.555,0.456,0.55
"294",2024-03-14 06:30:00,0.452,0.452,0.18,0.422,0.494,0.528,0.374,0.688,0.45,0.24
"295",2024-03-14 06:40:00,0.428,0.372,0.436,0.442,0.514,0.418,0.325,0.65,0.653333333333333,0.218333333333333
"296",2024-03-14 06:50:00,0.266,0.306,0.156,0.376,0.462,0.458,0.344,0.398,0.51,0.276
"297",2024-03-14 07:00:00,0.234,0.384,0.358,0.44,0.43,0.312,0.082,0.652,0.41,0.288
"298",2024-03-14 07:10:00,0.298,0.262,0.132,0.24,0.386,0.35,0.336,0.706,0.21,0.264
"299",2024-03-14 07:20:00,0.228333333333333,0.23,0.162,0.386,0.38,0.284,0.216,0.57,0.272,0.112
"300",2024-03-14 07:30:00,0.418,0.398,0.293333333333333,0.382,0.5,0.254,0.218,0.628,0.566,0.378
"301",2024-03-14 07:40:00,0.5,0.28,0.39,0.668,0.674,0.522,0.394,0.634,0.494,0.362
"302",2024-03-14 07:50:00,0.584,0.328,0.532,0.428,0.602,0.372,0.536,0.676,0.354,0.424
"303",2024-03-14 08:00:00,0.602,0.644,0.344,0.662,0.6,0.723333333333333,0.432,0.814,0.614,0.49
"304",2024-03-14 08:10:00,0.726,0.62,0.434,0.896,0.576,0.572,0.724,0.74,0.57,0.354
"305",2024-03-14 08:20:00,0.838,0.696666666666667,0.518,0.658,0.916666666666667,0.692,0.836,1.18833333333333,0.778,0.736
"306",2024-03-14 08:30:00,0.23,0.42,0.1,0.416,0.146,0.346,0.258,0.88,0.406,0.378
"307",2024-03-14 08:40:00,0.39,0.703333333333333,0.4,0.974,0.584,0.714,0.57,1.194,0.761666666666667,0.744
"308",2024-03-14 08:50:00,0.224,NA,0.444,0.48,0.444,0.506,NA,0.772,0.604,0.506
"309",2024-03-14 09:00:00,0.458,NA,0.194,0.685,0.526666666666667,0.552,NA,0.81,0.654,0.558333333333333
"310",2024-03-14 09:10:00,0.28,NA,0.198,NA,NA,0.334,NA,NA,0.398,0.534
"311",2024-03-14 09:20:00,0.315,NA,0.252,NA,NA,0.358,NA,NA,0.373333333333333,0.553333333333333
"312",2024-03-14 09:30:00,0.574,NA,0.17,NA,NA,0.504,NA,NA,NA,NA
"313",2024-03-14 09:40:00,0.61,NA,NA,NA,NA,0.544,NA,NA,NA,NA
"314",2024-03-14 09:50:00,0.47,NA,NA,NA,NA,0.474,NA,NA,NA,NA
"315",2024-03-14 10:00:00,1.29,NA,NA,NA,NA,1.37833333333333,NA,NA,NA,NA
"316",2024-03-14 10:10:00,0.308,NA,NA,NA,NA,0.478,NA,NA,NA,NA
"317",2024-03-14 10:20:00,0.604,NA,NA,NA,NA,0.58,NA,NA,0.345,NA
"318",2024-03-14 10:30:00,0.786,NA,0.668,NA,NA,0.798,NA,NA,0.708,NA
"319",2024-03-14 10:40:00,1.038,NA,0.66,NA,NA,0.884,NA,NA,0.95,NA
"320",2024-03-14 10:50:00,1.26,NA,NA,NA,NA,0.898,NA,NA,NA,NA
"321",2024-03-14 11:00:00,0.742,NA,NA,NA,NA,0.49,NA,NA,NA,NA
"322",2024-03-14 11:10:00,0.658,NA,NA,NA,NA,NA,NA,NA,NA,NA
"323",2024-03-14 11:20:00,0.703333333333333,NA,NA,NA,NA,NA,NA,NA,NA,NA
"324",2024-03-14 11:30:00,0.58,NA,NA,NA,NA,NA,NA,NA,NA,NA
"325",2024-03-14 11:40:00,0.684,NA,NA,NA,NA,NA,NA,NA,NA,NA
"326",2024-03-14 11:50:00,1.004,NA,NA,NA,NA,NA,NA,NA,NA,NA
"327",2024-03-14 12:00:00,1.53,NA,NA,NA,NA,NA,NA,NA,NA,NA
"328",2024-03-14 14:00:00,1.128,NA,NA,NA,NA,NA,NA,NA,NA,NA
"329",2024-03-14 14:10:00,1.218,NA,NA,NA,NA,NA,NA,NA,NA,NA
"330",2024-03-14 14:20:00,1.318,NA,1.07,NA,NA,1.16,NA,NA,NA,NA
"331",2024-03-14 14:30:00,0.472,NA,0.238,NA,NA,0.47,NA,NA,NA,NA
"332",2024-03-14 14:40:00,0.238,0.415,0.292,0.1625,0.5275,0.291666666666667,0.1225,0.5875,0.2825,0.1475
"333",2024-03-14 14:50:00,0.268,0.436,0.182,0.226,0.528,0.286,0.178,0.492,0.362,0.078
"334",2024-03-14 15:00:00,0.348,0.322,0.31,0.242,0.54,0.388,0.184,0.546,0.244,0.214
"335",2024-03-14 15:10:00,0.22,0.202,0.304,0.382,0.432,0.142,0.198,0.316,0.33,0.134
"336",2024-03-14 15:20:00,0.066,0.132,0.206,0.156,0.416,0.138,0.028,0.302,0.124,0.028
"337",2024-03-14 15:30:00,0.134,0.144,0.104,0.156,0.178,0.22,0.118,0.2,0.116,0.106
"338",2024-03-14 15:40:00,0.098,0.0316666666666667,0.068,0.054,0.193333333333333,0.158,0.082,0.161666666666667,0.09,0.028
"339",2024-03-14 15:50:00,0.243333333333333,0.062,0.11,0.184,0.298,0.086,0.088,0.322,0.274,0.118
"340",2024-03-14 16:00:00,0.202,0.078,0.198,0.024,0.252,0.1,0.098,0.15,0.31,0.075
"341",2024-03-14 16:10:00,0.318,0.38,0.462,0.244,0.72,0.334,0.278,0.332,0.392,0.258
"342",2024-03-14 16:20:00,0.142,0.328,0.188333333333333,0.226666666666667,0.412,0.362,0.215,0.324,0.274,0.222
"343",2024-03-14 16:30:00,0.314,0.1,0.246,0.168,0.382,0.21,0.206,0.376,0.284,0.136
"344",2024-03-14 16:40:00,0.104,0.066,0.278,0.07,0.216,0.13,0.088,0.232,0.106,0.138
"345",2024-03-14 16:50:00,0.274,0.276,0.122,0.202,0.364,0.135,0.242,0.276,0.282,0.27
"346",2024-03-14 17:00:00,0.16,0.104,0.35,0.2,0.388,0.274,0.22,0.452,0.382,0.396
"347",2024-03-14 17:10:00,0.202,0.242,0.342,0.162,0.41,0.362,0.304,0.466,0.384,0.142
"348",2024-03-14 17:20:00,0.182,0.156,0.24,0.218,0.37,0.31,0.288,0.53,0.308,0.262
"349",2024-03-14 17:30:00,0.25,0.0983333333333333,0.302,0.118,0.461666666666667,0.342,0.23,0.353333333333333,0.438,0.152
"350",2024-03-14 17:40:00,0.346,0.348,0.332,0.084,0.518,0.432,0.422,0.28,0.522,0.236
"351",2024-03-14 17:50:00,0.255,0.186,0.31,0.27,0.518,0.254,0.294,0.202,0.431666666666667,0.106666666666667
"352",2024-03-14 18:00:00,0.082,0.196,0.172,0.356,0.44,0.288,0.152,0.306,0.236,0.082
"353",2024-03-14 18:10:00,0.164,0.13,0.246,0.0233333333333333,0.374,0.262,0.085,0.308,0.45,0.166
"354",2024-03-14 18:20:00,0.248,0.138,0.175,0,0.448,0.084,0.12,0.3,0.42,0.048
"355",2024-03-14 18:30:00,0.212,0.11,0.204,0.004,0.36,0.172,0.128,0.384,0.082,0.182
"356",2024-03-14 18:40:00,0.168,0.212,0.224,0.186,0.426,0.142,0.126,0.202,0.362,0.228
"357",2024-03-14 18:50:00,0.044,0.08,0.06,0.098,0.272,0.176666666666667,0.118,0.168,0.344,0.164
"358",2024-03-14 19:00:00,0.118,0.02,0.042,0,0.336,0.152,0.12,0.09,0.422,0.08
"359",2024-03-14 19:10:00,0.084,0.1,0.068,0,0.104,0.07,0.034,0.118,0.172,0.186
"360",2024-03-14 19:20:00,0.09,0.064,0.174,0,0.266,0.04,0.194,0.16,0.2,0.054
"361",2024-03-14 19:30:00,0.02,0.138,0.102,0.018,0.158333333333333,0.132,0.28,0.29,0.164,0.182
"362",2024-03-14 19:40:00,0.018,0.062,0.252,0,0.16,0.104,0.03,0.236,0.234,0.11
"363",2024-03-14 19:50:00,0,0.055,0.154,0,0.318,0.086,0.116,0.196,0.225,0.194
"364",2024-03-14 20:00:00,0,0.232,0.098,0,0.2,0.12,0.096,0.18,0.082,0.198
"365",2024-03-14 20:10:00,0.00333333333333333,0.062,0.178,0,0.164,0.174,0.0633333333333333,0.322,0.2,0.0816666666666667
"366",2024-03-14 20:20:00,0.126,0.09,0.196666666666667,0,0.306,0.214,0.084,0.332,0.188,0.154
"367",2024-03-14 20:30:00,0.108,0.054,0.112,0,0.348,0.242,0.146,0.154,0.24,0.148
"368",2024-03-14 20:40:00,0.1,0.088,0.092,0,0.244,0.212,0.1,0.268,0.174,0.186
"369",2024-03-14 20:50:00,0.174,0.132,0.288,0,0.232,0.208333333333333,0.074,0.248,0.3,0.096
"370",2024-03-14 21:00:00,0.004,0.132,0.05,0,0.084,0.136,0.092,0.188,0.196,0.25
"371",2024-03-14 21:10:00,0.046,0.122,0.054,0,0.242,0.146,0.162,0.18,0.162,0.138
"372",2024-03-14 21:20:00,0.028,0.048,0.292,0,0.26,0.078,0.09,0.122,0.154,0.086
"373",2024-03-14 21:30:00,0,0.026,0.036,0,0.156666666666667,0.044,0.152,0.098,0.07,0.116
"374",2024-03-14 21:40:00,0.024,0.124,0.184,0,0.134,0.366,0.12,0.3,0.204,0.076
"375",2024-03-14 21:50:00,0.076,0.14,0.21,0,0.318,0.042,0.02,0.146666666666667,0.233333333333333,0.088
"376",2024-03-14 22:00:00,0.248,0.176,0.24,0.032,0.272,0.178,0.136,0.342,0.41,0.278
"377",2024-03-14 22:10:00,0.02,0.076,0.14,0.025,0.138,0.178,0.111666666666667,0.076,0.208,0.16
"378",2024-03-14 22:20:00,0.124,0.234,0.056,0,0.502,0.094,0.214,0.404,0.214,0.172
"379",2024-03-14 22:30:00,0.268,0.14,0.166666666666667,0.074,0.248,0.35,0.192,0.312,0.112,0.22
"380",2024-03-14 22:40:00,0.342,0.228,0.23,0.162,0.302,0.264,0.332,0.304,0.332,0.204
"381",2024-03-14 22:50:00,0.374,0.24,0.268,0.216,0.218,0.411666666666667,0.25,0.304,0.226,0.128
"382",2024-03-14 23:00:00,0.28,0.166,0.156,0.142,0.464,0.26,0.266,0.436,0.29,0.09
"383",2024-03-14 23:10:00,0.136,0.07,0.208,0.176,0.2,0.13,0.118,0.144,0.108,0.268
"384",2024-03-14 23:20:00,0.07,0.118,0.162,0.2,0.232,0.106,0.23,0.192,0.17,0.076
"385",2024-03-14 23:30:00,0.116,0.118,0.14,0.248,0.295,0.146,0.056,0.238,0.252,0.172
"386",2024-03-14 23:40:00,0.042,0.078,0.162,0.11,0.178,0.088,0.098,0.184,0.186,0.076
"387",2024-03-14 23:50:00,0.18,0.11,0.118,0.15,0.236,0.13,0.29,0.356666666666667,0.15,0.082
"388",2024-03-15,0.152,0,0.032,0.044,0.004,0.14,0,0.104,0.096,0.06
"389",2024-03-15 00:10:00,0.0166666666666667,0.028,0.126,0.052,0.144,0.026,0,0.034,0,0.0966666666666667
"390",2024-03-15 00:20:00,0.14,0.074,0.056,0.07,0.032,0.088,0.076,0.062,0.088,0.168
"391",2024-03-15 00:30:00,0.05,0.064,0.07,0.106666666666667,0.092,0.072,0.07,0.068,0.068,0.01
"392",2024-03-15 00:40:00,0.024,0.078,0.086,0.138,0.194,0.076,0.006,0.06,0.102,0.034
"393",2024-03-15 00:50:00,0,0.07,0.166,0.09,0.216,0.168333333333333,0.102,0.12,0.096,0.076
"394",2024-03-15 01:00:00,0.054,0.01,0.048,0.092,0.042,0.052,0.014,0.084,0.02,0
"395",2024-03-15 01:10:00,0,0.05,0.064,0.022,0.028,0.06,0.114,0.062,0.06,0.088
"396",2024-03-15 01:20:00,0.024,0.084,0.03,0.122,0.136,0.05,0.034,0.13,0.14,0.12
"397",2024-03-15 01:30:00,0.034,0.01,0.178,0.124,0.118,0.178,0.032,0.206,0.074,0.168
"398",2024-03-15 01:40:00,0.016,0.044,0,0.094,0,0.098,0,0.034,0.078,0
"399",2024-03-15 01:50:00,0,0.015,0.076,0.03,0.0333333333333333,0.098,0.018,0.0516666666666667,0.01,0
"400",2024-03-15 02:00:00,0.00833333333333333,0,0.006,0.096,0.018,0.022,0.024,0.014,0.018,0
"401",2024-03-15 02:10:00,0,0,0.032,0.096,0.044,0.044,0,0.206,0.106666666666667,0.0483333333333333
"402",2024-03-15 02:20:00,0,0.018,0.056,0.102,0.06,0.06,0.032,0.244,0.058,0.102
"403",2024-03-15 02:30:00,0,0,0,0.0266666666666667,0.01,0.052,0.0233333333333333,0.122,0.05,0.01
"404",2024-03-15 02:40:00,0.07,0.016,0.058,0.06,0,0,0.076,0.08,0.044,0.052
"405",2024-03-15 02:50:00,0.006,0.056,0,0.046,0.048,0.042,0.058,0.01,0,0.03
"406",2024-03-15 03:00:00,0.188,0.022,0.198,0.084,0.168,0.143333333333333,0.222,0.14,0.168,0.156
"407",2024-03-15 03:10:00,0,0.108,0,0.078,0.114,0.108,0,0.248,0.024,0.076
"408",2024-03-15 03:20:00,0.056,0.024,0,0.138,0.094,0.096,0.018,0.08,0.1,0.062
"409",2024-03-15 03:30:00,0.09,0.058,0.004,0.098,0.042,0.18,0.018,0.17,0.032,0.028
"410",2024-03-15 03:40:00,0.264,0.19,0.086,0.192,0.245,0.158,0.146,0.318333333333333,0.048,0.16
"411",2024-03-15 03:50:00,0.208,0.184,0.148,0.182,0.15,0.23,0.158,0.228,0.16,0.084
"412",2024-03-15 04:00:00,0.271666666666667,0.298333333333333,0.214,0.248,0.472,0.154,0.176,0.442,0.243333333333333,0.273333333333333
"413",2024-03-15 04:10:00,0.662,0.76,0.93,0.994,1.354,1.076,0.882,1.02,0.706,1.048
"414",2024-03-15 04:20:00,0.646,0.436,0.63,0.863333333333333,0.878,0.852,0.616666666666667,0.51,0.78,0.576
"415",2024-03-15 04:30:00,0.428,0.446,0.466666666666667,0.33,0.574,0.262,0.258,0.49,0.396,0.4
"416",2024-03-15 04:40:00,0.542,0.58,0.318,0.44,0.572,0.592,0.348,0.456,0.394,0.23
"417",2024-03-15 04:50:00,0.196,0.066,0.212,0.094,0.072,0.13,0.042,0.17,0.106,0.26
"418",2024-03-15 05:00:00,0.034,0.082,0.112,0.05,0.166,0.0583333333333333,0.072,0.19,0.118,0.084
"419",2024-03-15 05:10:00,0.062,0.058,0.106,0.062,0.118,0.042,0.074,0.158,0.004,0.046
"420",2024-03-15 05:20:00,0.128,0.03,0.078,0.076,0.05,0.262,0.034,0.262,0.124,0.046
"421",2024-03-15 05:30:00,0.284,0.418,0.366,0.504,0.432,0.626,0.422,0.544,0.492,0.38
"422",2024-03-15 05:40:00,0.852,0.64,0.646,0.976,0.823333333333333,0.776,0.726,0.656666666666667,0.628,0.732
"423",2024-03-15 05:50:00,0.254,0.228,0.364,0.444,0.456,0.296,0.254,0.302,0.376,0.298
"424",2024-03-15 06:00:00,0.186,0.145,0.17,0.332,0.312,0.226,0.358,0.372,0.15,0.148
"425",2024-03-15 06:10:00,0.102,0.18,0.194,0.232,0.19,0.098,0.242,0.33,0.198,0.046
"426",2024-03-15 06:20:00,0.143333333333333,0.052,0.136,0.226666666666667,0.288,0.142,0.115,0.104,0.048,0.173333333333333
"427",2024-03-15 06:30:00,0.078,0.064,0.126666666666667,0.268,0.224,0.186,0.164,0.31,0.142,0.266
"428",2024-03-15 06:40:00,0.39,0.666,0.438,0.664,0.612,0.558,0.574,0.512,0.512,0.568
"429",2024-03-15 06:50:00,0.118,0.244,0.114,0.214,0.424,0.19,0.236,0.388,0.382,0.104
"430",2024-03-15 07:00:00,0.128,0.16,0.044,0.172,0.22,0.14,0.104,0.156,0.07,0.078
"431",2024-03-15 07:10:00,0.158,0.094,0.038,0.294,0.088,0.192,0.048,0.13,0.032,0.144
"432",2024-03-15 07:20:00,0.084,0.13,0.13,0.226,0.102,0.202,0.122,0.108,0.124,0.12
"433",2024-03-15 07:30:00,0.066,0.214,0.112,0.16,0.288,0.28,0.086,0.232,0.162,0.07
"434",2024-03-15 07:40:00,0.156,0.13,0.066,0.074,0.101666666666667,0.014,0.128,0.126666666666667,0.1,0.242
"435",2024-03-15 07:50:00,0.138,0.092,0.066,0.136,0.412,0.136,0.116,0.124,0.136,0.05
"436",2024-03-15 08:00:00,0.14,0.14,0.18,0.158,0.276,0.226,0.118,0.208,0.41,0.224
"437",2024-03-15 08:10:00,0.078,0.278,0.054,0.204,0.288,0.122,0.214,0.21,0.122,0.114
"438",2024-03-15 08:20:00,0.0583333333333333,0.09,0.08,0.152,0.118,0.194,0.086,0.1,0.126666666666667,0.125
"439",2024-03-15 08:30:00,0.186,0.154,0.354,0.108,0.264,0.09,0.166,0.184,0.236,0.084
"440",2024-03-15 08:40:00,0.108,0.03,0.0883333333333333,0.221666666666667,0.192,0.286,0.108333333333333,0.14,0.2,0.024
"441",2024-03-15 08:50:00,0.148,0.068,0.298,0.206,0.076,0.142,0.068,0.216,0.078,0.064
"442",2024-03-15 09:00:00,0.13,0.128,0.126,0.034,0.11,0.075,0.14,0.336,0.076,0.004
"443",2024-03-15 09:10:00,0.07,0.072,0.022,0.034,0.174,0.082,0.042,0.18,0.088,0.11
"444",2024-03-15 09:20:00,0.14,0.178,0.06,0.2,0.048,0.116,0.048,0.226,0.05,0.01
"445",2024-03-15 09:30:00,0.136,0.078,0.074,0.158,0.162,0.174,0.142,0.258,0.104,0.152
"446",2024-03-15 09:40:00,0.336,0.31,0.09,0.27,0.441666666666667,0.456,0.524,0.332,0.4,0.226
"447",2024-03-15 09:50:00,0.43,0.312,0.02,0.322,0.458,0.428,0.262,0.516,0.37,0.412
"448",2024-03-15 10:00:00,1.294,1.525,1.11,1.832,2.028,1.664,1.53,1.895,1.47,1.656
"449",2024-03-15 10:10:00,4.434,4.898,5,5.312,4.676,5.372,4.4,5.362,5.12,4.814
"450",2024-03-15 10:20:00,8.03333333333333,7.256,8.642,8.574,7.686,9.1,9.05,8.012,8.51333333333333,9.00166666666667
"451",2024-03-15 10:30:00,10.514,8.612,11.142,10.21,9.298,10.692,NA,9.662,12.394,11.162
"452",2024-03-15 10:40:00,11.692,9.03,13.39,12.09,10.542,13.168,12.6825,10.838,12.89,12.72
"453",2024-03-15 10:50:00,15.778,12.19,16.566,15.22,13.674,16.666,15.522,14.278,17.254,17.188
"454",2024-03-15 11:00:00,16.176,12.31,16.476,15.18,14.776,17.1316666666667,15.34,14.102,17.206,16.518
"455",2024-03-15 11:10:00,12.842,11.39,14.49,13.442,11.87,14.832,12.682,12.614,14.764,13.914
"456",2024-03-15 11:20:00,11.586,9.47,13.414,11.292,10.794,13.456,11.862,11.13,12.282,11.818
"457",2024-03-15 11:30:00,11.156,9.794,12.092,12.094,10.092,13.764,11.014,10.226,13.434,11.738
"458",2024-03-15 11:40:00,10.788,9.042,11,10.714,9.28333333333333,10.924,9.638,10.12,10.806,10.848
"459",2024-03-15 11:50:00,7.45,6.622,8.814,8.516,8.19,8.312,7.73,8.102,8.568,8.652
"460",2024-03-15 12:00:00,6.466,6.57,7.11,6.354,6.622,7.014,6.406,6.76166666666667,7.054,6.24
"461",2024-03-15 12:10:00,5.22333333333333,NA,6.844,6.252,5.934,5.952,5.11,5.558,5.964,5.936
"462",2024-03-15 12:20:00,5.416,NA,5.64,6.12,NA,6.08,5.34,NA,5.84,5.85166666666667
"463",2024-03-15 12:30:00,4.912,NA,5.354,NA,NA,4.748,NA,NA,5.628,5.362
"464",2024-03-15 12:40:00,4.758,NA,5.82333333333333,NA,NA,5.62,NA,NA,NA,NA
"465",2024-03-15 12:50:00,4.408,NA,NA,NA,NA,4.628,NA,NA,NA,NA
"466",2024-03-15 13:00:00,4.568,NA,NA,NA,NA,4.524,NA,NA,NA,NA
"467",2024-03-15 13:10:00,5.024,NA,NA,NA,NA,4.5,NA,NA,NA,NA
"468",2024-03-15 13:20:00,4.34,NA,NA,NA,NA,4.256,NA,NA,NA,NA
"469",2024-03-15 13:30:00,4.75,NA,NA,NA,NA,5.015,NA,NA,NA,NA
"470",2024-03-15 13:40:00,4.272,NA,NA,NA,NA,NA,NA,NA,NA,NA
"471",2024-03-15 13:50:00,4.77,NA,NA,NA,NA,NA,NA,NA,NA,NA
"472",2024-03-15 14:00:00,4.252,NA,NA,NA,NA,NA,NA,NA,NA,NA
"473",2024-03-15 14:10:00,4.908,NA,NA,NA,NA,3.13,NA,NA,NA,NA
"474",2024-03-15 14:20:00,4.218,NA,NA,NA,NA,4.432,NA,NA,NA,NA
"475",2024-03-15 14:30:00,4.74666666666667,NA,NA,NA,NA,4.89,NA,NA,5.89,NA
"476",2024-03-15 14:40:00,6.188,NA,NA,NA,NA,5.544,NA,NA,6.696,5.93
"477",2024-03-15 14:50:00,6.774,NA,NA,NA,NA,6.376,NA,NA,7.23,6.80333333333333
"478",2024-03-15 15:00:00,7.408,NA,7.295,NA,NA,6.88,NA,NA,7.614,7.114
"479",2024-03-15 15:10:00,7.026,NA,8.048,6.48,7.7,6.85166666666667,6.2,7.76,7.508,6.844
"480",2024-03-15 15:20:00,6.898,NA,8.092,6.788,8.374,6.45,6.904,6.772,7.824,7.812
"481",2024-03-15 15:30:00,7.44,7.87,8.818,8.96,8.946,8.968,8.36,7.992,8.914,8.256
"482",2024-03-15 15:40:00,8.156,7.218,9.094,7.778,9.012,8.064,8.058,7.762,8.598,7.836
"483",2024-03-15 15:50:00,7.304,6.976,8.112,7.242,8.88,7.36,7.595,7.666,7.67,7.866
"484",2024-03-15 16:00:00,8.738,7.322,9.656,7.974,8.978,8.18,NA,8.302,9.584,7.584
"485",2024-03-15 16:10:00,7.624,7.858,9.4,8.42,8.96833333333333,8.108,6.74,8.45,9.214,9.332
"486",2024-03-15 16:20:00,8.624,7.914,8.406,8.276,8.766,8.836,7.224,8.214,8.588,8.132
"487",2024-03-15 16:30:00,9.135,7.384,10.24,9.06,9.34,8.65,8.08,8.25833333333333,9.926,8.432
"488",2024-03-15 16:40:00,7.718,7.658,8.75,8.192,8.842,8.406,8.274,7.92,8.222,7.608
"489",2024-03-15 16:50:00,8.254,7.31166666666667,8.034,7.872,7.782,7.356,7.138,7.88,8.14833333333333,7.34833333333333
"490",2024-03-15 17:00:00,7.368,6.018,7.75666666666667,7.058,8.148,7.414,7.64,7.63,7.55,7.276
"491",2024-03-15 17:10:00,6.786,5.986,6.748,6,7.18,6.46,5.985,6.222,6.396,6.426
"492",2024-03-15 17:20:00,7.688,6.486,7.52,7.662,7.142,7.714,6.97,7.062,7.846,7.234
"493",2024-03-15 17:30:00,6.206,5.444,5.84,5.45,6.24,6.802,5.768,5.79,5.908,5.766
"494",2024-03-15 17:40:00,5.58,4.694,5.414,4.538,5.734,5.826,5.3,5.574,5.462,5.298
"495",2024-03-15 17:50:00,5.946,5.076,5.346,4.43,5.404,5.174,6.022,5.504,5.298,5.48
"496",2024-03-15 18:00:00,5.608,5.046,5.162,4.83,5.632,5.022,4.95,5.53,5.462,5.552
"497",2024-03-15 18:10:00,4.628,4.34,5.092,4.042,5.206,4.478,4.536,4.666,5.308,4.824
"498",2024-03-15 18:20:00,5.92,4.602,5.368,5.216,5.612,5.844,5.656,5.79,6.138,5.798
"499",2024-03-15 18:30:00,5.48833333333333,4.444,5.038,4.664,5.44833333333333,4.982,5.2,5.12833333333333,5.182,4.812
"500",2024-03-15 18:40:00,5.688,5.01,5.126,4.956,5.604,5.624,5.92,5.438,5.61,6.302
"501",2024-03-15 18:50:00,5.624,4.41166666666667,5.036,4.624,5.26,5.058,4.874,5.332,4.98333333333333,4.935
"502",2024-03-15 19:00:00,6.332,4.994,5.48,5.452,5.79,6.074,5.852,5.948,6.192,5.478
"503",2024-03-15 19:10:00,6.006,5.098,5.24166666666667,4.74333333333333,6.19,6.07,5.706,5.814,5.36,5.6
"504",2024-03-15 19:20:00,6.056,5.834,5.426,5.506,5.682,6.046,5.31,5.728,5.818,5.69
"505",2024-03-15 19:30:00,5.926,5.224,5.794,5.838,6.7,6.068,5.86333333333333,6.368,5.932,5.64
"506",2024-03-15 19:40:00,6.146,5.676,6.008,5.778,5.83,6.432,5.786,5.99,6.482,5.588
"507",2024-03-15 19:50:00,6.862,5.642,6.46,6.706,6.506,6.816,6.374,7.05,6.476,6.642
"508",2024-03-15 20:00:00,6.244,5.212,6.034,6.18,6.084,6.876,5.768,6.464,6.178,5.53
"509",2024-03-15 20:10:00,6.978,5.768,6.512,7.176,6.838,6.732,6.67,6.634,7.036,6.46
"510",2024-03-15 20:20:00,6.994,5.598,6.098,5.982,6.626,6.92,6.528,6.916,6.488,6.442
"511",2024-03-15 20:30:00,5.83333333333333,4.992,5.398,5.702,5.59666666666667,6.62,5.212,5.65833333333333,6.026,5.358
"512",2024-03-15 20:40:00,5.476,4.614,5.488,6.12,5.222,5.448,5.362,5.422,5.178,5.192
"513",2024-03-15 20:50:00,5.22,4.255,4.85,4.858,5.25,5.34,4.616,5.766,5.73833333333333,4.86
"514",2024-03-15 21:00:00,5.308,4.27,5.106,4.856,5.158,5.7,5.286,5.266,5.542,4.686
"515",2024-03-15 21:10:00,5.68,5.244,5.79166666666667,5.852,5.466,6.144,5.188,5.726,6.028,5.014
"516",2024-03-15 21:20:00,4.282,3.874,4.672,4.826,4.64,4.754,4.408,4.588,4.522,4.404
"517",2024-03-15 21:30:00,4.554,4.2,4.396,4.06333333333333,5.086,4.52833333333333,4.41166666666667,4.754,4.354,4.262
"518",2024-03-15 21:40:00,4.602,4.112,4.666,4.056,4.742,4.842,4.11,4.82,4.958,4.194
"519",2024-03-15 21:50:00,7.144,5.788,7.008,6.25,5.93,6.922,5.828,6.342,7.266,7.002
"520",2024-03-15 22:00:00,15.29,13.382,15.964,16.098,12.188,17.124,14.852,13.96,15.482,15.578
"521",2024-03-15 22:10:00,21.312,17.96,23.298,21.676,18.042,22.34,21.34,19.298,23.204,21.686
"522",2024-03-15 22:20:00,20.065,17.606,23.356,21.954,17.816,23.376,19.758,19.206,23.054,21.408
"523",2024-03-15 22:30:00,16.552,14.558,16.946,17.58,13.5866666666667,18.81,15.776,16.572,19.046,19.198
"524",2024-03-15 22:40:00,19.342,15.676,20.128,20.026,17.428,19.686,18.714,16.95,19.062,19.962
"525",2024-03-15 22:50:00,16.53,14.0216666666667,18.184,17.234,14.864,17.512,16.554,14.93,18.155,17.88
"526",2024-03-15 23:00:00,15.48,13.95,16.86,16.382,14.134,16.492,15.194,15.418,17.792,17.024
"527",2024-03-15 23:10:00,14.2,11.686,16.08,15.374,12.668,16.934,14.164,13.472,15.294,16.9066666666667
"528",2024-03-15 23:20:00,21.278,17.972,22.894,20.458,16.938,21.7666666666667,20.112,18.768,22.7,22.924
"529",2024-03-15 23:30:00,23.268,19.53,25.226,23.3183333333333,19.848,24.84,22.0533333333333,21.254,25.578,24.702
"530",2024-03-15 23:40:00,22.888,18.194,23.816,22.202,19.596,23.926,22.414,20.168,24.98,24.402
"531",2024-03-15 23:50:00,27.784,24.38,33.324,29.99,25.266,29.954,28.39,25.91,31.106,31.354
"532",2024-03-16,21.374,16.898,22.784,20.202,18.566,22.66,21.274,19.402,22.528,22.292
"533",2024-03-16 00:10:00,24.034,17.234,24.248,21.514,19.184,23.528,NA,20.294,23.906,23.102
"534",2024-03-16 00:20:00,17.486,13.436,18.186,15.918,14.645,18.746,NA,15.296,17.696,17.832
"535",2024-03-16 00:30:00,16.424,12.126,17.154,15.7,13.842,17.146,16.45,14.866,17.904,16.012
"536",2024-03-16 00:40:00,18.56,14.998,18.82,18.138,16.452,20.544,18.18,16.15,20.61,18.06
"537",2024-03-16 00:50:00,16.022,12.514,15.934,15.608,14.224,16.656,NA,14.32,16.056,16.198
"538",2024-03-16 01:00:00,16.94,14.1333333333333,18.716,17.522,14.772,20.136,NA,15.014,17.862,18.295
"539",2024-03-16 01:10:00,17.978,13.736,18.615,16.444,15.03,19.82,17.144,15.422,17.76,19.548
"540",2024-03-16 01:20:00,15.86,13.776,17.6,16.4983333333333,15.678,18.2716666666667,16.79,14.622,17.764,17.724
"541",2024-03-16 01:30:00,14.49,12.464,17.04,15.56,14.382,16.82,15.802,13.4,16.412,17.606
"542",2024-03-16 01:40:00,13.702,12.988,16.334,15.16,13.502,17.902,13.768,13.69,16.466,16.124
"543",2024-03-16 01:50:00,13.86,12.754,16.24,15.548,13.656,16.35,13.496,13.558,15.172,15.54
"544",2024-03-16 02:00:00,14.814,12.51,15.606,14.376,12.044,16.99,13.7,13.108,15.226,15.608
"545",2024-03-16 02:10:00,14.128,NA,15.768,13.77,12.552,15.662,14.012,12.632,14.136,15.532
"546",2024-03-16 02:20:00,11.462,NA,12.718,11.97,11.0233333333333,13.674,10.61,11.18,12.088,12.93
"547",2024-03-16 02:30:00,11.76,NA,13.238,11.832,10.586,12.956,NA,NA,11.568,13
"548",2024-03-16 02:40:00,10.845,NA,12.148,10.865,9.87666666666667,12.55,NA,NA,11.9625,12.08
"549",2024-03-16 02:50:00,10.64,NA,14.45,NA,NA,12.308,NA,NA,NA,NA
"550",2024-03-16 03:00:00,8.41,NA,NA,NA,NA,9.33,NA,NA,NA,NA
"551",2024-03-16 03:10:00,6.224,NA,NA,NA,NA,6.366,NA,NA,NA,NA
"552",2024-03-16 03:20:00,5.804,NA,NA,NA,NA,5.69666666666667,NA,NA,NA,NA
"553",2024-03-16 03:30:00,7.164,NA,NA,NA,NA,NA,NA,NA,NA,NA
"554",2024-03-16 03:40:00,7.448,NA,NA,NA,NA,NA,NA,NA,NA,NA
"555",2024-03-16 03:50:00,6.22,NA,NA,NA,NA,NA,NA,NA,NA,NA
"556",2024-03-16 04:00:00,5.135,NA,NA,NA,NA,NA,NA,NA,NA,NA
"557",2024-03-16 14:50:00,0.84,NA,NA,NA,NA,NA,NA,NA,NA,NA
"558",2024-03-16 15:00:00,0.528,NA,NA,NA,NA,NA,NA,NA,NA,NA
"559",2024-03-16 15:10:00,0.682,NA,NA,NA,NA,NA,NA,NA,NA,NA
"560",2024-03-16 15:20:00,1.3,NA,NA,NA,NA,NA,NA,NA,NA,NA
"561",2024-03-16 15:30:00,1.568,NA,NA,NA,NA,1.585,NA,NA,NA,NA
"562",2024-03-16 15:40:00,1.804,NA,1.655,NA,NA,1.76,NA,NA,NA,NA
"563",2024-03-16 15:50:00,2.294,NA,1.942,1.85,2.73,2.065,1.83,2.35,2.205,2.125
"564",2024-03-16 16:00:00,2.102,NA,2.045,1.942,2.368,1.998,1.936,2.074,2.156,1.508
"565",2024-03-16 16:10:00,2.648,NA,2.258,2.47333333333333,2.888,2.692,2.488,2.542,2.332,2.05
"566",2024-03-16 16:20:00,2.592,NA,2.93,2.592,3.172,2.872,2.722,2.906,2.948,2.512
"567",2024-03-16 16:30:00,2.862,2.72,2.756,2.564,3.296,2.878,2.54833333333333,2.842,2.934,2.31
"568",2024-03-16 16:40:00,2.948,3.072,3.242,2.75,3.528,3.108,3.144,3.036,3.234,2.572
"569",2024-03-16 16:50:00,2.964,2.784,3.086,2.876,3.348,3.176,3.044,3.01,2.988,2.726
"570",2024-03-16 17:00:00,3.042,3.08,2.994,3.114,3.676,3.454,3.268,3.374,3.642,2.988
"571",2024-03-16 17:10:00,3.62166666666667,3.646,3.206,3.4,3.985,3.926,3.466,3.946,3.744,3.272
"572",2024-03-16 17:20:00,3.744,3.352,3.292,3.056,3.904,3.628,3.62,3.32,3.63,3.264
"573",2024-03-16 17:30:00,3.292,3.506,3.524,2.88,4.01,4.258,3.92,4.035,3.91,3.464
"574",2024-03-16 17:40:00,4.156,4.094,4.102,3.632,4.838,4.192,4.122,4.176,4.146,3.522
"575",2024-03-16 17:50:00,4.938,4.46333333333333,4.35166666666667,3.928,5.414,4.986,5.08,4.834,5.07833333333333,4.09666666666667
"576",2024-03-16 18:00:00,4.36,4.312,4.44,4.026,5.222,4.69,4.598,4.4,4.624,4.14
"577",2024-03-16 18:10:00,4.382,4.274,4.242,3.908,4.794,4.82833333333333,4.504,4.298,4.782,4.018
"578",2024-03-16 18:20:00,4.312,3.786,3.818,3.376,4.59,4.306,3.944,4.028,4.562,3.612
"579",2024-03-16 18:30:00,4.394,4.09,4.07,4.04833333333333,4.986,4.602,4.00333333333333,4.306,4.744,4.058
"580",2024-03-16 18:40:00,4.188,4.384,4.712,4.138,4.824,4.47,4.116,4.546,4.54,4.538
"581",2024-03-16 18:50:00,4.372,4.334,4.082,4.402,4.9,4.06,4.268,4.114,4.378,3.902
"582",2024-03-16 19:00:00,4.204,4.264,4.016,3.94,4.774,4.008,4.236,4.196,4.46,4.124
"583",2024-03-16 19:10:00,4.06833333333333,3.938,4.034,4.046,4.47833333333333,4.06,3.81,4.614,4.276,3.752
"584",2024-03-16 19:20:00,3.832,4.25,4.254,3.936,4.726,4.104,3.882,4.07,4.948,3.936
"585",2024-03-16 19:30:00,4.05,4.318,3.912,4.12,5.082,4.332,4.236,4.08833333333333,4.212,3.898
"586",2024-03-16 19:40:00,3.576,3.848,4.044,3.952,4.662,3.658,3.69,3.786,4.408,3.59
"587",2024-03-16 19:50:00,3.966,3.616,3.895,3.062,4.326,3.838,3.95,4.112,4.24,3.655
"588",2024-03-16 20:00:00,3.846,3.896,3.654,3.842,4.164,3.794,3.546,3.558,4.124,3.42
"589",2024-03-16 20:10:00,3.706,3.50166666666667,3.892,3.74,4.39,3.82333333333333,3.636,3.788,4.182,3.628
"590",2024-03-16 20:20:00,4.098,4.006,3.776,3.76,4.642,4.34,3.588,4.214,3.974,3.878
"591",2024-03-16 20:30:00,3.01,2.964,3.464,3.80166666666667,4.494,3.462,3.22666666666667,3.14,4.316,3.108
"592",2024-03-16 20:40:00,3.21,3.75,3.73,3.352,4.178,3.688,3.352,3.174,4.194,3.246
"593",2024-03-16 20:50:00,3.48,3.47,3.8,3.388,3.972,3.724,3.62,3.692,4.014,3.446
"594",2024-03-16 21:00:00,3.37666666666667,3.476,3.404,3.552,3.928,3.244,3.352,3.41,3.712,3.166
"595",2024-03-16 21:10:00,3.348,3.476,3.488,3.238,4.088,3.514,3.756,3.88,3.928,3.308
"596",2024-03-16 21:20:00,3.45,3.418,3.558,3.844,4.152,3.506,3.484,3.648,4.024,3.27
"597",2024-03-16 21:30:00,3.302,3.692,3.594,3.582,4.125,3.784,3.2,3.676,3.944,3.488
"598",2024-03-16 21:40:00,2.602,3.048,3.016,2.73,3.262,2.8,2.912,2.668,3.432,2.662
"599",2024-03-16 21:50:00,2.39,2.442,3.04166666666667,2.944,3.192,3.014,2.71,2.94333333333333,3.25,2.434
"600",2024-03-16 22:00:00,1.98,2.228,2.446,1.814,2.626,2.26333333333333,2.352,2.158,2.566,2.118
"601",2024-03-16 22:10:00,1.644,1.83833333333333,2.208,1.76,2.554,1.972,1.964,2.284,2.358,1.95333333333333
"602",2024-03-16 22:20:00,1.836,2.01,2.252,1.09,2.292,2.146,1.868,2.236,2.48,1.808
"603",2024-03-16 22:30:00,1.604,1.866,2.01,1.22666666666667,2.262,2.086,1.674,2.192,2.454,1.908
"604",2024-03-16 22:40:00,2.134,2.016,2.46,1.328,2.596,2.23,1.942,2.242,2.266,2.06
"605",2024-03-16 22:50:00,1.504,1.624,1.746,1.298,2.472,1.93,1.61,1.904,2.1,1.874
"606",2024-03-16 23:00:00,1.695,1.812,1.586,1.686,2.006,1.766,1.794,1.884,1.806,1.726
"607",2024-03-16 23:10:00,1.312,1.738,1.82,1.78,2.214,1.602,1.742,1.67,1.788,1.628
"608",2024-03-16 23:20:00,1.244,1.53,1.65,1.274,1.65333333333333,1.362,1.49,1.542,1.95,1.44
"609",2024-03-16 23:30:00,0.842,0.898,0.922,1.036,1.566,1.266,1.044,1.252,1.594,1.106
"610",2024-03-16 23:40:00,1.022,0.748,1.334,0.916,1.584,1.23,1.226,1.34333333333333,1.43666666666667,1.186
"611",2024-03-16 23:50:00,0.722,1.02,1.08,1.048,1.552,1.526,1.208,1.276,1.354,1.644
"612",2024-03-17,0.818,1.00666666666667,1.214,1.278,1.406,1.45666666666667,1.58,1.244,1.522,1.70666666666667
"613",2024-03-17 00:10:00,0.88,0.982,0.966666666666667,1.448,1.186,1.834,1.338,0.856,1.5,1.288
"614",2024-03-17 00:20:00,1.114,1.168,1.284,1.37166666666667,1.688,1.552,1.724,1.698,2.08,1.816
"615",2024-03-17 00:30:00,0.98,0.874,1,1.492,1.268,1.678,1.506,1.122,1.006,1.046
"616",2024-03-17 00:40:00,0.858,1.328,1.29,1.572,1.612,1.57,1.34333333333333,1.266,1.602,1.438
"617",2024-03-17 00:50:00,1.016,1.01,1.034,1.044,1.502,1.176,1.382,1.614,1.416,1.354
"618",2024-03-17 01:00:00,1.07166666666667,0.932,1.214,1.34,1.528,1.658,1.376,1.454,1.458,1.564
"619",2024-03-17 01:10:00,1.152,1.252,1.414,1.276,1.872,1.55,1.552,1.716,1.884,1.392
"620",2024-03-17 01:20:00,1.404,1.416,1.606,1.586,1.74833333333333,1.752,1.748,1.522,1.722,1.526
"621",2024-03-17 01:30:00,1.156,1.206,1.222,1.184,1.582,1.48,1.218,1.48,1.636,1.23
"622",2024-03-17 01:40:00,0.954,1.062,0.806,0.834,1.128,0.986,0.89,1.14,1.01833333333333,0.912
"623",2024-03-17 01:50:00,0.782,0.686,0.784,0.62,1.042,0.974,0.86,1.018,0.738,0.802
"624",2024-03-17 02:00:00,0.794,0.806666666666667,0.838,0.698,1.164,1.138,0.894,1.096,1.056,1.08333333333333
"625",2024-03-17 02:10:00,0.378,0.632,0.531666666666667,0.42,0.708,0.788,0.86,0.984,0.602,0.596
"626",2024-03-17 02:20:00,0.164,0.278,0.168,0.368,0.636,0.535,0.338,0.762,0.41,0.452
"627",2024-03-17 02:30:00,0.084,0.192,0.22,0.274,0.334,0.348,0.336,0.418,0.308,0.152
"628",2024-03-17 02:40:00,0.224,0.3,0.212,0.248333333333333,0.332,0.528,0.3,0.372,0.428,0.37
"629",2024-03-17 02:50:00,0.338,0.44,0.326,0.742,0.598,0.666,0.444,0.528,0.618,0.462
"630",2024-03-17 03:00:00,0.54,0.754,0.644,0.378,0.908,0.79,0.62,0.56,0.756,0.59
"631",2024-03-17 03:10:00,0.566,0.478,0.37,0.316,0.842,0.726,0.764,0.486,0.662,0.354
"632",2024-03-17 03:20:00,0.758333333333333,0.756,0.654,0.672,0.966666666666667,0.908,0.768,0.828,1.086,0.75
"633",2024-03-17 03:30:00,0.666,0.752,0.722,0.752,0.944,0.938,0.698,1.07,0.996,0.844
"634",2024-03-17 03:40:00,1.03,1.036,1.144,1.062,1.278,1.148,0.91,1.27333333333333,1.086,1.078
"635",2024-03-17 03:50:00,0.79,0.828,0.674,0.742,0.87,0.962,0.776,1.056,0.962,0.776
"636",2024-03-17 04:00:00,0.85,1.015,0.726666666666667,0.702,1.068,0.858,0.844,0.956,0.948333333333333,0.926666666666667
"637",2024-03-17 04:10:00,1.114,1.156,0.97,0.922,1.004,1.29,1.006,1.056,1.276,0.924
"638",2024-03-17 04:20:00,1.458,1.358,1.128,1.154,1.64,1.39166666666667,1.38,1.654,1.428,1.266
"639",2024-03-17 04:30:00,2.622,2.786,2.212,2.29,2.516,2.696,2.506,2.828,2.504,2.016
"640",2024-03-17 04:40:00,1.746,1.836,1.462,1.66333333333333,1.72,1.672,1.70166666666667,1.83,1.656,1.41
"641",2024-03-17 04:50:00,2.424,2.738,2.006,2.684,2.698,2.61,2.332,2.712,2.722,2.31
"642",2024-03-17 05:00:00,2.678,2.76,2.652,2.606,2.606,2.762,2.676,3.074,2.922,2.27
"643",2024-03-17 05:10:00,1.87,1.954,1.756,1.642,2.284,2.064,1.918,2.402,1.99,1.606
"644",2024-03-17 05:20:00,1.35333333333333,1.464,1.344,1.596,1.39333333333333,1.162,1.204,1.48,1.552,1.176
"645",2024-03-17 05:30:00,1.54,1.37,1.298,1.538,1.554,1.308,1.31,1.456,1.474,1.178
"646",2024-03-17 05:40:00,1.11,1.195,0.934,1.14,1.24,1.116,0.985,1.55,1.51,1.212
"647",2024-03-17 05:50:00,1.096,NA,0.936,NA,1.222,1.288,NA,NA,NA,1.024
"648",2024-03-17 06:00:00,1.458,NA,1.05,NA,1.32,1.298,NA,NA,NA,0.99
"649",2024-03-17 06:10:00,1.044,NA,NA,NA,NA,1.148,NA,NA,NA,NA
"650",2024-03-17 06:20:00,1.322,NA,NA,NA,NA,1.14333333333333,NA,NA,NA,NA
"651",2024-03-17 06:30:00,1.638,NA,NA,NA,NA,1.732,NA,NA,NA,NA
"652",2024-03-17 06:40:00,2.206,NA,NA,NA,NA,NA,NA,NA,NA,NA
"653",2024-03-17 06:50:00,1.9,NA,NA,NA,NA,NA,NA,NA,NA,NA
"654",2024-03-17 07:00:00,1.804,NA,NA,NA,NA,NA,NA,NA,NA,NA
"655",2024-03-17 07:10:00,1.758,NA,NA,NA,NA,NA,NA,NA,NA,NA
"656",2024-03-17 14:50:00,0.4475,NA,NA,NA,NA,NA,NA,NA,NA,NA
"657",2024-03-17 15:00:00,0.864,NA,NA,NA,NA,NA,NA,NA,NA,NA
"658",2024-03-17 15:10:00,4.848,NA,NA,NA,NA,6.08666666666667,NA,NA,7.93,7.275
"659",2024-03-17 15:20:00,8.794,NA,9.422,NA,NA,9.012,NA,NA,9.632,8.522
"660",2024-03-17 15:30:00,9.874,NA,11.146,NA,12.28,10.132,NA,NA,11.028,9.578
"661",2024-03-17 15:40:00,10.344,NA,10.872,NA,12.17,10.9,NA,NA,11.304,9.618
"662",2024-03-17 15:50:00,9.202,9.05,10.4183333333333,9.01,10.816,9.068,9.495,9.87,10.424,8.98
"663",2024-03-17 16:00:00,9.136,9.178,9.972,8.736,10.984,9.48,9.332,9.334,10.282,8.928
"664",2024-03-17 16:10:00,8.396,8.37,8.49,8.354,9.554,8.38,8.608,8.782,9.285,7.865
"665",2024-03-17 16:20:00,8.51,7.69,8.796,7.694,9.526,8.154,7.616,7.964,8.97,6.914
"666",2024-03-17 16:30:00,6.952,6.376,7.148,6.616,8.374,7.128,6.626,7.178,7.618,6.172
"667",2024-03-17 16:40:00,6.706,6.558,6.99,6.558,7.872,6.684,6.476,6.598,6.908,5.802
"668",2024-03-17 16:50:00,5.36333333333333,5.374,5.084,5.58,5.844,5.714,5.318,5.184,5.328,4.75
"669",2024-03-17 17:00:00,6.468,6.572,6.214,6.34,7.294,6.696,5.944,6.478,6.798,5.476
"670",2024-03-17 17:10:00,7.036,7.046,7.082,6.344,7.474,7.076,7.39333333333333,7.05,7.564,6.272
"671",2024-03-17 17:20:00,6.798,6.696,6.568,5.706,7.826,7.028,6.678,7.098,7.238,6.474
"672",2024-03-17 17:30:00,6.43,6.338,6.196,5.5,6.89166666666667,6.49,6.704,6.376,6.322,5.866
"673",2024-03-17 17:40:00,3.68,3.938,4.482,3.188,4.452,3.846,3.98,4.244,4.89,4.092
"674",2024-03-17 17:50:00,2.538,2.112,2.54166666666667,1.764,3.122,2.496,2.42,2.36,2.708,2.458
"675",2024-03-17 18:00:00,1.842,2.274,2.308,1.596,2.594,2.08,1.882,2.252,2.724,2.364
"676",2024-03-17 18:10:00,2.176,2.20166666666667,2.35,1.37,3.016,2.18,1.934,2.134,2.62333333333333,2.24666666666667
"677",2024-03-17 18:20:00,2.516,2.396,2.702,1.77,3.108,2.378,2.288,2.366,2.578,2.146
"678",2024-03-17 18:30:00,1.664,1.43,1.652,1.074,2.29,1.714,1.666,1.706,1.994,1.144
"679",2024-03-17 18:40:00,1.34,1.518,1.71,0.792,2.18,1.398,1.53,1.738,2.138,1.428
"680",2024-03-17 18:50:00,1.746,1.694,1.796,0.92,1.922,1.738,1.604,1.876,2.224,1.468
"681",2024-03-17 19:00:00,1.95333333333333,1.968,2.062,1.16,2.584,2.126,1.824,1.914,2.348,1.68
"682",2024-03-17 19:10:00,1.928,1.624,1.826,1.036,2.706,1.948,1.895,1.92,2.296,1.594
"683",2024-03-17 19:20:00,1.236,1.262,1.652,0.74,2.162,1.414,1.35,1.866,1.984,1.03
"684",2024-03-17 19:30:00,1.36,1.26,1.55,0.604,1.97833333333333,1.362,1.486,1.696,1.944,1.402
"685",2024-03-17 19:40:00,1.052,1.496,1.476,0.762,1.904,1.384,1.394,1.644,2.058,1.398
"686",2024-03-17 19:50:00,1.1,1.366,1.45,0.692,2.044,1.62,1.298,1.614,1.878,1.522
"687",2024-03-17 20:00:00,1.64,1.532,1.73,0.74,2.01,1.31333333333333,1.624,1.852,2.034,1.58
"688",2024-03-17 20:10:00,1.396,1.25,1.45833333333333,0.718,2.016,1.542,1.358,1.29833333333333,1.835,1.015
"689",2024-03-17 20:20:00,1.532,1.312,1.62,0.482,1.912,1.23,1.38,1.538,1.622,1.11
"690",2024-03-17 20:30:00,1.06,0.858,1.028,0.272,1.356,1.09,0.948,1.234,1.316,0.962
"691",2024-03-17 20:40:00,0.604,0.77,0.96,0.144,1.282,0.924,0.818,0.792,1.158,0.594
"692",2024-03-17 20:50:00,0.69,0.82,0.75,0.108,1.132,0.772,0.626,0.724,1.024,0.678
"693",2024-03-17 21:00:00,0.293333333333333,0.678,0.814,0.048,1.15,0.808,0.71,0.84,0.966,0.62
"694",2024-03-17 21:10:00,0.204,0.866,0.712,0.166666666666667,1.282,0.824,0.623333333333333,1.02,0.924,0.75
"695",2024-03-17 21:20:00,0.426,0.92,0.974,0.132,1.286,0.956,1.088,1.112,1.2,0.802
"696",2024-03-17 21:30:00,0.528,0.756,1.096,0.15,1.262,0.664,0.484,0.606,0.942,0.476
"697",2024-03-17 21:40:00,0.228,0.842,1.078,0.16,1.31333333333333,0.914,0.986,1.056,1.426,0.79
"698",2024-03-17 21:50:00,0.076,0.556,0.956,0.108,1.204,0.57,0.754,1.066,1.088,0.646
"699",2024-03-17 22:00:00,0.234,0.792,0.94,0.228,1.356,0.775,0.656,0.966666666666667,1.18,0.588
"700",2024-03-17 22:10:00,0.476,0.824,0.781666666666667,0.178,1.046,0.916,0.81,1.006,1.078,0.926
"701",2024-03-17 22:20:00,0.694,0.716666666666667,0.936,0.036,1.168,0.686,0.7,1.098,0.906,0.643333333333333
"702",2024-03-17 22:30:00,0.76,0.576,0.784,0.168,0.984,0.666,0.828,0.698,0.732,0.494
"703",2024-03-17 22:40:00,0.776,0.67,0.7,0.02,0.88,0.644,0.478,0.786,0.854,0.556
"704",2024-03-17 22:50:00,0.488,0.65,0.804,0.124,1.04,0.632,0.476,0.752,0.98,0.486
"705",2024-03-17 23:00:00,0.736666666666667,0.61,0.824,0.025,1.064,0.718,0.663333333333333,0.644,0.972,0.508
"706",2024-03-17 23:10:00,0.168,0.426,0.432,0.014,0.556,0.308,0.444,0.464,0.49,0.23
"707",2024-03-17 23:20:00,0.072,0.122,0.176,0,0.262,0.132,0.072,0.28,0.272,0.084
"708",2024-03-17 23:30:00,0.032,0.092,0.18,0,0.186,0.132,0.046,0.05,0.19,0.126
"709",2024-03-17 23:40:00,0.034,0.05,0.044,0,0.238333333333333,0.14,0.084,0.162,0.052,0.086
"710",2024-03-17 23:50:00,0.074,0.042,0.076,0,0.128,0.09,0.008,0.05,0.086,0.06
"711",2024-03-18,0.054,0.024,0.072,0,0.062,0.065,0.144,0.131666666666667,0.054,0.084
"712",2024-03-18 00:10:00,0.084,0.098,0.193333333333333,0,0.052,0.036,0.052,0.09,0.114,0.066
"713",2024-03-18 00:20:00,0.112,0.0683333333333333,0.024,0,0.21,0.132,0.03,0.18,0.0266666666666667,0
"714",2024-03-18 00:30:00,0.146,0.064,0.194,0,0.202,0.118,0.09,0.182,0.05,0.096
"715",2024-03-18 00:40:00,0.144,0.084,0.06,0,0.364,0.212,0.132,0.076,0.162,0.104
"716",2024-03-18 00:50:00,0.182,0.316,0.268,0.064,0.474,0.342,0.202,0.38,0.312,0.13
"717",2024-03-18 01:00:00,0.616666666666667,0.346,0.488,0.48,0.754,0.634,0.628,0.848,0.802,0.548
"718",2024-03-18 01:10:00,0.606,0.766,0.44,0.674,0.952,0.692,0.548,0.82,0.53,0.582
"719",2024-03-18 01:20:00,0.672,0.654,0.494,0.57,0.768,0.718,0.635,0.952,0.538,0.762
"720",2024-03-18 01:30:00,0.646,0.778,0.85,0.82,0.824,0.894,0.76,0.972,0.768,0.494
"721",2024-03-18 01:40:00,0.764,0.674,0.594,0.626,0.961666666666667,1.016,0.492,0.998,0.684,0.668
"722",2024-03-18 01:50:00,0.732,0.696,0.482,0.528,0.8,0.818,0.654,0.992,0.456,0.522
"723",2024-03-18 02:00:00,0.316,0.634,0.668333333333333,0.406,0.956,0.8,0.684,0.765,0.776,0.454
"724",2024-03-18 02:10:00,0.558,0.574,0.52,0.41,0.75,0.86,0.642,0.842,0.434,0.576
"725",2024-03-18 02:20:00,0.544,0.403333333333333,0.628,0.438,0.66,0.555,0.528,0.648,0.766666666666667,0.61
"726",2024-03-18 02:30:00,0.45,0.666,0.566,0.392,0.79,0.52,0.468,0.798,0.74,0.532
"727",2024-03-18 02:40:00,0.656,0.288,0.476,0.388,0.78,0.588,0.642,0.694,0.702,0.57
"728",2024-03-18 02:50:00,0.622,0.644,0.316,0.394,0.626,0.684,0.596,0.604,0.736,0.742
"729",2024-03-18 03:00:00,0.77,0.546,0.682,0.561666666666667,0.878,0.766,0.668,0.646,0.628,0.446
"730",2024-03-18 03:10:00,0.636,0.732,0.574,0.52,1.042,0.752,0.512,0.62,0.856,0.566
"731",2024-03-18 03:20:00,0.556666666666667,0.448,0.462,0.29,0.67,0.704,0.528333333333333,0.928,0.664,0.478
"732",2024-03-18 03:30:00,0.288,0.22,0.35,0.33,0.634,0.344,0.336,0.302,0.358,0.306
"733",2024-03-18 03:40:00,0.454,0.322,0.4,0.644,0.598333333333333,0.434,0.626,0.442,0.552,0.412
"734",2024-03-18 03:50:00,0.64,0.91,0.846,0.806,0.754,1.038,0.924,0.952,0.702,0.864
"735",2024-03-18 04:00:00,0.128,0.132,0.151666666666667,0.2,0.098,0.188,0.06,0.348,0.268,0.154
"736",2024-03-18 04:10:00,0.006,0.074,0.018,0.06,0.426,0.14,NA,0.176,0.168,0.066
"737",2024-03-18 04:20:00,0.024,0.108333333333333,0.038,0.03,0.166,0.135,0,0.0916666666666667,0.101666666666667,0.13
"738",2024-03-18 04:30:00,0.118,0.086,0.094,0.158,0.154,0,0.032,0.062,0.132,0.082
"739",2024-03-18 04:40:00,0.926,0.692,0.5,0.61,0.852,0.932,0.356,0.794,0.452,0.77
"740",2024-03-18 04:50:00,1.444,1.136,1.218,1.592,1.086,1.536,0.808,1.486,1.418,1.3
"741",2024-03-18 05:00:00,15.798,10.12,20.246,18.588,14.1,18.726,16.15,13.546,20.684,22.774
"742",2024-03-18 05:10:00,8.11166666666667,NA,8.284,7.606,6.386,10.352,7.28,5.818,8.932,9.574
"743",2024-03-18 05:20:00,3.226,NA,3.748,4.125,3.72,4.518,4.085,3.46,3.846,4.712
"744",2024-03-18 05:30:00,1.002,NA,1.074,NA,NA,1.124,NA,NA,1.012,0.976
"745",2024-03-18 05:40:00,0.612,NA,0.308,NA,0.275,0.3,NA,NA,0.238,0.476
"746",2024-03-18 05:50:00,1.384,NA,0.828,NA,1.006,1.08,NA,NA,1.042,0.904
"747",2024-03-18 06:00:00,0.792,NA,0.225,0.4675,0.548333333333333,0.75,0.275,0.6775,0.484,0.448
"748",2024-03-18 06:10:00,0.674,NA,0.148,0.254,0.432,0.528333333333333,0.168,0.498,0.36,0.098
"749",2024-03-18 06:20:00,0.746,NA,0.19,0.29,0.488,0.45,0.07,0.17,0.433333333333333,0.278
"750",2024-03-18 06:30:00,0.908,NA,0.404,0.38,0.614,0.464,NA,NA,0.422,0.262
"751",2024-03-18 06:40:00,1.244,NA,0.62,0.68,NA,1.078,NA,NA,NA,0.31
"752",2024-03-18 06:50:00,1.414,NA,NA,NA,NA,1.335,NA,NA,NA,NA
"753",2024-03-18 07:00:00,1.21,NA,NA,NA,NA,NA,NA,NA,NA,NA
"754",2024-03-18 07:10:00,1.14166666666667,NA,NA,NA,NA,NA,NA,NA,NA,NA
"755",2024-03-18 07:20:00,1.132,NA,NA,NA,NA,NA,NA,NA,NA,NA
"756",2024-03-18 07:30:00,1.682,NA,NA,NA,NA,NA,NA,NA,NA,NA
"757",2024-03-18 07:40:00,1.808,NA,NA,NA,NA,NA,NA,NA,NA,NA
"758",2024-03-18 07:50:00,1.868,NA,NA,NA,NA,NA,NA,NA,NA,NA
"759",2024-03-18 08:00:00,2.22,NA,NA,NA,NA,NA,NA,NA,NA,NA
"760",2024-03-18 08:10:00,2.39333333333333,NA,NA,NA,NA,NA,NA,NA,NA,NA
"761",2024-03-18 16:10:00,7.656,NA,NA,NA,NA,NA,NA,NA,NA,NA
"762",2024-03-18 16:20:00,7.184,NA,NA,NA,NA,NA,NA,NA,NA,NA
"763",2024-03-18 16:30:00,7.396,NA,NA,NA,NA,NA,NA,NA,NA,NA
"764",2024-03-18 16:40:00,6.788,NA,NA,NA,NA,NA,NA,NA,NA,NA
"765",2024-03-18 16:50:00,6.996,NA,NA,NA,NA,NA,NA,NA,NA,NA
"766",2024-03-18 17:00:00,6.87666666666667,NA,NA,NA,NA,NA,NA,NA,NA,NA
"767",2024-03-18 17:10:00,6.91666666666667,NA,NA,NA,NA,NA,NA,NA,NA,NA
