"time","GC7_PM2_5"
"2024/03/11T22:22:45z",1.11
"2024/03/11T22:24:45z",1.1
"2024/03/11T22:26:45z",0.19
"2024/03/11T22:28:45z",0.41
"2024/03/11T22:30:45z",0.45
"2024/03/11T22:32:45z",0.78
"2024/03/11T22:34:45z",0.53
"2024/03/11T22:36:45z",0.46
"2024/03/11T22:38:45z",0.45
"2024/03/11T22:40:45z",0.34
"2024/03/11T22:42:26z",0.48
"2024/03/11T22:44:26z",0.22
"2024/03/11T22:46:26z",0.44
"2024/03/11T22:48:26z",0.75
"2024/03/11T22:50:26z",0.34
"2024/03/11T22:52:26z",0.1
"2024/03/11T22:54:26z",0.04
"2024/03/11T22:56:26z",0.28
"2024/03/11T22:58:26z",0.4
"2024/03/11T23:00:26z",0.6
"2024/03/11T23:02:07z",0.33
"2024/03/11T23:04:07z",0.22
"2024/03/11T23:06:07z",1
"2024/03/11T23:08:07z",0.33
"2024/03/11T23:10:07z",0.45
"2024/03/11T23:12:07z",0.61
"2024/03/11T23:14:07z",0.57
"2024/03/11T23:16:07z",0.58
"2024/03/11T23:18:07z",0.69
"2024/03/11T23:20:07z",0.54
"2024/03/11T23:21:47z",0.82
"2024/03/11T23:23:47z",0.6
"2024/03/11T23:25:47z",0.72
"2024/03/11T23:27:47z",0.74
"2024/03/11T23:29:47z",0.88
"2024/03/11T23:31:47z",0.95
"2024/03/11T23:33:47z",0.56
"2024/03/11T23:35:47z",1.12
"2024/03/11T23:37:47z",0.79
"2024/03/11T23:39:47z",1.09
"2024/03/11T23:41:28z",1.07
"2024/03/11T23:43:28z",0.97
"2024/03/11T23:45:28z",0.55
"2024/03/11T23:47:28z",0.98
"2024/03/11T23:49:28z",0.83
"2024/03/11T23:51:28z",0.8
"2024/03/11T23:53:28z",0.95
"2024/03/11T23:55:28z",1.14
"2024/03/11T23:57:28z",1.14
"2024/03/11T23:59:28z",0.53
"2024/03/12T00:01:09z",1.11
"2024/03/12T00:03:09z",0.92
"2024/03/12T00:05:09z",0.95
"2024/03/12T00:07:09z",1.2
"2024/03/12T00:09:09z",1.34
"2024/03/12T00:11:09z",0.9
"2024/03/12T00:13:09z",1.11
"2024/03/12T00:15:09z",0.98
"2024/03/12T00:17:09z",0.73
"2024/03/12T00:19:09z",1.12
"2024/03/12T00:20:50z",1.3
"2024/03/12T00:22:50z",1.29
"2024/03/12T00:24:50z",0.67
"2024/03/12T00:26:50z",0.98
"2024/03/12T00:28:50z",1
"2024/03/12T00:30:50z",0.78
"2024/03/12T00:32:50z",1.05
"2024/03/12T00:34:50z",0.82
"2024/03/12T00:36:50z",1.34
"2024/03/12T00:38:50z",1.31
"2024/03/12T00:40:30z",1.02
"2024/03/12T00:42:30z",1.05
"2024/03/12T00:44:30z",1.11
"2024/03/12T00:46:30z",0.91
"2024/03/12T00:48:30z",1.07
"2024/03/12T00:50:30z",1.05
"2024/03/12T00:52:30z",1.21
"2024/03/12T00:54:30z",1.41
"2024/03/12T00:56:30z",1.09
"2024/03/12T00:58:30z",1.25
"2024/03/12T01:00:11z",1.93
"2024/03/12T01:02:11z",1.29
"2024/03/12T01:04:11z",1.46
"2024/03/12T01:06:11z",1.82
"2024/03/12T01:08:11z",1.63
"2024/03/12T01:10:11z",1.29
"2024/03/12T01:12:11z",0.86
"2024/03/12T01:14:11z",1.25
"2024/03/12T01:16:11z",1.26
"2024/03/12T01:18:11z",1.25
"2024/03/12T01:19:52z",1.67
"2024/03/12T01:21:52z",1.53
"2024/03/12T01:23:52z",1.44
"2024/03/12T01:25:52z",1.25
"2024/03/12T01:27:52z",1.75
"2024/03/12T01:29:52z",1.36
"2024/03/12T01:31:52z",1.79
"2024/03/12T01:33:52z",2.23
"2024/03/12T01:35:52z",2.34
"2024/03/12T01:37:52z",1.42
"2024/03/12T01:39:33z",2.04
"2024/03/12T01:41:33z",1.54
"2024/03/12T01:43:33z",1.4
"2024/03/12T01:45:33z",1.96
"2024/03/12T01:47:33z",1.53
"2024/03/12T01:49:33z",1.32
"2024/03/12T01:51:33z",1.48
"2024/03/12T01:53:33z",2.12
"2024/03/12T01:55:33z",2.76
"2024/03/12T01:57:33z",3.81
"2024/03/12T01:59:14z",2.16
"2024/03/12T02:01:14z",1.9
"2024/03/12T02:03:14z",1.75
"2024/03/12T02:05:14z",1.35
"2024/03/12T02:07:14z",1.46
"2024/03/12T02:09:14z",1.59
"2024/03/12T02:11:14z",1.12
"2024/03/12T02:13:14z",1.16
"2024/03/12T02:15:14z",1.09
"2024/03/12T02:17:14z",2.34
"2024/03/12T02:18:54z",2.07
"2024/03/12T02:20:54z",3.14
"2024/03/12T02:22:54z",1.88
"2024/03/12T02:24:54z",1.71
"2024/03/12T02:26:54z",1.53
"2024/03/12T02:28:54z",2
"2024/03/12T02:30:54z",1.21
"2024/03/12T02:32:54z",0.93
"2024/03/12T02:34:54z",1.51
"2024/03/12T02:36:54z",1.42
"2024/03/12T02:38:35z",0.61
"2024/03/12T02:40:35z",1.22
"2024/03/12T02:42:35z",0.93
"2024/03/12T02:44:35z",0.75
"2024/03/12T02:46:35z",0.78
"2024/03/12T02:48:35z",0.98
"2024/03/12T02:50:35z",1.02
"2024/03/12T02:52:35z",1.02
"2024/03/12T02:54:35z",0.47
"2024/03/12T02:56:35z",1.08
"2024/03/12T02:58:16z",0.44
"2024/03/12T03:00:16z",0.97
"2024/03/12T03:02:16z",1
"2024/03/12T03:04:16z",1.04
"2024/03/12T03:06:16z",1.12
"2024/03/12T03:08:16z",1.31
"2024/03/12T03:10:16z",1.19
"2024/03/12T03:12:16z",1.09
"2024/03/12T03:14:16z",1.29
"2024/03/12T03:16:16z",1.36
"2024/03/12T03:17:56z",1.28
"2024/03/12T03:19:56z",0.79
"2024/03/12T03:21:56z",0.6
"2024/03/12T03:23:56z",0.66
"2024/03/12T03:25:56z",1.14
"2024/03/12T03:27:56z",1.2
"2024/03/12T03:29:56z",1.19
"2024/03/12T03:31:56z",0.8
"2024/03/12T03:33:56z",0.88
"2024/03/12T03:35:56z",0.98
"2024/03/12T03:37:37z",0.84
"2024/03/12T03:39:37z",0.95
"2024/03/12T03:41:37z",1.31
"2024/03/12T03:43:37z",1.18
"2024/03/12T03:45:37z",1.12
"2024/03/12T03:47:37z",0.9
"2024/03/12T03:49:37z",1.14
"2024/03/12T03:51:37z",0.82
"2024/03/12T03:53:37z",1
"2024/03/12T03:55:37z",1.03
"2024/03/12T03:57:18z",1
"2024/03/12T03:59:18z",1.17
"2024/03/12T04:01:18z",0.98
"2024/03/12T04:03:18z",1.07
"2024/03/12T04:05:18z",1.19
"2024/03/12T04:07:18z",0.83
"2024/03/12T04:09:18z",1.24
"2024/03/12T04:11:18z",0.84
"2024/03/12T04:13:18z",0.9
"2024/03/12T04:15:18z",0.73
"2024/03/12T04:16:57z",0.89
"2024/03/12T04:18:57z",1.12
"2024/03/12T04:20:57z",1
"2024/03/12T04:22:57z",1.21
"2024/03/12T04:24:57z",1.73
"2024/03/12T04:26:57z",1.52
"2024/03/12T04:28:57z",1.21
"2024/03/12T04:30:57z",0.93
"2024/03/12T04:32:57z",1.21
"2024/03/12T04:34:57z",1.03
"2024/03/12T04:36:38z",0.51
"2024/03/12T04:38:38z",0.98
"2024/03/12T04:40:38z",1.53
"2024/03/12T04:42:38z",0.86
"2024/03/12T04:44:38z",0.81
"2024/03/12T04:46:38z",0.97
"2024/03/12T04:48:38z",1.1
"2024/03/12T04:50:38z",1.11
"2024/03/12T04:52:38z",1.47
"2024/03/12T04:54:38z",0.85
"2024/03/12T04:56:19z",1.13
"2024/03/12T04:58:19z",0.9
"2024/03/12T05:00:19z",0.29
"2024/03/12T05:02:19z",0.59
"2024/03/12T05:04:19z",0.93
"2024/03/12T05:06:19z",1.4
"2024/03/12T05:08:19z",2.27
"2024/03/12T05:10:19z",1.57
"2024/03/12T05:12:19z",1.78
"2024/03/12T05:14:19z",1.22
"2024/03/12T05:15:59z",1.16
"2024/03/12T05:17:59z",1.07
"2024/03/12T05:19:59z",1.12
"2024/03/12T05:21:59z",0.89
"2024/03/12T05:23:59z",0.9
"2024/03/12T05:25:59z",0.73
"2024/03/12T05:27:59z",1.25
"2024/03/12T05:29:59z",1.79
"2024/03/12T05:31:59z",1.52
"2024/03/12T05:33:59z",0.83
"2024/03/12T05:35:40z",0.8
"2024/03/12T05:37:40z",0.41
"2024/03/12T05:39:40z",0.82
"2024/03/12T05:41:40z",0.79
"2024/03/12T05:43:40z",0.53
"2024/03/12T05:45:40z",0.75
"2024/03/12T05:47:40z",0.71
"2024/03/12T05:49:40z",0.86
"2024/03/12T05:51:40z",0.6
"2024/03/12T05:53:40z",0.61
"2024/03/12T05:55:20z",1.15
"2024/03/12T05:57:20z",0.59
"2024/03/12T05:59:20z",0.95
"2024/03/12T06:01:20z",0.91
"2024/03/12T06:03:20z",0.48
"2024/03/12T06:05:20z",0.75
"2024/03/12T06:07:20z",0.89
"2024/03/12T06:09:20z",1.02
"2024/03/12T06:11:20z",0.97
"2024/03/12T06:13:20z",0.97
"2024/03/12T06:15:01z",0.58
"2024/03/12T06:17:01z",1.33
"2024/03/12T06:19:01z",0.7
"2024/03/12T06:21:01z",0.48
"2024/03/12T06:23:01z",0.68
"2024/03/12T06:25:01z",1.25
"2024/03/12T06:27:01z",1.19
"2024/03/12T06:29:01z",0.98
"2024/03/12T06:31:01z",0.93
"2024/03/12T06:33:01z",0.66
"2024/03/12T06:34:42z",0.67
"2024/03/12T06:36:42z",0.88
"2024/03/12T06:38:42z",0.96
"2024/03/12T06:40:42z",0.75
"2024/03/12T06:42:42z",0.67
"2024/03/12T06:44:42z",0.44
"2024/03/12T06:46:42z",0.31
"2024/03/12T06:48:42z",0.75
"2024/03/12T06:50:42z",0.84
"2024/03/12T06:52:42z",0.64
"2024/03/12T06:54:23z",0.98
"2024/03/12T06:56:23z",0.75
"2024/03/12T06:58:23z",0.51
"2024/03/12T07:00:23z",0.84
"2024/03/12T07:02:23z",0.77
"2024/03/12T07:04:23z",0.69
"2024/03/12T07:06:23z",0.9
"2024/03/12T07:08:23z",0.86
"2024/03/12T07:10:23z",1.2
"2024/03/12T07:12:23z",2.07
"2024/03/12T07:14:04z",1.61
"2024/03/12T07:16:04z",1.05
"2024/03/12T07:18:04z",1.08
"2024/03/12T07:20:04z",1.25
"2024/03/12T07:22:04z",0.31
"2024/03/12T07:24:04z",0.88
"2024/03/12T07:26:04z",0.49
"2024/03/12T07:28:04z",0.8
"2024/03/12T07:30:04z",0.71
"2024/03/12T07:32:04z",0.88
"2024/03/12T07:33:45z",0.98
"2024/03/12T07:35:45z",0.19
"2024/03/12T07:37:45z",0.74
"2024/03/12T07:39:45z",0.7
"2024/03/12T07:41:45z",1.05
"2024/03/12T07:43:45z",1.24
"2024/03/12T07:45:45z",0.53
"2024/03/12T07:47:45z",0.25
"2024/03/12T07:49:45z",0.59
"2024/03/12T07:51:45z",1.03
"2024/03/12T07:53:26z",0.8
"2024/03/12T07:55:26z",0.42
"2024/03/12T07:57:26z",0.67
"2024/03/12T07:59:26z",1.16
"2024/03/12T08:01:26z",0.57
"2024/03/12T08:03:26z",1.02
"2024/03/12T08:05:26z",0.95
"2024/03/12T08:07:26z",0.54
"2024/03/12T08:09:26z",1.14
"2024/03/12T08:11:26z",0.93
"2024/03/12T08:13:06z",0.78
"2024/03/12T08:15:06z",1.25
"2024/03/12T08:17:06z",1.14
"2024/03/12T08:19:06z",0.82
"2024/03/12T08:21:06z",1.26
"2024/03/12T08:23:06z",0.93
"2024/03/12T08:25:06z",1.09
"2024/03/12T08:27:06z",0.95
"2024/03/12T08:29:06z",1.53
"2024/03/12T08:31:06z",0.81
"2024/03/12T08:32:47z",0.63
"2024/03/12T08:34:47z",1.17
"2024/03/12T08:36:47z",0.98
"2024/03/12T08:38:47z",0.82
"2024/03/12T08:40:47z",0.71
"2024/03/12T08:42:47z",0.8
"2024/03/12T08:44:47z",0.45
"2024/03/12T08:46:47z",0.39
"2024/03/12T08:48:47z",0.48
"2024/03/12T08:50:47z",0.88
"2024/03/12T14:47:52z",0.22
"2024/03/12T14:49:52z",0.47
"2024/03/12T14:51:52z",1.11
"2024/03/12T14:53:52z",0.51
"2024/03/12T14:55:52z",0.71
"2024/03/12T14:57:52z",0.39
"2024/03/12T14:59:52z",0.05
"2024/03/12T15:01:52z",0.41
"2024/03/12T15:03:52z",1.22
"2024/03/12T15:05:52z",0.46
"2024/03/12T15:07:32z",0.89
"2024/03/12T15:09:32z",0
"2024/03/12T15:11:32z",1.04
"2024/03/12T15:13:32z",0.48
"2024/03/12T15:15:32z",0.33
"2024/03/12T15:17:32z",0.19
"2024/03/12T15:19:32z",0.62
"2024/03/12T15:21:32z",0.54
"2024/03/12T15:23:32z",0.69
"2024/03/12T15:25:32z",0.33
"2024/03/12T15:27:13z",0.24
"2024/03/12T15:29:13z",0.78
"2024/03/12T15:31:13z",0.39
"2024/03/12T15:33:13z",0.36
"2024/03/12T15:35:13z",0.63
"2024/03/12T15:37:13z",0.08
"2024/03/12T15:39:13z",0.4
"2024/03/12T15:41:13z",0.71
"2024/03/12T15:43:13z",0.34
"2024/03/12T15:45:13z",0.37
"2024/03/12T15:46:53z",0.89
"2024/03/12T15:48:53z",0.88
"2024/03/12T15:50:53z",0.51
"2024/03/12T15:52:53z",0.52
"2024/03/12T15:54:53z",0.44
"2024/03/12T15:56:53z",0.26
"2024/03/12T15:58:53z",0.05
"2024/03/12T16:00:53z",0.04
"2024/03/12T16:02:53z",0.19
"2024/03/12T16:04:53z",0.44
"2024/03/12T16:06:33z",0.3
"2024/03/12T16:08:33z",0.48
"2024/03/12T16:10:33z",0.38
"2024/03/12T16:12:33z",0.73
"2024/03/12T16:14:33z",0.31
"2024/03/12T16:16:33z",0.15
"2024/03/12T16:18:33z",0
"2024/03/12T16:20:33z",0.19
"2024/03/12T16:22:33z",0.59
"2024/03/12T16:24:33z",0.27
"2024/03/12T16:26:14z",0.16
"2024/03/12T16:28:14z",0.05
"2024/03/12T16:30:14z",0.45
"2024/03/12T16:32:14z",0.29
"2024/03/12T16:34:14z",0.02
"2024/03/12T16:36:14z",0.41
"2024/03/12T16:38:14z",0.59
"2024/03/12T16:40:14z",0.27
"2024/03/12T16:42:14z",0.2
"2024/03/12T16:44:14z",0.53
"2024/03/12T16:45:55z",0.4
"2024/03/12T16:47:55z",0.57
"2024/03/12T16:49:55z",0.21
"2024/03/12T16:51:55z",0.27
"2024/03/12T16:53:55z",0.17
"2024/03/12T16:55:55z",0.36
"2024/03/12T16:57:55z",0.43
"2024/03/12T16:59:55z",0.16
"2024/03/12T17:01:55z",0.43
"2024/03/12T17:03:55z",0.42
"2024/03/12T17:05:36z",0.28
"2024/03/12T17:07:36z",0.24
"2024/03/12T17:09:36z",0.33
"2024/03/12T17:11:36z",0.21
"2024/03/12T17:13:36z",0.41
"2024/03/12T17:15:36z",0.2
"2024/03/12T17:17:36z",0.14
"2024/03/12T17:19:36z",0.12
"2024/03/12T17:21:36z",0.21
"2024/03/12T17:23:36z",0.1
"2024/03/12T17:25:17z",0.11
"2024/03/12T17:27:17z",0.05
"2024/03/12T17:29:17z",0.18
"2024/03/12T17:31:17z",0.09
"2024/03/12T17:33:17z",0.1
"2024/03/12T17:35:17z",0.12
"2024/03/12T17:37:17z",0
"2024/03/12T17:39:17z",0.39
"2024/03/12T17:41:17z",0.15
"2024/03/12T17:43:17z",0
"2024/03/12T17:44:58z",0
"2024/03/12T17:46:58z",0.02
"2024/03/12T17:48:58z",0.32
"2024/03/12T17:50:58z",0.02
"2024/03/12T17:52:58z",0.46
"2024/03/12T17:54:58z",0.29
"2024/03/12T17:56:58z",0.29
"2024/03/12T17:58:58z",0.05
"2024/03/12T18:00:58z",0.21
"2024/03/12T18:02:58z",0.14
"2024/03/12T18:04:38z",0.28
"2024/03/12T18:06:38z",0.19
"2024/03/12T18:08:38z",0
"2024/03/12T18:10:38z",0.07
"2024/03/12T18:12:38z",0.54
"2024/03/12T18:14:38z",0.12
"2024/03/12T18:16:38z",0.09
"2024/03/12T18:18:38z",0.35
"2024/03/12T18:20:38z",0.14
"2024/03/12T18:22:38z",0.15
"2024/03/12T18:24:18z",0.11
"2024/03/12T18:26:18z",0.24
"2024/03/12T18:28:18z",0.26
"2024/03/12T18:30:18z",0.27
"2024/03/12T18:32:18z",0.02
"2024/03/12T18:34:18z",0.2
"2024/03/12T18:36:18z",0.04
"2024/03/12T18:38:18z",0.05
"2024/03/12T18:40:18z",0.07
"2024/03/12T18:42:18z",0.17
"2024/03/12T18:43:59z",0.56
"2024/03/12T18:45:59z",0.29
"2024/03/12T18:47:59z",0.02
"2024/03/12T18:49:59z",0.25
"2024/03/12T18:51:59z",0.03
"2024/03/12T18:53:59z",0.33
"2024/03/12T18:55:59z",0.6
"2024/03/12T18:57:59z",0.19
"2024/03/12T18:59:59z",0.47
"2024/03/12T19:01:59z",0.51
"2024/03/12T19:03:39z",0
"2024/03/12T19:05:39z",0.22
"2024/03/12T19:07:39z",0.3
"2024/03/12T19:09:39z",0.28
"2024/03/12T19:11:39z",0
"2024/03/12T19:13:39z",0.36
"2024/03/12T19:15:39z",0.36
"2024/03/12T19:17:39z",0.12
"2024/03/12T19:19:39z",0.1
"2024/03/12T19:21:39z",0.41
"2024/03/12T19:23:20z",0.11
"2024/03/12T19:25:20z",0.25
"2024/03/12T19:27:20z",0.32
"2024/03/12T19:29:20z",0.25
"2024/03/12T19:31:20z",0.26
"2024/03/12T19:33:20z",0
"2024/03/12T19:35:20z",0.47
"2024/03/12T19:37:20z",0.75
"2024/03/12T19:39:20z",0.56
"2024/03/12T19:41:20z",0.12
"2024/03/12T19:43:00z",0.07
"2024/03/12T19:45:00z",0.07
"2024/03/12T19:47:00z",0.26
"2024/03/12T19:49:00z",0.41
"2024/03/12T19:51:00z",0.12
"2024/03/12T19:53:00z",0.37
"2024/03/12T19:55:00z",0.21
"2024/03/12T19:57:00z",0
"2024/03/12T19:59:00z",0.22
"2024/03/12T20:01:00z",0.17
"2024/03/12T20:02:41z",0.41
"2024/03/12T20:04:41z",1.15
"2024/03/12T20:06:41z",0
"2024/03/12T20:08:41z",0
"2024/03/12T20:10:41z",0.03
"2024/03/12T20:12:41z",0.19
"2024/03/12T20:14:41z",0
"2024/03/12T20:16:41z",0.34
"2024/03/12T20:18:41z",0.21
"2024/03/12T20:20:41z",0.34
"2024/03/12T20:22:22z",0
"2024/03/12T20:24:22z",0.28
"2024/03/12T20:26:22z",0.26
"2024/03/12T20:28:22z",0.29
"2024/03/12T20:30:22z",0.22
"2024/03/12T20:32:22z",0.08
"2024/03/12T20:34:22z",0.05
"2024/03/12T20:36:22z",0.12
"2024/03/12T20:38:22z",0.34
"2024/03/12T20:40:22z",0.2
"2024/03/12T20:42:02z",0.24
"2024/03/12T20:44:02z",0.08
"2024/03/12T20:46:02z",0.16
"2024/03/12T20:48:02z",0.11
"2024/03/12T20:50:02z",0.12
"2024/03/12T20:52:02z",0
"2024/03/12T20:54:02z",0.03
"2024/03/12T20:56:02z",0.25
"2024/03/12T20:58:02z",0.41
"2024/03/12T21:00:02z",0.17
"2024/03/12T21:01:43z",0.27
"2024/03/12T21:03:43z",0.07
"2024/03/12T21:05:43z",0.21
"2024/03/12T21:07:43z",0.11
"2024/03/12T21:09:43z",0.18
"2024/03/12T21:11:43z",0.27
"2024/03/12T21:13:43z",0.21
"2024/03/12T21:15:43z",0.07
"2024/03/12T21:17:43z",0.09
"2024/03/12T21:19:43z",0
"2024/03/12T21:21:24z",0.04
"2024/03/12T21:23:24z",0.2
"2024/03/12T21:25:24z",0.52
"2024/03/12T21:27:24z",0.09
"2024/03/12T21:29:24z",0.17
"2024/03/12T21:31:24z",0
"2024/03/12T21:33:24z",0
"2024/03/12T21:35:24z",0.14
"2024/03/12T21:37:24z",0.09
"2024/03/12T21:39:24z",0
"2024/03/12T21:41:04z",0.07
"2024/03/12T21:43:04z",0.03
"2024/03/12T21:45:04z",0
"2024/03/12T21:47:04z",0
"2024/03/12T21:49:04z",0.15
"2024/03/12T21:51:04z",0.15
"2024/03/12T21:53:04z",0.04
"2024/03/12T21:55:04z",0.18
"2024/03/12T21:57:04z",0.12
"2024/03/12T21:59:04z",0.15
"2024/03/12T22:00:45z",0.07
"2024/03/12T22:02:45z",0.08
"2024/03/12T22:04:45z",0.12
"2024/03/12T22:06:45z",0
"2024/03/12T22:08:45z",0.17
"2024/03/12T22:10:45z",0
"2024/03/12T22:12:45z",0
"2024/03/12T22:14:45z",0.12
"2024/03/12T22:16:45z",0.16
"2024/03/12T22:18:45z",0.03
"2024/03/12T22:20:25z",0
"2024/03/12T22:22:25z",0.14
"2024/03/12T22:24:25z",0
"2024/03/12T22:26:25z",0
"2024/03/12T22:28:25z",0
"2024/03/12T22:30:25z",0.22
"2024/03/12T22:32:25z",0
"2024/03/12T22:34:25z",0.12
"2024/03/12T22:36:25z",0.31
"2024/03/12T22:38:25z",0.37
"2024/03/12T22:40:06z",0.2
"2024/03/12T22:42:06z",0
"2024/03/12T22:44:06z",0
"2024/03/12T22:46:06z",0
"2024/03/12T22:48:06z",0.2
"2024/03/12T22:50:06z",0.17
"2024/03/12T22:52:06z",0
"2024/03/12T22:54:06z",0.12
"2024/03/12T22:56:06z",0.07
"2024/03/12T22:58:06z",0.37
"2024/03/12T22:59:47z",0
"2024/03/12T23:01:47z",0.42
"2024/03/12T23:03:47z",0.35
"2024/03/12T23:05:47z",0.12
"2024/03/12T23:07:47z",0
"2024/03/12T23:09:47z",0
"2024/03/12T23:11:47z",0
"2024/03/12T23:13:47z",0
"2024/03/12T23:15:47z",0.36
"2024/03/12T23:17:47z",0
"2024/03/12T23:19:27z",0.11
"2024/03/12T23:21:27z",0.02
"2024/03/12T23:23:27z",0.05
"2024/03/12T23:25:27z",0
"2024/03/12T23:27:27z",0.03
"2024/03/12T23:29:27z",0.08
"2024/03/12T23:31:27z",0.35
"2024/03/12T23:33:27z",0.26
"2024/03/12T23:35:27z",0.16
"2024/03/12T23:37:27z",0.12
"2024/03/12T23:39:08z",0.07
"2024/03/12T23:41:08z",0.29
"2024/03/12T23:43:08z",0.3
"2024/03/12T23:45:08z",0.05
"2024/03/12T23:47:08z",0.17
"2024/03/12T23:49:08z",0
"2024/03/12T23:51:08z",0.07
"2024/03/12T23:53:08z",0.25
"2024/03/12T23:55:08z",0.12
"2024/03/12T23:57:08z",0.25
"2024/03/12T23:58:48z",0.53
"2024/03/13T00:00:49z",0.17
"2024/03/13T00:02:48z",0
"2024/03/13T00:04:48z",0.18
"2024/03/13T00:06:48z",0.12
"2024/03/13T00:08:48z",0.07
"2024/03/13T00:10:48z",0
"2024/03/13T00:12:48z",0
"2024/03/13T00:14:48z",0.19
"2024/03/13T00:16:48z",0.02
"2024/03/13T00:18:29z",0.24
"2024/03/13T00:20:29z",0.33
"2024/03/13T00:22:29z",0.05
"2024/03/13T00:24:29z",0
"2024/03/13T00:26:29z",0.09
"2024/03/13T00:28:29z",0.46
"2024/03/13T00:30:29z",0.03
"2024/03/13T00:32:29z",0
"2024/03/13T00:34:29z",0
"2024/03/13T00:36:29z",0.07
"2024/03/13T00:38:10z",0
"2024/03/13T00:40:10z",0.37
"2024/03/13T00:42:10z",0.04
"2024/03/13T00:44:10z",0.3
"2024/03/13T00:46:10z",0.17
"2024/03/13T00:48:10z",0.22
"2024/03/13T00:50:10z",0.03
"2024/03/13T00:52:10z",0.46
"2024/03/13T00:54:10z",0.09
"2024/03/13T00:56:10z",0.17
"2024/03/13T00:57:50z",0.09
"2024/03/13T00:59:50z",0.17
"2024/03/13T01:01:50z",0.02
"2024/03/13T01:03:50z",0.09
"2024/03/13T01:05:50z",0.19
"2024/03/13T01:07:50z",0.17
"2024/03/13T01:09:50z",0.24
"2024/03/13T01:11:50z",0
"2024/03/13T01:13:50z",0
"2024/03/13T01:15:50z",0.22
"2024/03/13T01:17:30z",0.11
"2024/03/13T01:19:30z",0.15
"2024/03/13T01:21:30z",0.39
"2024/03/13T01:23:30z",0
"2024/03/13T01:25:30z",0
"2024/03/13T01:27:30z",0.22
"2024/03/13T01:29:30z",0.32
"2024/03/13T01:31:30z",0.32
"2024/03/13T01:33:30z",0.22
"2024/03/13T01:35:30z",0
"2024/03/13T01:37:12z",0.09
"2024/03/13T01:39:12z",0.1
"2024/03/13T01:41:12z",0.22
"2024/03/13T01:43:12z",0.12
"2024/03/13T01:45:12z",0.46
"2024/03/13T01:47:12z",0.34
"2024/03/13T01:49:12z",0.33
"2024/03/13T01:51:12z",0.23
"2024/03/13T01:53:12z",0.36
"2024/03/13T01:55:12z",0.49
"2024/03/13T01:56:52z",0.35
"2024/03/13T01:58:52z",0.25
"2024/03/13T02:00:52z",0.53
"2024/03/13T02:02:52z",0.16
"2024/03/13T02:04:52z",0.22
"2024/03/13T02:06:52z",0.22
"2024/03/13T02:08:52z",0.21
"2024/03/13T02:10:52z",0.46
"2024/03/13T02:12:52z",0.71
"2024/03/13T02:14:52z",0.26
"2024/03/13T02:16:32z",1.09
"2024/03/13T02:18:32z",0.47
"2024/03/13T02:20:32z",0.65
"2024/03/13T02:22:32z",0.16
"2024/03/13T02:24:32z",0.09
"2024/03/13T02:26:32z",0.47
"2024/03/13T02:28:32z",0.33
"2024/03/13T02:30:32z",0.38
"2024/03/13T02:32:32z",0.51
"2024/03/13T02:34:32z",0.38
"2024/03/13T02:36:14z",0.48
"2024/03/13T02:38:14z",0.56
"2024/03/13T02:40:14z",1.02
"2024/03/13T02:42:14z",0.68
"2024/03/13T02:44:14z",1.37
"2024/03/13T02:46:14z",1.03
"2024/03/13T02:48:14z",0.81
"2024/03/13T02:50:14z",0.23
"2024/03/13T02:52:14z",0.22
"2024/03/13T02:54:14z",0.42
"2024/03/13T02:55:55z",0.43
"2024/03/13T02:57:55z",0.37
"2024/03/13T02:59:55z",0.49
"2024/03/13T03:01:55z",0.93
"2024/03/13T03:03:55z",1.69
"2024/03/13T03:05:55z",1.31
"2024/03/13T03:07:55z",1.53
"2024/03/13T03:09:55z",1.39
"2024/03/13T03:11:55z",1.31
"2024/03/13T03:13:55z",0.86
"2024/03/13T03:15:36z",0.53
"2024/03/13T03:17:36z",0.85
"2024/03/13T03:19:36z",1.05
"2024/03/13T03:21:36z",1.46
"2024/03/13T03:23:36z",2.47
"2024/03/13T03:25:36z",2.68
"2024/03/13T03:27:36z",0.86
"2024/03/13T03:29:36z",0.21
"2024/03/13T03:31:36z",0.47
"2024/03/13T03:33:36z",0.24
"2024/03/13T03:35:16z",0.28
"2024/03/13T03:37:16z",0
"2024/03/13T03:39:16z",0.12
"2024/03/13T03:41:16z",0.4
"2024/03/13T03:43:16z",0.24
"2024/03/13T03:45:16z",0.02
"2024/03/13T03:47:16z",0.29
"2024/03/13T03:49:16z",0.05
"2024/03/13T03:51:16z",0.26
"2024/03/13T03:53:16z",0.34
"2024/03/13T03:54:56z",0
"2024/03/13T03:56:56z",0
"2024/03/13T03:58:56z",0.3
"2024/03/13T04:00:56z",0
"2024/03/13T04:02:56z",0.09
"2024/03/13T04:04:56z",0
"2024/03/13T04:06:56z",0.07
"2024/03/13T04:08:56z",0.2
"2024/03/13T04:10:56z",0
"2024/03/13T04:12:56z",0
"2024/03/13T04:14:37z",0
"2024/03/13T04:16:37z",0.37
"2024/03/13T04:18:37z",0
"2024/03/13T04:20:37z",0.05
"2024/03/13T04:22:37z",0
"2024/03/13T04:24:37z",0
"2024/03/13T04:26:37z",0
"2024/03/13T04:28:37z",0.07
"2024/03/13T04:30:37z",0.23
"2024/03/13T04:32:37z",0
"2024/03/13T04:34:18z",0.15
"2024/03/13T04:36:18z",0.02
"2024/03/13T04:38:18z",0.08
"2024/03/13T04:40:18z",0.45
"2024/03/13T04:42:18z",0.05
"2024/03/13T04:44:18z",0.32
"2024/03/13T04:46:18z",0.17
"2024/03/13T04:48:18z",0.21
"2024/03/13T04:50:18z",0.17
"2024/03/13T04:52:18z",0.12
"2024/03/13T04:53:59z",0
"2024/03/13T04:55:59z",0.17
"2024/03/13T04:57:59z",0.04
"2024/03/13T04:59:59z",0.16
"2024/03/13T05:01:59z",0.08
"2024/03/13T05:03:59z",0.17
"2024/03/13T05:05:59z",0.26
"2024/03/13T05:07:59z",0.07
"2024/03/13T05:09:59z",0.21
"2024/03/13T05:11:59z",0.12
"2024/03/13T05:13:40z",0.49
"2024/03/13T05:15:40z",0.32
"2024/03/13T05:17:40z",0.07
"2024/03/13T05:19:40z",0.05
"2024/03/13T05:21:40z",0.32
"2024/03/13T05:23:40z",0.03
"2024/03/13T05:25:40z",0.08
"2024/03/13T05:27:40z",0.09
"2024/03/13T05:29:40z",0.08
"2024/03/13T05:31:40z",0.05
"2024/03/13T05:33:20z",0
"2024/03/13T05:35:20z",0.27
"2024/03/13T05:37:20z",0.16
"2024/03/13T05:39:20z",0.2
"2024/03/13T05:41:20z",0
"2024/03/13T05:43:20z",0
"2024/03/13T05:45:20z",0.14
"2024/03/13T05:47:20z",0.04
"2024/03/13T05:49:20z",0.47
"2024/03/13T05:51:20z",0.14
"2024/03/13T05:53:01z",0.11
"2024/03/13T05:55:01z",0
"2024/03/13T05:57:01z",0.05
"2024/03/13T05:59:01z",0.09
"2024/03/13T06:01:01z",0.31
"2024/03/13T06:03:01z",0
"2024/03/13T06:05:01z",0.17
"2024/03/13T06:07:01z",0
"2024/03/13T06:09:01z",0
"2024/03/13T06:11:01z",0.08
"2024/03/13T06:12:41z",0.22
"2024/03/13T06:14:41z",0.07
"2024/03/13T06:16:41z",0.28
"2024/03/13T06:18:41z",0.04
"2024/03/13T06:20:41z",0
"2024/03/13T06:22:41z",0.12
"2024/03/13T06:24:41z",0.53
"2024/03/13T06:26:41z",0.02
"2024/03/13T06:28:41z",0.24
"2024/03/13T06:30:41z",0.31
"2024/03/13T06:32:21z",0.24
"2024/03/13T06:34:21z",0.25
"2024/03/13T06:36:21z",0.18
"2024/03/13T06:38:21z",0.18
"2024/03/13T06:40:21z",0.16
"2024/03/13T06:42:21z",0.13
"2024/03/13T06:44:21z",0.64
"2024/03/13T06:46:21z",0.32
"2024/03/13T06:48:21z",0.05
"2024/03/13T06:50:21z",0.25
"2024/03/13T06:52:02z",0.27
"2024/03/13T06:54:02z",0.59
"2024/03/13T06:56:02z",0.52
"2024/03/13T06:58:02z",0.54
"2024/03/13T07:00:02z",0.88
"2024/03/13T07:02:02z",0.42
"2024/03/13T07:04:02z",0.52
"2024/03/13T07:06:02z",0.84
"2024/03/13T07:08:02z",0.69
"2024/03/13T07:10:02z",0.33
"2024/03/13T14:45:46z",1.36
"2024/03/13T14:47:46z",1.05
"2024/03/13T14:49:46z",0.39
"2024/03/13T14:51:46z",0.84
"2024/03/13T14:53:46z",1
"2024/03/13T14:55:46z",0.85
"2024/03/13T14:57:46z",0.98
"2024/03/13T14:59:46z",0.89
"2024/03/13T15:01:46z",0.53
"2024/03/13T15:03:46z",0.68
"2024/03/13T15:05:28z",0.52
"2024/03/13T15:07:28z",0.78
"2024/03/13T15:09:28z",0.46
"2024/03/13T15:11:28z",0.2
"2024/03/13T15:13:28z",0.58
"2024/03/13T15:15:28z",0.54
"2024/03/13T15:17:28z",0.46
"2024/03/13T15:19:28z",0.09
"2024/03/13T15:21:28z",0.19
"2024/03/13T15:23:28z",0.34
"2024/03/13T15:25:09z",0
"2024/03/13T15:27:09z",0.37
"2024/03/13T15:29:09z",0.09
"2024/03/13T15:31:09z",0.47
"2024/03/13T15:33:09z",0.51
"2024/03/13T15:35:09z",0.29
"2024/03/13T15:37:09z",0.48
"2024/03/13T15:39:09z",0.11
"2024/03/13T15:41:09z",0.72
"2024/03/13T15:43:09z",0.3
"2024/03/13T15:44:49z",0
"2024/03/13T15:46:49z",0.24
"2024/03/13T15:48:49z",0.18
"2024/03/13T15:50:49z",0.18
"2024/03/13T15:52:49z",0.33
"2024/03/13T15:54:49z",0.29
"2024/03/13T15:56:49z",0.07
"2024/03/13T15:58:49z",0.39
"2024/03/13T16:00:49z",0.14
"2024/03/13T16:02:49z",0.15
"2024/03/13T16:04:29z",0.24
"2024/03/13T16:06:29z",0.03
"2024/03/13T16:08:29z",0.4
"2024/03/13T16:10:29z",0.2
"2024/03/13T16:12:29z",0.1
"2024/03/13T16:14:29z",0.92
"2024/03/13T16:16:29z",0.36
"2024/03/13T16:18:29z",0.32
"2024/03/13T16:20:29z",0.23
"2024/03/13T16:22:29z",0.23
"2024/03/13T16:24:10z",0.3
"2024/03/13T16:26:10z",0
"2024/03/13T16:28:10z",0.02
"2024/03/13T16:30:10z",0.04
"2024/03/13T16:32:10z",0.03
"2024/03/13T16:34:10z",0.57
"2024/03/13T16:36:10z",0.21
"2024/03/13T16:38:10z",0
"2024/03/13T16:40:10z",0
"2024/03/13T16:42:10z",0.1
"2024/03/13T16:43:51z",0.24
"2024/03/13T16:45:51z",0.22
"2024/03/13T16:47:51z",0.29
"2024/03/13T16:49:51z",0.45
"2024/03/13T16:51:51z",0.17
"2024/03/13T16:53:51z",0.38
"2024/03/13T16:55:51z",0.09
"2024/03/13T16:57:51z",0.3
"2024/03/13T16:59:51z",0
"2024/03/13T17:01:51z",0.39
"2024/03/13T17:03:31z",0
"2024/03/13T17:05:31z",0.29
"2024/03/13T17:07:31z",0.1
"2024/03/13T17:09:31z",0.27
"2024/03/13T17:11:31z",0.48
"2024/03/13T17:13:31z",0.19
"2024/03/13T17:15:31z",0.28
"2024/03/13T17:17:31z",0.18
"2024/03/13T17:19:31z",0.09
"2024/03/13T17:21:31z",0
"2024/03/13T17:23:12z",0.24
"2024/03/13T17:25:12z",0
"2024/03/13T17:27:12z",0.6
"2024/03/13T17:29:12z",0.41
"2024/03/13T17:31:12z",0.37
"2024/03/13T17:33:12z",0.1
"2024/03/13T17:35:12z",0
"2024/03/13T17:37:12z",0.63
"2024/03/13T17:39:12z",0.14
"2024/03/13T17:41:12z",0.25
"2024/03/13T17:42:53z",0
"2024/03/13T17:44:53z",0.2
"2024/03/13T17:46:53z",0
"2024/03/13T17:48:53z",0.05
"2024/03/13T17:50:53z",0.08
"2024/03/13T17:52:53z",0
"2024/03/13T17:54:53z",0.17
"2024/03/13T17:56:53z",0.02
"2024/03/13T17:58:53z",0.08
"2024/03/13T18:00:53z",0
"2024/03/13T18:02:33z",0
"2024/03/13T18:04:33z",0.41
"2024/03/13T18:06:33z",0.09
"2024/03/13T18:08:33z",0
"2024/03/13T18:10:33z",0.14
"2024/03/13T18:12:33z",0
"2024/03/13T18:14:33z",0.19
"2024/03/13T18:16:33z",0.05
"2024/03/13T18:18:33z",0.36
"2024/03/13T18:20:33z",0.07
"2024/03/13T18:22:14z",0
"2024/03/13T18:24:14z",0.05
"2024/03/13T18:26:14z",0
"2024/03/13T18:28:14z",0
"2024/03/13T18:30:14z",0
"2024/03/13T18:32:14z",0.05
"2024/03/13T18:34:14z",0
"2024/03/13T18:36:14z",0.27
"2024/03/13T18:38:14z",0
"2024/03/13T18:40:14z",0
"2024/03/13T18:41:55z",0.26
"2024/03/13T18:43:55z",0.03
"2024/03/13T18:45:55z",0
"2024/03/13T18:47:55z",0.04
"2024/03/13T18:49:55z",0.08
"2024/03/13T18:51:55z",0
"2024/03/13T18:53:55z",0.05
"2024/03/13T18:55:55z",0.25
"2024/03/13T18:57:55z",0.07
"2024/03/13T18:59:55z",0
"2024/03/13T19:01:36z",0
"2024/03/13T19:03:36z",0
"2024/03/13T19:05:36z",0
"2024/03/13T19:07:36z",0.12
"2024/03/13T19:09:36z",0.07
"2024/03/13T19:11:36z",0
"2024/03/13T19:13:36z",0.1
"2024/03/13T19:15:36z",0
"2024/03/13T19:17:36z",0
"2024/03/13T19:19:36z",0
"2024/03/13T19:21:16z",0
"2024/03/13T19:23:16z",0.31
"2024/03/13T19:25:16z",0
"2024/03/13T19:27:16z",0
"2024/03/13T19:29:16z",0.02
"2024/03/13T19:31:16z",0.42
"2024/03/13T19:33:16z",0.05
"2024/03/13T19:35:16z",0.11
"2024/03/13T19:37:16z",0.04
"2024/03/13T19:39:16z",0.1
"2024/03/13T19:40:56z",0
"2024/03/13T19:42:56z",0
"2024/03/13T19:44:56z",0
"2024/03/13T19:46:56z",0.11
"2024/03/13T19:48:56z",1.68
"2024/03/13T19:50:56z",0.91
"2024/03/13T19:52:56z",0
"2024/03/13T19:54:56z",0
"2024/03/13T19:56:56z",0
"2024/03/13T19:58:56z",0.12
"2024/03/13T20:00:37z",0
"2024/03/13T20:02:37z",0
"2024/03/13T20:04:37z",0.07
"2024/03/13T20:06:37z",0
"2024/03/13T20:08:37z",0
"2024/03/13T20:10:37z",0
"2024/03/13T20:12:37z",0
"2024/03/13T20:14:37z",0.04
"2024/03/13T20:16:37z",0
"2024/03/13T20:18:37z",0.17
"2024/03/13T20:20:18z",0
"2024/03/13T20:22:18z",0
"2024/03/13T20:24:18z",0.22
"2024/03/13T20:26:18z",0.18
"2024/03/13T20:28:18z",0
"2024/03/13T20:30:18z",0.17
"2024/03/13T20:32:18z",0.07
"2024/03/13T20:34:18z",0
"2024/03/13T20:36:18z",0.1
"2024/03/13T20:38:18z",0
"2024/03/13T20:39:58z",0
"2024/03/13T20:41:58z",0
"2024/03/13T20:43:58z",0
"2024/03/13T20:45:58z",0.44
"2024/03/13T20:47:58z",0.09
"2024/03/13T20:49:58z",0
"2024/03/13T20:51:58z",0
"2024/03/13T20:53:58z",0
"2024/03/13T20:55:58z",0.09
"2024/03/13T20:57:58z",0.17
"2024/03/13T20:59:39z",0
"2024/03/13T21:01:39z",0
"2024/03/13T21:03:39z",0
"2024/03/13T21:05:39z",0.07
"2024/03/13T21:07:39z",0.08
"2024/03/13T21:09:39z",0
"2024/03/13T21:11:39z",0
"2024/03/13T21:13:39z",0
"2024/03/13T21:15:39z",0
"2024/03/13T21:17:39z",0
"2024/03/13T21:19:20z",0.22
"2024/03/13T21:21:20z",0.07
"2024/03/13T21:23:20z",0
"2024/03/13T21:25:20z",0
"2024/03/13T21:27:20z",0.18
"2024/03/13T21:29:20z",0
"2024/03/13T21:31:20z",0.07
"2024/03/13T21:33:20z",0.12
"2024/03/13T21:35:20z",0.12
"2024/03/13T21:37:20z",0.05
"2024/03/13T21:39:01z",0
"2024/03/13T21:41:01z",0
"2024/03/13T21:43:01z",0
"2024/03/13T21:45:01z",0
"2024/03/13T21:47:01z",0.02
"2024/03/13T21:49:01z",0
"2024/03/13T21:51:01z",0
"2024/03/13T21:53:01z",0.3
"2024/03/13T21:55:01z",0.07
"2024/03/13T21:57:01z",0
"2024/03/13T21:58:41z",0.09
"2024/03/13T22:00:41z",0
"2024/03/13T22:02:41z",0.18
"2024/03/13T22:04:41z",0.33
"2024/03/13T22:06:41z",0.29
"2024/03/13T22:08:41z",0.42
"2024/03/13T22:10:41z",0
"2024/03/13T22:12:41z",0.09
"2024/03/13T22:14:41z",0.25
"2024/03/13T22:16:41z",0
"2024/03/13T22:18:22z",0.16
"2024/03/13T22:20:22z",0.68
"2024/03/13T22:22:22z",0.88
"2024/03/13T22:24:22z",0.34
"2024/03/13T22:26:22z",0.65
"2024/03/13T22:28:22z",3.69
"2024/03/13T22:30:22z",1.22
"2024/03/13T22:32:22z",1.29
"2024/03/13T22:34:22z",0.6
"2024/03/13T22:36:22z",0.97
"2024/03/13T22:38:03z",0.17
"2024/03/13T22:40:03z",0.26
"2024/03/13T22:42:03z",0.21
"2024/03/13T22:44:03z",0.44
"2024/03/13T22:46:03z",0.14
"2024/03/13T22:48:03z",0.14
"2024/03/13T22:50:03z",0.36
"2024/03/13T22:52:03z",0.27
"2024/03/13T22:54:03z",0.63
"2024/03/13T22:56:03z",0.15
"2024/03/13T22:57:43z",0
"2024/03/13T22:59:43z",0.22
"2024/03/13T23:01:43z",0.05
"2024/03/13T23:03:43z",0.04
"2024/03/13T23:05:43z",0.33
"2024/03/13T23:07:43z",0.19
"2024/03/13T23:09:43z",0
"2024/03/13T23:11:43z",0.21
"2024/03/13T23:13:43z",0.19
"2024/03/13T23:15:43z",0.13
"2024/03/13T23:17:24z",0.27
"2024/03/13T23:19:24z",1.21
"2024/03/13T23:21:24z",1.77
"2024/03/13T23:23:24z",0.23
"2024/03/13T23:25:24z",0.66
"2024/03/13T23:27:24z",0.47
"2024/03/13T23:29:24z",1.29
"2024/03/13T23:31:24z",0.3
"2024/03/13T23:33:24z",0.05
"2024/03/13T23:35:24z",0.14
"2024/03/13T23:37:05z",0
"2024/03/13T23:39:05z",0.35
"2024/03/13T23:41:05z",0.11
"2024/03/13T23:43:05z",0
"2024/03/13T23:45:05z",0
"2024/03/13T23:47:05z",0
"2024/03/13T23:49:05z",0.14
"2024/03/13T23:51:05z",0.11
"2024/03/13T23:53:05z",0.18
"2024/03/13T23:55:05z",0
"2024/03/13T23:56:45z",0.24
"2024/03/13T23:58:45z",0.17
"2024/03/14T00:00:45z",0
"2024/03/14T00:02:45z",0
"2024/03/14T00:04:45z",0.05
"2024/03/14T00:06:45z",0
"2024/03/14T00:08:45z",0.14
"2024/03/14T00:10:45z",0
"2024/03/14T00:12:45z",0
"2024/03/14T00:14:45z",0.05
"2024/03/14T00:16:26z",0.83
"2024/03/14T00:18:26z",0.1
"2024/03/14T00:20:26z",0
"2024/03/14T00:22:26z",0.34
"2024/03/14T00:24:26z",0
"2024/03/14T00:26:26z",0.05
"2024/03/14T00:28:26z",0
"2024/03/14T00:30:26z",0.46
"2024/03/14T00:32:26z",0.2
"2024/03/14T00:34:26z",0.14
"2024/03/14T00:36:06z",0.18
"2024/03/14T00:38:06z",0
"2024/03/14T00:40:06z",0.07
"2024/03/14T00:42:06z",0
"2024/03/14T00:44:06z",0.1
"2024/03/14T00:46:06z",0.17
"2024/03/14T00:48:06z",0.4
"2024/03/14T00:50:06z",0.02
"2024/03/14T00:52:06z",0
"2024/03/14T00:54:06z",0
"2024/03/14T00:55:47z",0
"2024/03/14T00:57:47z",0
"2024/03/14T00:59:47z",0.07
"2024/03/14T01:01:47z",0.02
"2024/03/14T01:03:47z",0.12
"2024/03/14T01:05:47z",0.22
"2024/03/14T01:07:47z",0.02
"2024/03/14T01:09:47z",0.4
"2024/03/14T01:11:47z",0.38
"2024/03/14T01:13:47z",0.12
"2024/03/14T01:15:27z",0.09
"2024/03/14T01:17:27z",0.44
"2024/03/14T01:19:27z",0.21
"2024/03/14T01:21:27z",0.27
"2024/03/14T01:23:27z",0.2
"2024/03/14T01:25:27z",0.08
"2024/03/14T01:27:27z",0
"2024/03/14T01:29:27z",0.18
"2024/03/14T01:31:27z",0.29
"2024/03/14T01:33:27z",0.29
"2024/03/14T01:35:08z",0.51
"2024/03/14T01:37:08z",0.59
"2024/03/14T01:39:08z",0.18
"2024/03/14T01:41:08z",0.75
"2024/03/14T01:43:08z",0
"2024/03/14T01:45:08z",0
"2024/03/14T01:47:08z",0.28
"2024/03/14T01:49:08z",0.4
"2024/03/14T01:51:08z",0.26
"2024/03/14T01:53:08z",0.08
"2024/03/14T01:54:49z",0.17
"2024/03/14T01:56:49z",0.41
"2024/03/14T01:58:49z",0.23
"2024/03/14T02:00:49z",0.23
"2024/03/14T02:02:49z",0.47
"2024/03/14T02:04:49z",0.72
"2024/03/14T02:06:49z",0.05
"2024/03/14T02:08:49z",0
"2024/03/14T02:10:49z",0.1
"2024/03/14T02:12:49z",0
"2024/03/14T02:14:30z",0.24
"2024/03/14T02:16:30z",0.1
"2024/03/14T02:18:30z",0
"2024/03/14T02:20:30z",0.36
"2024/03/14T02:22:30z",0.36
"2024/03/14T02:24:30z",0.14
"2024/03/14T02:26:30z",0.05
"2024/03/14T02:28:30z",0.27
"2024/03/14T02:30:30z",0
"2024/03/14T02:32:30z",0.08
"2024/03/14T02:34:10z",0.18
"2024/03/14T02:36:10z",0
"2024/03/14T02:38:10z",0.21
"2024/03/14T02:40:10z",0.23
"2024/03/14T02:42:10z",0.36
"2024/03/14T02:44:10z",0.17
"2024/03/14T02:46:10z",0.34
"2024/03/14T02:48:10z",0.5
"2024/03/14T02:50:10z",0.53
"2024/03/14T02:52:10z",0.25
"2024/03/14T02:53:50z",0.07
"2024/03/14T02:55:50z",0.47
"2024/03/14T02:57:50z",0.53
"2024/03/14T02:59:50z",0.11
"2024/03/14T03:01:50z",0.39
"2024/03/14T03:03:50z",0.22
"2024/03/14T03:05:50z",0.79
"2024/03/14T03:07:50z",0.39
"2024/03/14T03:09:50z",0.53
"2024/03/14T03:11:50z",0.2
"2024/03/14T03:13:31z",0.8
"2024/03/14T03:15:31z",0
"2024/03/14T03:17:31z",0.53
"2024/03/14T03:19:31z",0.32
"2024/03/14T03:21:31z",0.49
"2024/03/14T03:23:31z",0.5
"2024/03/14T03:25:31z",0.34
"2024/03/14T03:27:31z",0.34
"2024/03/14T03:29:31z",0.21
"2024/03/14T03:31:31z",0.58
"2024/03/14T03:33:12z",0.24
"2024/03/14T03:35:12z",1.02
"2024/03/14T03:37:12z",0.95
"2024/03/14T03:39:12z",0.33
"2024/03/14T03:41:12z",0.78
"2024/03/14T03:43:12z",0.63
"2024/03/14T03:45:12z",0.17
"2024/03/14T03:47:12z",0.32
"2024/03/14T03:49:12z",0.33
"2024/03/14T03:51:12z",0
"2024/03/14T03:52:52z",0.47
"2024/03/14T03:54:52z",0.32
"2024/03/14T03:56:52z",0.09
"2024/03/14T03:58:52z",0.55
"2024/03/14T04:00:52z",0.75
"2024/03/14T04:02:52z",0.8
"2024/03/14T04:04:52z",0.32
"2024/03/14T04:06:52z",0.59
"2024/03/14T04:08:52z",0.19
"2024/03/14T04:10:52z",0.46
"2024/03/14T04:12:33z",0.76
"2024/03/14T04:14:33z",0.74
"2024/03/14T04:16:33z",0.34
"2024/03/14T04:18:33z",0.34
"2024/03/14T04:20:33z",0.57
"2024/03/14T04:22:33z",0.27
"2024/03/14T04:24:33z",0.51
"2024/03/14T04:26:33z",0.73
"2024/03/14T04:28:33z",0.66
"2024/03/14T04:30:33z",1.15
"2024/03/14T04:32:13z",0.43
"2024/03/14T04:34:13z",0.71
"2024/03/14T04:36:13z",0.72
"2024/03/14T04:38:13z",1.02
"2024/03/14T04:40:13z",0.64
"2024/03/14T04:42:13z",0.63
"2024/03/14T04:44:13z",0.31
"2024/03/14T04:46:13z",0.44
"2024/03/14T04:48:13z",0.36
"2024/03/14T04:50:13z",0.45
"2024/03/14T04:51:53z",0.27
"2024/03/14T04:53:53z",0
"2024/03/14T04:55:53z",0.59
"2024/03/14T04:57:53z",0.39
"2024/03/14T04:59:53z",0.17
"2024/03/14T05:01:53z",0.49
"2024/03/14T05:03:53z",0.51
"2024/03/14T05:05:53z",0.61
"2024/03/14T05:07:53z",0.52
"2024/03/14T05:09:53z",0.57
"2024/03/14T05:11:34z",0.28
"2024/03/14T05:13:34z",0.19
"2024/03/14T05:15:34z",0.3
"2024/03/14T05:17:34z",0
"2024/03/14T05:19:34z",0.47
"2024/03/14T05:21:34z",0.6
"2024/03/14T05:23:34z",0.48
"2024/03/14T05:25:34z",0.79
"2024/03/14T05:27:34z",0.19
"2024/03/14T05:29:34z",0.71
"2024/03/14T05:31:16z",0.11
"2024/03/14T05:33:15z",0.47
"2024/03/14T05:35:15z",0.09
"2024/03/14T05:37:15z",0.25
"2024/03/14T05:39:15z",0.37
"2024/03/14T05:41:15z",0.15
"2024/03/14T05:43:15z",0.29
"2024/03/14T05:45:15z",0.25
"2024/03/14T05:47:15z",0.17
"2024/03/14T05:49:15z",0.43
"2024/03/14T05:50:57z",0.3
"2024/03/14T05:52:57z",0.22
"2024/03/14T05:54:57z",0.14
"2024/03/14T05:56:57z",0.11
"2024/03/14T05:58:57z",0
"2024/03/14T06:00:57z",0.24
"2024/03/14T06:02:57z",0.49
"2024/03/14T06:04:57z",0.3
"2024/03/14T06:06:56z",0.5
"2024/03/14T06:08:56z",0.08
"2024/03/14T06:10:38z",0.27
"2024/03/14T06:12:38z",0.29
"2024/03/14T06:14:38z",0.78
"2024/03/14T06:16:38z",0.21
"2024/03/14T06:18:38z",0.37
"2024/03/14T06:20:38z",0.12
"2024/03/14T06:22:38z",0.57
"2024/03/14T06:24:38z",0.05
"2024/03/14T06:26:38z",0.43
"2024/03/14T06:28:38z",0.53
"2024/03/14T06:30:18z",0.04
"2024/03/14T06:32:18z",0.29
"2024/03/14T06:34:18z",0.47
"2024/03/14T06:36:18z",0.38
"2024/03/14T06:38:18z",0.69
"2024/03/14T06:40:18z",0.42
"2024/03/14T06:42:18z",0.47
"2024/03/14T06:44:18z",0.28
"2024/03/14T06:46:18z",0.31
"2024/03/14T06:48:18z",0.14
"2024/03/14T06:49:58z",0.33
"2024/03/14T06:51:58z",0.34
"2024/03/14T06:53:58z",0.3
"2024/03/14T06:55:58z",0.23
"2024/03/14T06:57:58z",0.53
"2024/03/14T06:59:58z",0.32
"2024/03/14T07:01:58z",0.1
"2024/03/14T07:03:58z",0.05
"2024/03/14T07:05:58z",0.16
"2024/03/14T07:07:58z",0.1
"2024/03/14T07:09:39z",0
"2024/03/14T07:11:39z",0.54
"2024/03/14T07:13:39z",0
"2024/03/14T07:15:39z",0.39
"2024/03/14T07:17:39z",0.41
"2024/03/14T07:19:39z",0.34
"2024/03/14T07:21:39z",0.14
"2024/03/14T07:23:39z",0
"2024/03/14T07:25:39z",0.53
"2024/03/14T07:27:39z",0.3
"2024/03/14T07:29:20z",0.11
"2024/03/14T07:31:20z",0
"2024/03/14T07:33:20z",0.32
"2024/03/14T07:35:20z",0.29
"2024/03/14T07:37:20z",0.17
"2024/03/14T07:39:20z",0.31
"2024/03/14T07:41:20z",0.6
"2024/03/14T07:43:20z",0.6
"2024/03/14T07:45:20z",0.29
"2024/03/14T07:47:20z",0.35
"2024/03/14T07:49:00z",0.13
"2024/03/14T07:51:00z",0.66
"2024/03/14T07:53:00z",0.67
"2024/03/14T07:55:00z",0.36
"2024/03/14T07:57:00z",0.59
"2024/03/14T07:59:00z",0.4
"2024/03/14T08:01:00z",0.55
"2024/03/14T08:03:00z",0.23
"2024/03/14T08:05:00z",0.16
"2024/03/14T08:07:00z",0.58
"2024/03/14T08:08:41z",0.64
"2024/03/14T08:10:41z",0.88
"2024/03/14T08:12:41z",1.23
"2024/03/14T08:14:41z",0.75
"2024/03/14T08:16:41z",0.59
"2024/03/14T08:18:41z",0.17
"2024/03/14T08:20:41z",0.52
"2024/03/14T08:22:41z",0.82
"2024/03/14T08:24:41z",1.02
"2024/03/14T08:26:41z",0.95
"2024/03/14T08:28:22z",0.87
"2024/03/14T08:30:22z",0.19
"2024/03/14T08:32:22z",0.4
"2024/03/14T08:34:22z",0.27
"2024/03/14T08:36:22z",0.43
"2024/03/14T08:38:22z",0
"2024/03/14T08:40:22z",0.43
"2024/03/14T08:42:22z",0.12
"2024/03/14T08:44:22z",1
"2024/03/14T08:46:22z",0.73
"2024/03/14T14:43:23z",0
"2024/03/14T14:45:23z",0.18
"2024/03/14T14:47:23z",0.1
"2024/03/14T14:49:23z",0.21
"2024/03/14T14:51:23z",0.08
"2024/03/14T14:53:23z",0.12
"2024/03/14T14:55:23z",0.32
"2024/03/14T14:57:23z",0.11
"2024/03/14T14:59:23z",0.26
"2024/03/14T15:01:23z",0.15
"2024/03/14T15:03:04z",0.09
"2024/03/14T15:05:04z",0.5
"2024/03/14T15:07:04z",0
"2024/03/14T15:09:04z",0.18
"2024/03/14T15:11:04z",0.36
"2024/03/14T15:13:04z",0.41
"2024/03/14T15:15:04z",0.08
"2024/03/14T15:17:04z",0.07
"2024/03/14T15:19:04z",0.07
"2024/03/14T15:21:04z",0
"2024/03/14T15:22:44z",0
"2024/03/14T15:24:44z",0
"2024/03/14T15:26:44z",0.14
"2024/03/14T15:28:44z",0
"2024/03/14T15:30:44z",0
"2024/03/14T15:32:44z",0.15
"2024/03/14T15:34:44z",0.33
"2024/03/14T15:36:44z",0.11
"2024/03/14T15:38:44z",0
"2024/03/14T15:40:44z",0.02
"2024/03/14T15:42:25z",0
"2024/03/14T15:44:25z",0.09
"2024/03/14T15:46:25z",0.21
"2024/03/14T15:48:25z",0.09
"2024/03/14T15:50:25z",0.12
"2024/03/14T15:52:25z",0.28
"2024/03/14T15:54:25z",0
"2024/03/14T15:56:25z",0.04
"2024/03/14T15:58:25z",0
"2024/03/14T16:00:25z",0.08
"2024/03/14T16:02:06z",0.18
"2024/03/14T16:04:06z",0
"2024/03/14T16:06:06z",0
"2024/03/14T16:08:06z",0.23
"2024/03/14T16:10:06z",0.08
"2024/03/14T16:12:06z",0.28
"2024/03/14T16:14:06z",0.24
"2024/03/14T16:16:06z",0.57
"2024/03/14T16:18:06z",0.22
"2024/03/14T16:20:06z",0.22
"2024/03/14T16:21:47z",0.31
"2024/03/14T16:23:47z",0.25
"2024/03/14T16:25:47z",0.16
"2024/03/14T16:27:47z",0.11
"2024/03/14T16:29:47z",0.24
"2024/03/14T16:31:47z",0.08
"2024/03/14T16:33:47z",0.53
"2024/03/14T16:35:47z",0.2
"2024/03/14T16:37:47z",0.14
"2024/03/14T16:39:46z",0.08
"2024/03/14T16:41:28z",0.09
"2024/03/14T16:43:28z",0
"2024/03/14T16:45:28z",0.27
"2024/03/14T16:47:28z",0
"2024/03/14T16:49:28z",0.08
"2024/03/14T16:51:28z",0.39
"2024/03/14T16:53:28z",0.19
"2024/03/14T16:55:28z",0
"2024/03/14T16:57:28z",0.21
"2024/03/14T16:59:28z",0.42
"2024/03/14T17:01:09z",0.17
"2024/03/14T17:03:09z",0.08
"2024/03/14T17:05:09z",0.32
"2024/03/14T17:07:09z",0.48
"2024/03/14T17:09:09z",0.05
"2024/03/14T17:11:09z",0.22
"2024/03/14T17:13:09z",0.16
"2024/03/14T17:15:09z",0.79
"2024/03/14T17:17:09z",0.1
"2024/03/14T17:19:09z",0.25
"2024/03/14T17:20:49z",0.24
"2024/03/14T17:22:49z",0.31
"2024/03/14T17:24:49z",0.42
"2024/03/14T17:26:49z",0.3
"2024/03/14T17:28:49z",0.17
"2024/03/14T17:30:49z",0.02
"2024/03/14T17:32:49z",0
"2024/03/14T17:34:49z",0.27
"2024/03/14T17:36:49z",0.24
"2024/03/14T17:38:49z",0.62
"2024/03/14T17:40:29z",0.4
"2024/03/14T17:42:29z",0.32
"2024/03/14T17:44:29z",0.54
"2024/03/14T17:46:29z",0.63
"2024/03/14T17:48:29z",0.22
"2024/03/14T17:50:29z",0.11
"2024/03/14T17:52:29z",0.47
"2024/03/14T17:54:29z",0.39
"2024/03/14T17:56:29z",0.42
"2024/03/14T17:58:29z",0.08
"2024/03/14T18:00:10z",0.04
"2024/03/14T18:02:10z",0.27
"2024/03/14T18:04:10z",0.22
"2024/03/14T18:06:10z",0.23
"2024/03/14T18:08:10z",0
"2024/03/14T18:10:10z",0
"2024/03/14T18:12:10z",0.05
"2024/03/14T18:14:10z",0.07
"2024/03/14T18:16:10z",0.02
"2024/03/14T18:18:10z",0.1
"2024/03/14T18:19:51z",0.27
"2024/03/14T18:21:51z",0.14
"2024/03/14T18:23:51z",0.25
"2024/03/14T18:25:51z",0.05
"2024/03/14T18:27:51z",0.02
"2024/03/14T18:29:51z",0.14
"2024/03/14T18:31:51z",0
"2024/03/14T18:33:51z",0.09
"2024/03/14T18:35:51z",0.17
"2024/03/14T18:37:51z",0.12
"2024/03/14T18:39:31z",0.26
"2024/03/14T18:41:31z",0.07
"2024/03/14T18:43:31z",0
"2024/03/14T18:45:31z",0.25
"2024/03/14T18:47:31z",0.31
"2024/03/14T18:49:31z",0
"2024/03/14T18:51:31z",0.32
"2024/03/14T18:53:31z",0.02
"2024/03/14T18:55:31z",0.17
"2024/03/14T18:57:31z",0.08
"2024/03/14T18:59:12z",0
"2024/03/14T19:01:12z",0.07
"2024/03/14T19:03:12z",0.11
"2024/03/14T19:05:12z",0.18
"2024/03/14T19:07:12z",0.12
"2024/03/14T19:09:12z",0.12
"2024/03/14T19:11:12z",0
"2024/03/14T19:13:12z",0
"2024/03/14T19:15:12z",0
"2024/03/14T19:17:12z",0.17
"2024/03/14T19:18:52z",0
"2024/03/14T19:20:52z",0.42
"2024/03/14T19:22:52z",0
"2024/03/14T19:24:52z",0.07
"2024/03/14T19:26:52z",0.14
"2024/03/14T19:28:52z",0.34
"2024/03/14T19:30:52z",0.05
"2024/03/14T19:32:52z",0
"2024/03/14T19:34:52z",0.84
"2024/03/14T19:36:52z",0.22
"2024/03/14T19:38:33z",0.29
"2024/03/14T19:40:33z",0
"2024/03/14T19:42:33z",0
"2024/03/14T19:44:33z",0
"2024/03/14T19:46:33z",0.03
"2024/03/14T19:48:33z",0.12
"2024/03/14T19:50:33z",0.48
"2024/03/14T19:52:33z",0.07
"2024/03/14T19:54:33z",0
"2024/03/14T19:56:33z",0.03
"2024/03/14T19:58:14z",0
"2024/03/14T20:00:14z",0
"2024/03/14T20:02:14z",0.09
"2024/03/14T20:04:14z",0.04
"2024/03/14T20:06:14z",0.27
"2024/03/14T20:08:14z",0.08
"2024/03/14T20:10:14z",0.02
"2024/03/14T20:12:14z",0
"2024/03/14T20:14:14z",0.03
"2024/03/14T20:16:14z",0.18
"2024/03/14T20:17:55z",0.07
"2024/03/14T20:19:55z",0.08
"2024/03/14T20:21:55z",0.02
"2024/03/14T20:23:55z",0.16
"2024/03/14T20:25:55z",0.12
"2024/03/14T20:27:55z",0.12
"2024/03/14T20:29:55z",0
"2024/03/14T20:31:55z",0.29
"2024/03/14T20:33:55z",0.36
"2024/03/14T20:35:55z",0.08
"2024/03/14T20:37:35z",0
"2024/03/14T20:39:35z",0
"2024/03/14T20:41:35z",0.26
"2024/03/14T20:43:35z",0
"2024/03/14T20:45:35z",0.17
"2024/03/14T20:47:35z",0
"2024/03/14T20:49:35z",0.07
"2024/03/14T20:51:35z",0
"2024/03/14T20:53:35z",0.1
"2024/03/14T20:55:35z",0.25
"2024/03/14T20:57:16z",0
"2024/03/14T20:59:16z",0.02
"2024/03/14T21:01:16z",0.29
"2024/03/14T21:03:16z",0.09
"2024/03/14T21:05:16z",0
"2024/03/14T21:07:16z",0.08
"2024/03/14T21:09:16z",0
"2024/03/14T21:11:16z",0.3
"2024/03/14T21:13:16z",0.48
"2024/03/14T21:15:16z",0
"2024/03/14T21:16:57z",0
"2024/03/14T21:18:57z",0.03
"2024/03/14T21:20:57z",0.07
"2024/03/14T21:22:57z",0
"2024/03/14T21:24:57z",0.18
"2024/03/14T21:26:57z",0.17
"2024/03/14T21:28:57z",0.03
"2024/03/14T21:30:57z",0.18
"2024/03/14T21:32:57z",0.12
"2024/03/14T21:34:57z",0.08
"2024/03/14T21:36:37z",0.38
"2024/03/14T21:38:37z",0
"2024/03/14T21:40:37z",0.05
"2024/03/14T21:42:37z",0
"2024/03/14T21:44:37z",0.05
"2024/03/14T21:46:37z",0.5
"2024/03/14T21:48:37z",0
"2024/03/14T21:50:37z",0
"2024/03/14T21:52:37z",0
"2024/03/14T21:54:37z",0
"2024/03/14T21:56:17z",0
"2024/03/14T21:58:17z",0.1
"2024/03/14T22:00:17z",0.09
"2024/03/14T22:02:17z",0
"2024/03/14T22:04:17z",0.34
"2024/03/14T22:06:17z",0.13
"2024/03/14T22:08:17z",0.12
"2024/03/14T22:10:17z",0.11
"2024/03/14T22:12:17z",0.1
"2024/03/14T22:14:17z",0.02
"2024/03/14T22:15:59z",0.11
"2024/03/14T22:17:59z",0.33
"2024/03/14T22:19:59z",0
"2024/03/14T22:21:59z",0.09
"2024/03/14T22:23:59z",0
"2024/03/14T22:25:59z",0.15
"2024/03/14T22:27:59z",0.56
"2024/03/14T22:29:59z",0.27
"2024/03/14T22:31:59z",0.08
"2024/03/14T22:33:59z",0.47
"2024/03/14T22:35:40z",0.07
"2024/03/14T22:37:40z",0.34
"2024/03/14T22:39:40z",0
"2024/03/14T22:41:40z",0.12
"2024/03/14T22:43:40z",0.52
"2024/03/14T22:45:40z",0.48
"2024/03/14T22:47:40z",0.31
"2024/03/14T22:49:40z",0.23
"2024/03/14T22:51:40z",0.33
"2024/03/14T22:53:40z",0.02
"2024/03/14T22:55:20z",0.53
"2024/03/14T22:57:20z",0.2
"2024/03/14T22:59:20z",0.17
"2024/03/14T23:01:20z",0.16
"2024/03/14T23:03:20z",0.6
"2024/03/14T23:05:20z",0.36
"2024/03/14T23:07:20z",0.03
"2024/03/14T23:09:20z",0.18
"2024/03/14T23:11:20z",0.35
"2024/03/14T23:13:20z",0.07
"2024/03/14T23:15:00z",0.07
"2024/03/14T23:17:00z",0.05
"2024/03/14T23:19:00z",0.05
"2024/03/14T23:21:00z",0.16
"2024/03/14T23:23:00z",0.15
"2024/03/14T23:25:00z",0.07
"2024/03/14T23:27:00z",0.35
"2024/03/14T23:29:00z",0.42
"2024/03/14T23:31:00z",0
"2024/03/14T23:33:00z",0
"2024/03/14T23:34:41z",0.09
"2024/03/14T23:36:41z",0.05
"2024/03/14T23:38:41z",0.14
"2024/03/14T23:40:41z",0.18
"2024/03/14T23:42:41z",0
"2024/03/14T23:44:41z",0.29
"2024/03/14T23:46:41z",0
"2024/03/14T23:48:41z",0.02
"2024/03/14T23:50:41z",0.16
"2024/03/14T23:52:41z",0.29
"2024/03/14T23:54:23z",0.57
"2024/03/14T23:56:23z",0.17
"2024/03/14T23:58:23z",0.26
"2024/03/15T00:00:23z",0
"2024/03/15T00:02:23z",0
"2024/03/15T00:04:23z",0
"2024/03/15T00:06:23z",0
"2024/03/15T00:08:23z",0
"2024/03/15T00:10:23z",0
"2024/03/15T00:12:23z",0
"2024/03/15T00:14:03z",0
"2024/03/15T00:16:03z",0
"2024/03/15T00:18:03z",0
"2024/03/15T00:20:03z",0
"2024/03/15T00:22:03z",0
"2024/03/15T00:24:03z",0
"2024/03/15T00:26:03z",0.38
"2024/03/15T00:28:03z",0
"2024/03/15T00:30:03z",0.03
"2024/03/15T00:32:03z",0.25
"2024/03/15T00:33:44z",0
"2024/03/15T00:35:44z",0.05
"2024/03/15T00:37:44z",0.09
"2024/03/15T00:39:44z",0
"2024/03/15T00:41:44z",0
"2024/03/15T00:43:44z",0.03
"2024/03/15T00:45:44z",0
"2024/03/15T00:47:44z",0
"2024/03/15T00:49:44z",0
"2024/03/15T00:51:44z",0
"2024/03/15T00:53:24z",0
"2024/03/15T00:55:24z",0.25
"2024/03/15T00:57:24z",0
"2024/03/15T00:59:24z",0.26
"2024/03/15T01:01:24z",0
"2024/03/15T01:03:24z",0
"2024/03/15T01:05:24z",0
"2024/03/15T01:07:24z",0
"2024/03/15T01:09:24z",0.07
"2024/03/15T01:11:24z",0.17
"2024/03/15T01:13:05z",0.22
"2024/03/15T01:15:05z",0
"2024/03/15T01:17:05z",0.09
"2024/03/15T01:19:05z",0.09
"2024/03/15T01:21:05z",0
"2024/03/15T01:23:05z",0.17
"2024/03/15T01:25:05z",0
"2024/03/15T01:27:05z",0
"2024/03/15T01:29:05z",0
"2024/03/15T01:31:05z",0
"2024/03/15T01:32:47z",0.11
"2024/03/15T01:34:47z",0.05
"2024/03/15T01:36:47z",0
"2024/03/15T01:38:47z",0
"2024/03/15T01:40:47z",0
"2024/03/15T01:42:47z",0
"2024/03/15T01:44:47z",0
"2024/03/15T01:46:47z",0
"2024/03/15T01:48:47z",0
"2024/03/15T01:50:47z",0
"2024/03/15T01:52:28z",0
"2024/03/15T01:54:28z",0
"2024/03/15T01:56:28z",0.09
"2024/03/15T01:58:28z",0
"2024/03/15T02:00:28z",0
"2024/03/15T02:02:28z",0
"2024/03/15T02:04:28z",0.12
"2024/03/15T02:06:28z",0
"2024/03/15T02:08:28z",0
"2024/03/15T02:10:28z",0
"2024/03/15T02:12:08z",0
"2024/03/15T02:14:08z",0
"2024/03/15T02:16:08z",0
"2024/03/15T02:18:08z",0
"2024/03/15T02:20:08z",0
"2024/03/15T02:22:08z",0
"2024/03/15T02:24:08z",0.16
"2024/03/15T02:26:08z",0
"2024/03/15T02:28:08z",0
"2024/03/15T02:30:08z",0
"2024/03/15T02:31:48z",0
"2024/03/15T02:33:48z",0
"2024/03/15T02:35:48z",0
"2024/03/15T02:37:48z",0.14
"2024/03/15T02:39:48z",0
"2024/03/15T02:41:48z",0
"2024/03/15T02:43:48z",0.35
"2024/03/15T02:45:48z",0
"2024/03/15T02:47:48z",0
"2024/03/15T02:49:48z",0.03
"2024/03/15T02:51:29z",0
"2024/03/15T02:53:29z",0.17
"2024/03/15T02:55:29z",0
"2024/03/15T02:57:29z",0
"2024/03/15T02:59:29z",0.12
"2024/03/15T03:01:29z",0
"2024/03/15T03:03:29z",0.65
"2024/03/15T03:05:29z",0.25
"2024/03/15T03:07:29z",0.21
"2024/03/15T03:09:29z",0
"2024/03/15T03:11:10z",0
"2024/03/15T03:13:10z",0
"2024/03/15T03:15:10z",0
"2024/03/15T03:17:10z",0
"2024/03/15T03:19:10z",0
"2024/03/15T03:21:10z",0
"2024/03/15T03:23:10z",0
"2024/03/15T03:25:10z",0.09
"2024/03/15T03:27:10z",0
"2024/03/15T03:29:10z",0
"2024/03/15T03:30:51z",0
"2024/03/15T03:32:51z",0
"2024/03/15T03:34:51z",0.09
"2024/03/15T03:36:51z",0
"2024/03/15T03:38:51z",0
"2024/03/15T03:40:51z",0.15
"2024/03/15T03:42:51z",0.17
"2024/03/15T03:44:51z",0
"2024/03/15T03:46:51z",0.17
"2024/03/15T03:48:51z",0.24
"2024/03/15T03:50:32z",0.36
"2024/03/15T03:52:32z",0.05
"2024/03/15T03:54:32z",0
"2024/03/15T03:56:32z",0
"2024/03/15T03:58:32z",0.38
"2024/03/15T04:00:32z",0
"2024/03/15T04:02:32z",0.4
"2024/03/15T04:04:32z",0.38
"2024/03/15T04:06:32z",0.05
"2024/03/15T04:08:32z",0.05
"2024/03/15T04:10:13z",0.26
"2024/03/15T04:12:13z",1.05
"2024/03/15T04:14:13z",1.38
"2024/03/15T04:16:13z",1.25
"2024/03/15T04:18:13z",0.47
"2024/03/15T04:20:13z",0.68
"2024/03/15T04:22:13z",0.83
"2024/03/15T04:24:13z",1.21
"2024/03/15T04:26:13z",0.68
"2024/03/15T04:28:13z",0.17
"2024/03/15T04:29:54z",0.13
"2024/03/15T04:31:54z",0.2
"2024/03/15T04:33:54z",0.12
"2024/03/15T04:35:54z",0.5
"2024/03/15T04:37:54z",0.47
"2024/03/15T04:39:54z",0
"2024/03/15T04:41:54z",0.32
"2024/03/15T04:43:54z",0.79
"2024/03/15T04:45:54z",0.19
"2024/03/15T04:47:54z",0.26
"2024/03/15T04:49:34z",0.18
"2024/03/15T04:51:34z",0
"2024/03/15T04:53:34z",0.12
"2024/03/15T04:55:34z",0.04
"2024/03/15T04:57:34z",0.05
"2024/03/15T04:59:34z",0
"2024/03/15T05:01:34z",0.16
"2024/03/15T05:03:34z",0.09
"2024/03/15T05:05:34z",0
"2024/03/15T05:07:34z",0
"2024/03/15T05:09:15z",0.11
"2024/03/15T05:11:15z",0
"2024/03/15T05:13:15z",0.14
"2024/03/15T05:15:15z",0.09
"2024/03/15T05:17:15z",0.14
"2024/03/15T05:19:15z",0
"2024/03/15T05:21:15z",0
"2024/03/15T05:23:15z",0.07
"2024/03/15T05:25:15z",0
"2024/03/15T05:27:15z",0.1
"2024/03/15T05:28:56z",0
"2024/03/15T05:30:56z",0
"2024/03/15T05:32:56z",0.12
"2024/03/15T05:34:56z",0.72
"2024/03/15T05:36:56z",0.8
"2024/03/15T05:38:56z",0.47
"2024/03/15T05:40:56z",0.88
"2024/03/15T05:42:56z",1.14
"2024/03/15T05:44:56z",0.45
"2024/03/15T05:46:56z",1.03
"2024/03/15T05:48:36z",0.13
"2024/03/15T05:50:36z",0.17
"2024/03/15T05:52:36z",0.35
"2024/03/15T05:54:36z",0.05
"2024/03/15T05:56:36z",0.19
"2024/03/15T05:58:36z",0.51
"2024/03/15T06:00:36z",0.59
"2024/03/15T06:02:36z",0.51
"2024/03/15T06:04:36z",0.33
"2024/03/15T06:06:36z",0.09
"2024/03/15T06:08:17z",0.27
"2024/03/15T06:10:17z",0.42
"2024/03/15T06:12:17z",0.09
"2024/03/15T06:14:17z",0.29
"2024/03/15T06:16:17z",0
"2024/03/15T06:18:17z",0.41
"2024/03/15T06:20:17z",0.46
"2024/03/15T06:22:17z",0.11
"2024/03/15T06:24:17z",0.05
"2024/03/15T06:26:17z",0.07
"2024/03/15T06:27:58z",0
"2024/03/15T06:29:58z",0
"2024/03/15T06:31:58z",0.09
"2024/03/15T06:33:58z",0.12
"2024/03/15T06:35:58z",0.14
"2024/03/15T06:37:58z",0
"2024/03/15T06:39:58z",0.47
"2024/03/15T06:41:58z",0.82
"2024/03/15T06:43:58z",0.91
"2024/03/15T06:45:58z",0.75
"2024/03/15T06:47:39z",0.22
"2024/03/15T06:49:39z",0.17
"2024/03/15T06:51:39z",0.09
"2024/03/15T06:53:39z",0.44
"2024/03/15T06:55:39z",0.29
"2024/03/15T06:57:39z",0.17
"2024/03/15T06:59:39z",0.19
"2024/03/15T07:01:39z",0
"2024/03/15T07:03:39z",0.27
"2024/03/15T07:05:39z",0.14
"2024/03/15T07:07:20z",0.11
"2024/03/15T07:09:20z",0
"2024/03/15T07:11:20z",0
"2024/03/15T07:13:20z",0
"2024/03/15T07:15:20z",0.24
"2024/03/15T07:17:20z",0
"2024/03/15T07:19:20z",0
"2024/03/15T07:21:20z",0.18
"2024/03/15T07:23:20z",0.11
"2024/03/15T07:25:20z",0.18
"2024/03/15T07:27:01z",0
"2024/03/15T07:29:01z",0.14
"2024/03/15T07:31:01z",0
"2024/03/15T07:33:01z",0
"2024/03/15T07:35:01z",0.19
"2024/03/15T07:37:01z",0.24
"2024/03/15T07:39:01z",0
"2024/03/15T07:41:01z",0
"2024/03/15T07:43:01z",0.08
"2024/03/15T07:45:01z",0.34
"2024/03/15T07:46:42z",0
"2024/03/15T07:48:42z",0.22
"2024/03/15T07:50:42z",0.12
"2024/03/15T07:52:42z",0.05
"2024/03/15T07:54:42z",0
"2024/03/15T07:56:42z",0.07
"2024/03/15T07:58:42z",0.34
"2024/03/15T08:00:42z",0
"2024/03/15T08:02:42z",0.34
"2024/03/15T08:04:42z",0
"2024/03/15T08:06:23z",0.13
"2024/03/15T08:08:23z",0.12
"2024/03/15T08:10:23z",0.18
"2024/03/15T08:12:23z",0.23
"2024/03/15T08:14:23z",0.1
"2024/03/15T08:16:23z",0.22
"2024/03/15T08:18:23z",0.34
"2024/03/15T08:20:23z",0.09
"2024/03/15T08:22:23z",0
"2024/03/15T08:24:23z",0
"2024/03/15T08:26:03z",0
"2024/03/15T08:28:03z",0.34
"2024/03/15T08:30:03z",0.22
"2024/03/15T08:32:03z",0.27
"2024/03/15T08:34:03z",0
"2024/03/15T08:36:03z",0.17
"2024/03/15T08:38:03z",0.17
"2024/03/15T08:40:03z",0.23
"2024/03/15T08:42:03z",0.03
"2024/03/15T08:44:03z",0.08
"2024/03/15T08:45:43z",0.13
"2024/03/15T08:47:43z",0
"2024/03/15T08:49:43z",0.18
"2024/03/15T08:51:43z",0.25
"2024/03/15T08:53:43z",0
"2024/03/15T08:55:43z",0
"2024/03/15T08:57:43z",0
"2024/03/15T08:59:43z",0.09
"2024/03/15T09:01:43z",0.4
"2024/03/15T09:03:43z",0
"2024/03/15T09:05:24z",0.16
"2024/03/15T09:07:24z",0.14
"2024/03/15T09:09:24z",0
"2024/03/15T09:11:24z",0.07
"2024/03/15T09:13:24z",0
"2024/03/15T09:15:24z",0
"2024/03/15T09:17:24z",0
"2024/03/15T09:19:24z",0.14
"2024/03/15T09:21:24z",0
"2024/03/15T09:23:24z",0
"2024/03/15T09:25:05z",0
"2024/03/15T09:27:05z",0.08
"2024/03/15T09:29:05z",0.16
"2024/03/15T09:31:05z",0.09
"2024/03/15T09:33:05z",0.1
"2024/03/15T09:35:05z",0.17
"2024/03/15T09:37:05z",0.19
"2024/03/15T09:39:05z",0.16
"2024/03/15T09:41:05z",0.38
"2024/03/15T09:43:05z",0.51
"2024/03/15T09:44:46z",0.76
"2024/03/15T09:46:46z",0.62
"2024/03/15T09:48:46z",0.35
"2024/03/15T09:50:46z",0.27
"2024/03/15T09:52:46z",0.42
"2024/03/15T09:54:46z",0
"2024/03/15T09:56:46z",0.26
"2024/03/15T09:58:46z",0.36
"2024/03/15T10:00:46z",0.72
"2024/03/15T10:02:46z",0.49
"2024/03/15T10:04:26z",1.07
"2024/03/15T10:06:26z",2.35
"2024/03/15T10:08:26z",3.02
"2024/03/15T10:10:26z",2.21
"2024/03/15T10:12:26z",3.59
"2024/03/15T10:14:26z",4.44
"2024/03/15T10:16:26z",4.88
"2024/03/15T10:18:26z",6.88
"2024/03/15T10:20:26z",9.19
"2024/03/15T10:22:26z",8.91
"2024/03/15T10:43:48z",14.25
"2024/03/15T10:45:48z",10.45
"2024/03/15T10:47:48z",11.98
"2024/03/15T10:49:48z",14.05
"2024/03/15T10:51:48z",15.29
"2024/03/15T10:53:48z",13.39
"2024/03/15T10:55:48z",15.5
"2024/03/15T10:57:48z",15.64
"2024/03/15T10:59:48z",17.79
"2024/03/15T11:01:48z",16.14
"2024/03/15T11:03:29z",14.16
"2024/03/15T11:05:29z",15.81
"2024/03/15T11:07:29z",14.89
"2024/03/15T11:09:29z",15.7
"2024/03/15T11:11:29z",14.07
"2024/03/15T11:13:29z",14.93
"2024/03/15T11:15:29z",11.3
"2024/03/15T11:17:29z",14.2
"2024/03/15T11:19:29z",8.91
"2024/03/15T11:21:29z",13.5
"2024/03/15T11:23:11z",10.44
"2024/03/15T11:25:11z",13.44
"2024/03/15T11:27:11z",12.43
"2024/03/15T11:29:11z",9.5
"2024/03/15T11:31:11z",9.73
"2024/03/15T11:33:11z",10.64
"2024/03/15T11:35:11z",11.84
"2024/03/15T11:37:11z",11.45
"2024/03/15T11:39:11z",11.41
"2024/03/15T11:41:11z",10.47
"2024/03/15T11:42:51z",10.82
"2024/03/15T11:44:51z",7.83
"2024/03/15T11:46:51z",10.48
"2024/03/15T11:48:51z",8.59
"2024/03/15T11:50:51z",6.86
"2024/03/15T11:52:51z",7.84
"2024/03/15T11:54:51z",8.59
"2024/03/15T11:56:51z",8.26
"2024/03/15T11:58:51z",7.1
"2024/03/15T12:00:51z",6.18
"2024/03/15T12:02:31z",7.91
"2024/03/15T12:04:31z",5.64
"2024/03/15T12:06:31z",5.23
"2024/03/15T12:08:31z",7.07
"2024/03/15T12:10:31z",4.76
"2024/03/15T12:12:31z",5.14
"2024/03/15T12:14:31z",5.08
"2024/03/15T12:16:31z",4.98
"2024/03/15T12:18:31z",5.59
"2024/03/15T12:20:31z",5.34
"2024/03/15T15:19:53z",6.2
"2024/03/15T15:21:53z",6.24
"2024/03/15T15:23:53z",5.88
"2024/03/15T15:25:53z",6.86
"2024/03/15T15:27:53z",6.8
"2024/03/15T15:29:53z",8.74
"2024/03/15T15:31:53z",7.16
"2024/03/15T15:33:53z",9.44
"2024/03/15T15:35:53z",7.47
"2024/03/15T15:37:53z",8.33
"2024/03/15T15:39:34z",9.4
"2024/03/15T15:41:34z",8.6
"2024/03/15T15:43:34z",7.02
"2024/03/15T15:45:34z",7.04
"2024/03/15T15:47:34z",8.26
"2024/03/15T15:49:34z",9.37
"2024/03/15T15:51:34z",9.62
"2024/03/15T15:53:34z",6.7
"2024/03/15T15:55:34z",7.3
"2024/03/15T15:57:34z",6.76
"2024/03/15T16:18:56z",6.74
"2024/03/15T16:20:56z",6.93
"2024/03/15T16:22:56z",8.09
"2024/03/15T16:24:56z",6.57
"2024/03/15T16:26:56z",7.83
"2024/03/15T16:28:56z",6.7
"2024/03/15T16:30:56z",7.64
"2024/03/15T16:32:56z",7.3
"2024/03/15T16:34:56z",8.04
"2024/03/15T16:36:56z",9.17
"2024/03/15T16:38:36z",8.25
"2024/03/15T16:40:36z",7.75
"2024/03/15T16:42:36z",9.57
"2024/03/15T16:44:36z",7.25
"2024/03/15T16:46:36z",6.88
"2024/03/15T16:48:36z",9.92
"2024/03/15T16:50:36z",7.71
"2024/03/15T16:52:36z",6.95
"2024/03/15T16:54:36z",7.1
"2024/03/15T16:56:36z",6.95
"2024/03/15T16:58:16z",6.98
"2024/03/15T17:00:16z",7.51
"2024/03/15T17:02:16z",7.48
"2024/03/15T17:04:16z",7.38
"2024/03/15T17:06:16z",7.51
"2024/03/15T17:08:16z",8.32
"2024/03/15T17:10:16z",5.91
"2024/03/15T17:12:16z",7.18
"2024/03/15T17:14:16z",6.4
"2024/03/15T17:16:16z",5.19
"2024/03/15T17:17:57z",5.37
"2024/03/15T17:19:57z",5.86
"2024/03/15T17:21:57z",7.05
"2024/03/15T17:23:57z",5.54
"2024/03/15T17:25:57z",8.64
"2024/03/15T17:27:57z",7.14
"2024/03/15T17:29:57z",6.48
"2024/03/15T17:31:57z",6.36
"2024/03/15T17:33:57z",6.35
"2024/03/15T17:35:57z",6.02
"2024/03/15T17:37:37z",5.29
"2024/03/15T17:39:37z",4.82
"2024/03/15T17:41:37z",6.09
"2024/03/15T17:43:37z",5.59
"2024/03/15T17:45:37z",4.83
"2024/03/15T17:47:37z",5.31
"2024/03/15T17:49:37z",4.68
"2024/03/15T17:51:37z",5.54
"2024/03/15T17:53:37z",5.57
"2024/03/15T17:55:37z",5.43
"2024/03/15T17:57:19z",5.54
"2024/03/15T17:59:19z",8.03
"2024/03/15T18:01:19z",5.16
"2024/03/15T18:03:19z",5.65
"2024/03/15T18:05:19z",5.38
"2024/03/15T18:07:19z",4.59
"2024/03/15T18:09:19z",3.97
"2024/03/15T18:11:19z",4.59
"2024/03/15T18:13:19z",4.9
"2024/03/15T18:15:19z",4.8
"2024/03/15T18:16:59z",3.76
"2024/03/15T18:18:59z",4.63
"2024/03/15T18:20:59z",6.75
"2024/03/15T18:22:59z",4.59
"2024/03/15T18:24:59z",7.72
"2024/03/15T18:26:59z",4.22
"2024/03/15T18:28:59z",5
"2024/03/15T18:30:59z",7.25
"2024/03/15T18:32:59z",6.48
"2024/03/15T18:34:59z",3.72
"2024/03/15T18:36:39z",4.89
"2024/03/15T18:38:39z",3.66
"2024/03/15T18:40:39z",3.98
"2024/03/15T18:42:39z",4.25
"2024/03/15T18:44:39z",4.81
"2024/03/15T18:46:39z",9.1
"2024/03/15T18:48:39z",7.46
"2024/03/15T18:50:39z",4.52
"2024/03/15T18:52:39z",5.32
"2024/03/15T18:54:39z",4.51
"2024/03/15T18:56:20z",4.43
"2024/03/15T18:58:20z",5.59
"2024/03/15T19:00:20z",5.7
"2024/03/15T19:02:20z",6.29
"2024/03/15T19:04:20z",6.05
"2024/03/15T19:06:20z",4.27
"2024/03/15T19:08:20z",6.95
"2024/03/15T19:10:20z",5.02
"2024/03/15T19:12:20z",5.59
"2024/03/15T19:14:20z",6.53
"2024/03/15T19:16:01z",5.49
"2024/03/15T19:18:01z",5.9
"2024/03/15T19:20:01z",4.78
"2024/03/15T19:22:01z",5.05
"2024/03/15T19:24:01z",6.97
"2024/03/15T19:26:01z",4.5
"2024/03/15T19:28:01z",5.25
"2024/03/15T19:30:01z",5.59
"2024/03/15T19:32:01z",6.05
"2024/03/15T19:34:01z",4.75
"2024/03/15T19:35:41z",6.66
"2024/03/15T19:37:41z",6.37
"2024/03/15T19:39:41z",5.76
"2024/03/15T19:41:41z",5.73
"2024/03/15T19:43:41z",6.61
"2024/03/15T19:45:41z",5.41
"2024/03/15T19:47:41z",5.81
"2024/03/15T19:49:41z",5.37
"2024/03/15T19:51:41z",5.41
"2024/03/15T19:53:41z",9.58
"2024/03/15T19:55:21z",6.22
"2024/03/15T19:57:21z",4.75
"2024/03/15T19:59:21z",5.91
"2024/03/15T20:01:21z",7.13
"2024/03/15T20:03:21z",5.15
"2024/03/15T20:05:21z",5.2
"2024/03/15T20:07:21z",5.54
"2024/03/15T20:09:21z",5.82
"2024/03/15T20:11:21z",5.73
"2024/03/15T20:13:21z",9.14
"2024/03/15T20:15:02z",4.98
"2024/03/15T20:17:02z",6.14
"2024/03/15T20:19:02z",7.36
"2024/03/15T20:21:02z",7.95
"2024/03/15T20:23:02z",6.88
"2024/03/15T20:25:02z",5.61
"2024/03/15T20:27:02z",7.91
"2024/03/15T20:29:02z",4.29
"2024/03/15T20:31:02z",5.95
"2024/03/15T20:33:02z",4.33
"2024/03/15T20:34:43z",3.89
"2024/03/15T20:36:43z",6.52
"2024/03/15T20:38:43z",5.37
"2024/03/15T20:40:43z",4.75
"2024/03/15T20:42:43z",5.63
"2024/03/15T20:44:43z",6.64
"2024/03/15T20:46:43z",5.3
"2024/03/15T20:48:43z",4.49
"2024/03/15T20:50:43z",4.81
"2024/03/15T20:52:43z",4.66
"2024/03/15T20:54:24z",5.27
"2024/03/15T20:56:24z",3.69
"2024/03/15T20:58:24z",4.65
"2024/03/15T21:00:24z",5.3
"2024/03/15T21:02:24z",6.98
"2024/03/15T21:04:24z",5.1
"2024/03/15T21:06:24z",4.49
"2024/03/15T21:08:24z",4.56
"2024/03/15T21:10:24z",5.59
"2024/03/15T21:12:24z",5.02
"2024/03/15T21:14:05z",6.07
"2024/03/15T21:16:05z",4.97
"2024/03/15T21:18:05z",4.29
"2024/03/15T21:20:05z",5.4
"2024/03/15T21:22:05z",4.17
"2024/03/15T21:24:05z",3.32
"2024/03/15T21:26:05z",4.53
"2024/03/15T21:28:05z",4.62
"2024/03/15T21:30:05z",4.16
"2024/03/15T21:32:05z",4.5
"2024/03/15T21:33:45z",3.87
"2024/03/15T21:35:45z",5.25
"2024/03/15T21:37:45z",4.21
"2024/03/15T21:39:45z",4.48
"2024/03/15T21:41:45z",4.17
"2024/03/15T21:43:45z",4.14
"2024/03/15T21:45:45z",4.26
"2024/03/15T21:47:45z",4.12
"2024/03/15T21:49:45z",3.86
"2024/03/15T21:51:45z",3.53
"2024/03/15T21:53:26z",5.7
"2024/03/15T21:55:26z",6.39
"2024/03/15T21:57:26z",8.09
"2024/03/15T21:59:26z",5.43
"2024/03/15T22:01:26z",13.22
"2024/03/15T22:03:26z",16.33
"2024/03/15T22:05:26z",11.88
"2024/03/15T22:07:26z",13.3
"2024/03/15T22:09:26z",19.53
"2024/03/15T22:11:26z",21.82
"2024/03/15T22:13:08z",23.93
"2024/03/15T22:15:08z",16.95
"2024/03/15T22:17:08z",23.41
"2024/03/15T22:19:08z",20.59
"2024/03/15T22:21:08z",15.28
"2024/03/15T22:23:08z",31.85
"2024/03/15T22:25:08z",19.93
"2024/03/15T22:27:08z",17.14
"2024/03/15T22:29:08z",14.59
"2024/03/15T22:31:08z",13.48
"2024/03/15T22:32:48z",15.43
"2024/03/15T22:34:48z",16.43
"2024/03/15T22:36:48z",18.84
"2024/03/15T22:38:48z",14.7
"2024/03/15T22:40:48z",8.28
"2024/03/15T22:42:48z",15.88
"2024/03/15T22:44:48z",24.31
"2024/03/15T22:46:48z",22.96
"2024/03/15T22:48:48z",22.14
"2024/03/15T22:50:48z",18.92
"2024/03/15T22:52:30z",19.31
"2024/03/15T22:54:30z",13.84
"2024/03/15T22:56:30z",14.38
"2024/03/15T22:58:30z",16.32
"2024/03/15T23:00:30z",14.16
"2024/03/15T23:02:30z",10.33
"2024/03/15T23:04:30z",15.36
"2024/03/15T23:06:30z",21.07
"2024/03/15T23:08:30z",15.05
"2024/03/15T23:10:30z",16.09
"2024/03/15T23:12:11z",12.67
"2024/03/15T23:14:11z",12.32
"2024/03/15T23:16:11z",13.05
"2024/03/15T23:18:11z",16.69
"2024/03/15T23:20:11z",18.86
"2024/03/15T23:22:11z",20.22
"2024/03/15T23:24:11z",20.6
"2024/03/15T23:26:11z",20.11
"2024/03/15T23:28:11z",20.77
"2024/03/15T23:30:11z",18.43
"2024/03/15T23:31:52z",15.29
"2024/03/15T23:33:52z",23.05
"2024/03/15T23:35:52z",21.46
"2024/03/15T23:37:52z",27.56
"2024/03/15T23:39:52z",26.53
"2024/03/15T23:41:52z",27.09
"2024/03/15T23:43:52z",26.33
"2024/03/15T23:45:52z",21.09
"2024/03/15T23:47:52z",22.04
"2024/03/15T23:49:52z",15.52
"2024/03/15T23:51:33z",17.49
"2024/03/15T23:53:33z",29.9
"2024/03/15T23:55:33z",36.79
"2024/03/15T23:57:33z",27.86
"2024/03/15T23:59:33z",29.91
"2024/03/16T00:01:33z",26.46
"2024/03/16T00:03:33z",19.91
"2024/03/16T00:05:33z",16.79
"2024/03/16T00:07:33z",20.78
"2024/03/16T00:09:33z",22.43
"2024/03/16T00:30:55z",19.6
"2024/03/16T00:32:55z",18.3
"2024/03/16T00:34:55z",16.79
"2024/03/16T00:36:55z",14.51
"2024/03/16T00:38:55z",13.05
"2024/03/16T00:40:55z",13.25
"2024/03/16T00:42:55z",17.98
"2024/03/16T00:44:55z",17.22
"2024/03/16T00:46:55z",23.4
"2024/03/16T00:48:55z",19.05
"2024/03/16T01:10:17z",16.93
"2024/03/16T01:12:17z",18.41
"2024/03/16T01:14:17z",16.75
"2024/03/16T01:16:17z",16.95
"2024/03/16T01:18:17z",16.68
"2024/03/16T01:20:17z",15.8
"2024/03/16T01:22:17z",18.45
"2024/03/16T01:24:17z",17.18
"2024/03/16T01:26:17z",17.89
"2024/03/16T01:28:17z",14.31
"2024/03/16T01:29:57z",17.11
"2024/03/16T01:31:57z",15.5
"2024/03/16T01:33:57z",16.75
"2024/03/16T01:35:57z",16.15
"2024/03/16T01:37:57z",17.33
"2024/03/16T01:39:57z",13.28
"2024/03/16T01:41:57z",16.18
"2024/03/16T01:43:57z",14.38
"2024/03/16T01:45:57z",13.86
"2024/03/16T01:47:57z",10.64
"2024/03/16T01:49:38z",13.78
"2024/03/16T01:51:38z",13.46
"2024/03/16T01:53:38z",16.16
"2024/03/16T01:55:38z",11.52
"2024/03/16T01:57:38z",13.93
"2024/03/16T01:59:38z",12.41
"2024/03/16T02:01:38z",13.29
"2024/03/16T02:03:38z",13.55
"2024/03/16T02:05:38z",13.88
"2024/03/16T02:07:38z",12.73
"2024/03/16T02:09:19z",15.05
"2024/03/16T02:11:19z",17.19
"2024/03/16T02:13:19z",16.18
"2024/03/16T02:15:19z",12
"2024/03/16T02:17:19z",12.3
"2024/03/16T02:19:19z",12.39
"2024/03/16T02:21:19z",11.4
"2024/03/16T02:23:19z",10.23
"2024/03/16T02:25:19z",9.47
"2024/03/16T02:27:19z",11.34
"2024/03/16T15:58:26z",1.83
"2024/03/16T16:00:26z",1.83
"2024/03/16T16:02:26z",1.53
"2024/03/16T16:04:26z",2.37
"2024/03/16T16:06:26z",2.15
"2024/03/16T16:08:26z",1.8
"2024/03/16T16:10:26z",2.24
"2024/03/16T16:12:26z",2.3
"2024/03/16T16:14:26z",2.41
"2024/03/16T16:16:26z",2.71
"2024/03/16T16:18:07z",2.78
"2024/03/16T16:20:07z",2.29
"2024/03/16T16:22:07z",3.26
"2024/03/16T16:24:07z",3.12
"2024/03/16T16:26:07z",2.34
"2024/03/16T16:28:07z",2.6
"2024/03/16T16:30:07z",2.74
"2024/03/16T16:32:07z",2.73
"2024/03/16T16:34:07z",2.81
"2024/03/16T16:36:07z",2.46
"2024/03/16T16:37:48z",2.13
"2024/03/16T16:39:48z",2.42
"2024/03/16T16:41:48z",3.35
"2024/03/16T16:43:48z",3
"2024/03/16T16:45:48z",3.1
"2024/03/16T16:47:48z",3.37
"2024/03/16T16:49:48z",2.9
"2024/03/16T16:51:48z",3.07
"2024/03/16T16:53:48z",3.38
"2024/03/16T16:55:48z",2.85
"2024/03/16T16:57:29z",3.09
"2024/03/16T16:59:29z",2.83
"2024/03/16T17:01:29z",2.93
"2024/03/16T17:03:29z",2.59
"2024/03/16T17:05:29z",3.46
"2024/03/16T17:07:29z",3.55
"2024/03/16T17:09:29z",3.81
"2024/03/16T17:11:29z",3.96
"2024/03/16T17:13:29z",3.36
"2024/03/16T17:15:29z",3.54
"2024/03/16T17:17:10z",3.2
"2024/03/16T17:19:10z",3.27
"2024/03/16T17:21:10z",3.88
"2024/03/16T17:23:10z",4.23
"2024/03/16T17:25:10z",2.84
"2024/03/16T17:27:10z",3.58
"2024/03/16T17:29:10z",3.57
"2024/03/16T17:31:10z",4.11
"2024/03/16T17:33:10z",4.07
"2024/03/16T17:35:10z",4.28
"2024/03/16T17:36:50z",3.83
"2024/03/16T17:38:50z",3.31
"2024/03/16T17:40:50z",3.62
"2024/03/16T17:42:50z",3.98
"2024/03/16T17:44:50z",4
"2024/03/16T17:46:50z",4.32
"2024/03/16T17:48:50z",4.69
"2024/03/16T17:50:50z",4.73
"2024/03/16T17:52:50z",5.52
"2024/03/16T17:54:50z",4.75
"2024/03/16T17:56:31z",5.09
"2024/03/16T17:58:31z",5.31
"2024/03/16T18:00:31z",5.09
"2024/03/16T18:02:31z",4.29
"2024/03/16T18:04:31z",4.27
"2024/03/16T18:06:31z",5.02
"2024/03/16T18:08:31z",4.32
"2024/03/16T18:10:31z",4.33
"2024/03/16T18:12:31z",4.81
"2024/03/16T18:14:31z",4.58
"2024/03/16T18:16:12z",5.51
"2024/03/16T18:18:12z",3.29
"2024/03/16T18:20:12z",3.4
"2024/03/16T18:22:12z",3.91
"2024/03/16T18:24:12z",3.98
"2024/03/16T18:26:12z",4.17
"2024/03/16T18:28:12z",4.26
"2024/03/16T18:30:12z",3.32
"2024/03/16T18:32:12z",4.54
"2024/03/16T18:34:12z",3.79
"2024/03/16T18:35:52z",3.87
"2024/03/16T18:37:52z",4.5
"2024/03/16T18:39:52z",4
"2024/03/16T18:41:52z",4.54
"2024/03/16T18:43:52z",4.28
"2024/03/16T18:45:52z",3.08
"2024/03/16T18:47:52z",4.29
"2024/03/16T18:49:52z",4.39
"2024/03/16T18:51:52z",4.09
"2024/03/16T18:53:52z",4.24
"2024/03/16T18:55:33z",4.24
"2024/03/16T18:57:33z",4.72
"2024/03/16T18:59:33z",4.05
"2024/03/16T19:01:33z",4.58
"2024/03/16T19:03:33z",4.42
"2024/03/16T19:05:33z",4.44
"2024/03/16T19:07:33z",4.42
"2024/03/16T19:09:33z",3.32
"2024/03/16T19:11:33z",4.05
"2024/03/16T19:13:33z",3.78
"2024/03/16T19:15:13z",3.61
"2024/03/16T19:17:13z",3.93
"2024/03/16T19:19:13z",3.68
"2024/03/16T19:21:13z",3.86
"2024/03/16T19:23:13z",4.51
"2024/03/16T19:25:13z",4.19
"2024/03/16T19:27:13z",3.51
"2024/03/16T19:29:13z",3.34
"2024/03/16T19:31:13z",3.86
"2024/03/16T19:33:13z",4.05
"2024/03/16T19:34:54z",4.64
"2024/03/16T19:36:54z",3.88
"2024/03/16T19:38:54z",4.75
"2024/03/16T19:40:54z",4.12
"2024/03/16T19:42:54z",4.02
"2024/03/16T19:44:54z",3.39
"2024/03/16T19:46:54z",3.37
"2024/03/16T19:48:54z",3.55
"2024/03/16T19:50:54z",4.12
"2024/03/16T19:52:54z",3.61
"2024/03/16T19:54:34z",4.24
"2024/03/16T19:56:34z",3.92
"2024/03/16T19:58:34z",3.86
"2024/03/16T20:00:34z",3.31
"2024/03/16T20:02:34z",3.53
"2024/03/16T20:04:34z",3.9
"2024/03/16T20:06:34z",3.1
"2024/03/16T20:08:34z",3.89
"2024/03/16T20:10:34z",3.95
"2024/03/16T20:12:34z",3.37
"2024/03/16T20:14:14z",3.72
"2024/03/16T20:16:14z",3.92
"2024/03/16T20:18:14z",3.22
"2024/03/16T20:20:14z",3
"2024/03/16T20:22:14z",3.85
"2024/03/16T20:24:14z",3.63
"2024/03/16T20:26:14z",3.81
"2024/03/16T20:28:14z",3.65
"2024/03/16T20:30:14z",3.47
"2024/03/16T20:32:14z",3.12
"2024/03/16T20:33:56z",3.71
"2024/03/16T20:35:56z",3.47
"2024/03/16T20:37:56z",2.88
"2024/03/16T20:39:56z",2.71
"2024/03/16T20:41:56z",3.67
"2024/03/16T20:43:56z",3.56
"2024/03/16T20:45:56z",2.82
"2024/03/16T20:47:56z",3.61
"2024/03/16T20:49:56z",3.1
"2024/03/16T20:51:56z",3.61
"2024/03/16T20:53:37z",3.43
"2024/03/16T20:55:37z",3.83
"2024/03/16T20:57:37z",3.84
"2024/03/16T20:59:37z",3.39
"2024/03/16T21:01:37z",3.12
"2024/03/16T21:03:37z",3.22
"2024/03/16T21:05:37z",4
"2024/03/16T21:07:37z",2.89
"2024/03/16T21:09:37z",3.53
"2024/03/16T21:11:37z",3.42
"2024/03/16T21:13:18z",3.65
"2024/03/16T21:15:18z",4.03
"2024/03/16T21:17:18z",4.09
"2024/03/16T21:19:18z",3.59
"2024/03/16T21:21:18z",3.47
"2024/03/16T21:23:18z",3.71
"2024/03/16T21:25:18z",3.36
"2024/03/16T21:27:18z",3.5
"2024/03/16T21:29:18z",3.38
"2024/03/16T21:31:18z",3.03
"2024/03/16T21:32:58z",3.2
"2024/03/16T21:34:58z",3.85
"2024/03/16T21:36:58z",3.22
"2024/03/16T21:38:58z",2.7
"2024/03/16T21:40:58z",3.02
"2024/03/16T21:42:58z",3.32
"2024/03/16T21:44:58z",2.6
"2024/03/16T21:46:58z",2.67
"2024/03/16T21:48:58z",2.95
"2024/03/16T21:50:58z",3.12
"2024/03/16T21:52:39z",3.38
"2024/03/16T21:54:39z",2.22
"2024/03/16T21:56:39z",2.42
"2024/03/16T21:58:39z",2.41
"2024/03/16T22:00:39z",2.86
"2024/03/16T22:02:39z",2.8
"2024/03/16T22:04:39z",1.95
"2024/03/16T22:06:39z",1.82
"2024/03/16T22:08:39z",2.33
"2024/03/16T22:10:39z",2.07
"2024/03/16T22:12:19z",2.02
"2024/03/16T22:14:19z",2.32
"2024/03/16T22:16:19z",1.79
"2024/03/16T22:18:19z",1.62
"2024/03/16T22:20:19z",1.47
"2024/03/16T22:22:19z",1.24
"2024/03/16T22:24:19z",2.05
"2024/03/16T22:26:19z",1.8
"2024/03/16T22:28:19z",2.78
"2024/03/16T22:30:19z",1.62
"2024/03/16T22:32:00z",1.51
"2024/03/16T22:34:00z",1.32
"2024/03/16T22:36:00z",1.6
"2024/03/16T22:38:00z",2.32
"2024/03/16T22:40:00z",1.57
"2024/03/16T22:42:00z",2.17
"2024/03/16T22:44:00z",2.31
"2024/03/16T22:46:00z",1.95
"2024/03/16T22:48:00z",1.71
"2024/03/16T22:50:00z",2.31
"2024/03/16T22:51:40z",1.93
"2024/03/16T22:53:40z",1.14
"2024/03/16T22:55:40z",1.54
"2024/03/16T22:57:40z",1.44
"2024/03/16T22:59:40z",1.3
"2024/03/16T23:01:40z",1.41
"2024/03/16T23:03:40z",1.76
"2024/03/16T23:05:40z",1.48
"2024/03/16T23:07:40z",2.05
"2024/03/16T23:09:40z",2.27
"2024/03/16T23:11:22z",1.91
"2024/03/16T23:13:22z",1.9
"2024/03/16T23:15:22z",1.62
"2024/03/16T23:17:22z",1.7
"2024/03/16T23:19:22z",1.58
"2024/03/16T23:21:22z",1.49
"2024/03/16T23:23:22z",1.45
"2024/03/16T23:25:22z",1.52
"2024/03/16T23:27:22z",1.74
"2024/03/16T23:29:22z",1.25
"2024/03/16T23:31:02z",1.93
"2024/03/16T23:33:02z",0.66
"2024/03/16T23:35:02z",0.91
"2024/03/16T23:37:02z",0.86
"2024/03/16T23:39:02z",0.86
"2024/03/16T23:41:02z",1.61
"2024/03/16T23:43:02z",1.32
"2024/03/16T23:45:02z",0.74
"2024/03/16T23:47:02z",1.21
"2024/03/16T23:49:02z",1.25
"2024/03/16T23:50:44z",0.89
"2024/03/16T23:52:44z",1.19
"2024/03/16T23:54:44z",1.64
"2024/03/16T23:56:44z",1.3
"2024/03/16T23:58:44z",1.02
"2024/03/17T00:00:44z",0.86
"2024/03/17T00:02:44z",2
"2024/03/17T00:04:44z",1.27
"2024/03/17T00:06:44z",2.21
"2024/03/17T00:08:44z",1.56
"2024/03/17T00:10:24z",1.48
"2024/03/17T00:12:24z",1.97
"2024/03/17T00:14:24z",0.68
"2024/03/17T00:16:24z",1.32
"2024/03/17T00:18:24z",1.24
"2024/03/17T00:20:24z",1.65
"2024/03/17T00:22:24z",1.98
"2024/03/17T00:24:24z",1.96
"2024/03/17T00:26:24z",1.45
"2024/03/17T00:28:24z",1.58
"2024/03/17T00:30:05z",1.6
"2024/03/17T00:32:05z",1.5
"2024/03/17T00:34:05z",1.23
"2024/03/17T00:36:05z",1.57
"2024/03/17T00:38:05z",1.63
"2024/03/17T00:40:05z",1.18
"2024/03/17T00:42:05z",1.47
"2024/03/17T00:44:05z",1.38
"2024/03/17T00:46:05z",1.44
"2024/03/17T00:48:05z",1.39
"2024/03/17T00:49:45z",1.2
"2024/03/17T00:51:45z",1.29
"2024/03/17T00:53:45z",1.61
"2024/03/17T00:55:45z",1.66
"2024/03/17T00:57:45z",1.54
"2024/03/17T00:59:45z",0.81
"2024/03/17T01:01:45z",0.76
"2024/03/17T01:03:45z",1.59
"2024/03/17T01:05:45z",0.93
"2024/03/17T01:07:45z",1.51
"2024/03/17T01:09:25z",2.09
"2024/03/17T01:11:25z",1.73
"2024/03/17T01:13:25z",1.64
"2024/03/17T01:15:25z",1.25
"2024/03/17T01:17:25z",1.53
"2024/03/17T01:19:25z",1.61
"2024/03/17T01:21:25z",2.42
"2024/03/17T01:23:25z",1.91
"2024/03/17T01:25:25z",1.29
"2024/03/17T01:27:25z",1.58
"2024/03/17T01:29:06z",1.54
"2024/03/17T01:31:06z",1.47
"2024/03/17T01:33:06z",1.41
"2024/03/17T01:35:06z",1.14
"2024/03/17T01:37:06z",1.14
"2024/03/17T01:39:06z",0.93
"2024/03/17T01:41:06z",1.11
"2024/03/17T01:43:06z",0.86
"2024/03/17T01:45:06z",0.84
"2024/03/17T01:47:06z",0.8
"2024/03/17T01:48:48z",0.84
"2024/03/17T01:50:48z",0.77
"2024/03/17T01:52:48z",0.91
"2024/03/17T01:54:48z",0.96
"2024/03/17T01:56:48z",0.73
"2024/03/17T01:58:48z",0.93
"2024/03/17T02:00:48z",1.14
"2024/03/17T02:02:48z",0.88
"2024/03/17T02:04:48z",0.74
"2024/03/17T02:06:48z",0.71
"2024/03/17T02:08:28z",1
"2024/03/17T02:10:28z",1.07
"2024/03/17T02:12:28z",0.83
"2024/03/17T02:14:28z",1.17
"2024/03/17T02:16:28z",0.59
"2024/03/17T02:18:28z",0.64
"2024/03/17T02:20:28z",0.24
"2024/03/17T02:22:28z",0.53
"2024/03/17T02:24:28z",0.19
"2024/03/17T02:26:28z",0.53
"2024/03/17T02:28:08z",0.2
"2024/03/17T02:30:08z",0.37
"2024/03/17T02:32:08z",0.33
"2024/03/17T02:34:08z",0.52
"2024/03/17T02:36:08z",0.09
"2024/03/17T02:38:08z",0.37
"2024/03/17T02:40:08z",0.24
"2024/03/17T02:42:08z",0.29
"2024/03/17T02:44:08z",0.16
"2024/03/17T02:46:08z",0.17
"2024/03/17T02:47:49z",0.54
"2024/03/17T02:49:49z",0.4
"2024/03/17T02:51:49z",0.12
"2024/03/17T02:53:49z",0.84
"2024/03/17T02:55:49z",0.37
"2024/03/17T02:57:49z",0.53
"2024/03/17T02:59:49z",0.36
"2024/03/17T03:01:49z",0.37
"2024/03/17T03:03:49z",0.53
"2024/03/17T03:05:49z",0.63
"2024/03/17T03:07:30z",0.65
"2024/03/17T03:09:30z",0.92
"2024/03/17T03:11:30z",0.84
"2024/03/17T03:13:30z",0.75
"2024/03/17T03:15:30z",0.83
"2024/03/17T03:17:30z",0.59
"2024/03/17T03:19:30z",0.81
"2024/03/17T03:21:30z",0.71
"2024/03/17T03:23:30z",0.79
"2024/03/17T03:25:30z",1.02
"2024/03/17T03:27:11z",0.64
"2024/03/17T03:29:11z",0.68
"2024/03/17T03:31:11z",0.86
"2024/03/17T03:33:11z",0.36
"2024/03/17T03:35:11z",0.88
"2024/03/17T03:37:11z",0.68
"2024/03/17T03:39:11z",0.71
"2024/03/17T03:41:11z",0.45
"2024/03/17T03:43:11z",1.02
"2024/03/17T03:45:11z",1.22
"2024/03/17T03:46:52z",1.09
"2024/03/17T03:48:52z",0.77
"2024/03/17T03:50:52z",1
"2024/03/17T03:52:52z",0.41
"2024/03/17T03:54:52z",0.86
"2024/03/17T03:56:52z",0.97
"2024/03/17T03:58:52z",0.64
"2024/03/17T04:00:52z",1.09
"2024/03/17T04:02:52z",0.75
"2024/03/17T04:04:52z",0.44
"2024/03/17T04:06:33z",0.89
"2024/03/17T04:08:33z",1.05
"2024/03/17T04:10:33z",0.86
"2024/03/17T04:12:33z",0.96
"2024/03/17T04:14:33z",0.76
"2024/03/17T04:16:33z",1.43
"2024/03/17T04:18:33z",1.02
"2024/03/17T04:20:33z",1.66
"2024/03/17T04:22:33z",1.21
"2024/03/17T04:24:33z",1.37
"2024/03/17T04:26:13z",1.44
"2024/03/17T04:28:13z",1.22
"2024/03/17T04:30:13z",1.59
"2024/03/17T04:32:13z",2.64
"2024/03/17T04:34:13z",2.9
"2024/03/17T04:36:13z",3
"2024/03/17T04:38:13z",2.4
"2024/03/17T04:40:13z",1.7
"2024/03/17T04:42:13z",2.03
"2024/03/17T04:44:13z",1.9
"2024/03/17T04:45:53z",1.64
"2024/03/17T04:47:53z",1.51
"2024/03/17T04:49:53z",1.43
"2024/03/17T04:51:53z",1.84
"2024/03/17T04:53:53z",2.08
"2024/03/17T04:55:53z",2.61
"2024/03/17T04:57:53z",2.53
"2024/03/17T04:59:53z",2.6
"2024/03/17T05:01:53z",2.27
"2024/03/17T05:03:53z",2.68
"2024/03/17T05:05:35z",2.93
"2024/03/17T05:07:35z",2.54
"2024/03/17T05:09:35z",2.96
"2024/03/17T05:11:35z",2.67
"2024/03/17T05:13:35z",1.92
"2024/03/17T05:15:35z",1.9
"2024/03/17T05:17:35z",1.56
"2024/03/17T05:19:35z",1.54
"2024/03/17T05:21:35z",1.28
"2024/03/17T05:23:35z",1.15
"2024/03/17T05:25:16z",1.15
"2024/03/17T05:27:16z",1.14
"2024/03/17T05:29:16z",1.3
"2024/03/17T05:31:16z",1.52
"2024/03/17T05:33:16z",1.33
"2024/03/17T05:35:16z",1.47
"2024/03/17T05:37:16z",1.39
"2024/03/17T05:39:16z",0.84
"2024/03/17T05:41:16z",0.97
"2024/03/17T05:43:16z",1
"2024/03/17T15:57:00z",8.87
"2024/03/17T15:59:00z",10.12
"2024/03/17T16:01:00z",9.75
"2024/03/17T16:03:00z",9.51
"2024/03/17T16:05:00z",8.83
"2024/03/17T16:07:00z",10.27
"2024/03/17T16:09:00z",8.3
"2024/03/17T16:11:00z",9.6
"2024/03/17T16:13:00z",8.33
"2024/03/17T16:15:00z",8.42
"2024/03/17T16:16:41z",8.82
"2024/03/17T16:18:41z",7.87
"2024/03/17T16:20:41z",7.04
"2024/03/17T16:22:41z",8.23
"2024/03/17T16:24:41z",8.26
"2024/03/17T16:26:41z",7.62
"2024/03/17T16:28:41z",6.93
"2024/03/17T16:30:41z",6.45
"2024/03/17T16:32:41z",7.53
"2024/03/17T16:34:41z",5.47
"2024/03/17T16:36:22z",7
"2024/03/17T16:38:22z",6.68
"2024/03/17T16:40:22z",6.21
"2024/03/17T16:42:22z",6.34
"2024/03/17T16:44:22z",6.53
"2024/03/17T16:46:22z",6.83
"2024/03/17T16:48:22z",6.47
"2024/03/17T16:50:22z",5.34
"2024/03/17T16:52:22z",4.67
"2024/03/17T16:54:22z",5.24
"2024/03/17T16:56:03z",5.22
"2024/03/17T16:58:02z",6.12
"2024/03/17T17:00:02z",6.07
"2024/03/17T17:02:02z",6.35
"2024/03/17T17:04:02z",4.83
"2024/03/17T17:06:02z",6
"2024/03/17T17:08:02z",6.47
"2024/03/17T17:10:02z",7.52
"2024/03/17T17:12:02z",7.02
"2024/03/17T17:14:02z",7.1
"2024/03/17T17:15:43z",8.16
"2024/03/17T17:17:43z",7.07
"2024/03/17T17:19:43z",7.49
"2024/03/17T17:21:43z",6.79
"2024/03/17T17:23:43z",7.16
"2024/03/17T17:25:43z",6.83
"2024/03/17T17:27:43z",7.02
"2024/03/17T17:29:43z",5.59
"2024/03/17T17:31:43z",6.72
"2024/03/17T17:33:43z",6.75
"2024/03/17T17:35:23z",6.46
"2024/03/17T17:37:23z",7.37
"2024/03/17T17:39:23z",6.22
"2024/03/17T17:41:23z",6.32
"2024/03/17T17:43:23z",6.79
"2024/03/17T17:45:23z",3.49
"2024/03/17T17:47:23z",1.09
"2024/03/17T17:49:23z",2.21
"2024/03/17T17:51:23z",2.07
"2024/03/17T17:53:23z",2.41
"2024/03/17T17:55:03z",3.13
"2024/03/17T17:57:03z",2.42
"2024/03/17T17:59:03z",2.07
"2024/03/17T18:01:03z",2.82
"2024/03/17T18:03:03z",1.69
"2024/03/17T18:05:03z",2
"2024/03/17T18:07:03z",1.83
"2024/03/17T18:09:03z",1.07
"2024/03/17T18:11:03z",1.88
"2024/03/17T18:13:03z",2.05
"2024/03/17T18:14:44z",2.11
"2024/03/17T18:16:44z",1.88
"2024/03/17T18:18:44z",1.75
"2024/03/17T18:20:44z",2.66
"2024/03/17T18:22:44z",2.68
"2024/03/17T18:24:44z",1.66
"2024/03/17T18:26:44z",2.21
"2024/03/17T18:28:44z",2.23
"2024/03/17T18:30:44z",2.53
"2024/03/17T18:32:44z",1.58
"2024/03/17T18:34:25z",1.28
"2024/03/17T18:36:25z",1.44
"2024/03/17T18:38:25z",1.5
"2024/03/17T18:40:25z",1.39
"2024/03/17T18:42:25z",1.08
"2024/03/17T18:44:25z",1.51
"2024/03/17T18:46:25z",1.83
"2024/03/17T18:48:25z",1.84
"2024/03/17T18:50:25z",1.57
"2024/03/17T18:52:25z",1.15
"2024/03/17T18:54:06z",1.39
"2024/03/17T18:56:06z",1.62
"2024/03/17T18:58:06z",2.29
"2024/03/17T19:00:06z",1.93
"2024/03/17T19:02:06z",2.1
"2024/03/17T19:04:06z",1.46
"2024/03/17T19:06:06z",1.05
"2024/03/17T19:08:06z",2.58
"2024/03/17T19:10:06z",2.41
"2024/03/17T19:12:06z",2.25
"2024/03/17T19:13:47z",1.71
"2024/03/17T19:15:47z",1.83
"2024/03/17T19:17:47z",1.72
"2024/03/17T19:19:47z",1.45
"2024/03/17T19:21:47z",1.47
"2024/03/17T19:23:47z",1.95
"2024/03/17T19:25:47z",0.8
"2024/03/17T19:27:47z",1
"2024/03/17T19:29:47z",1.53
"2024/03/17T19:31:47z",1.24
"2024/03/17T19:33:27z",1.87
"2024/03/17T19:35:27z",1.72
"2024/03/17T19:37:27z",1.49
"2024/03/17T19:39:27z",1.11
"2024/03/17T19:41:27z",0.97
"2024/03/17T19:43:27z",1.73
"2024/03/17T19:45:27z",1.72
"2024/03/17T19:47:27z",1.27
"2024/03/17T19:49:27z",1.28
"2024/03/17T19:51:27z",1.6
"2024/03/17T19:53:08z",1.33
"2024/03/17T19:55:08z",1.2
"2024/03/17T19:57:08z",1.33
"2024/03/17T19:59:08z",1.03
"2024/03/17T20:01:08z",1.19
"2024/03/17T20:03:08z",2.29
"2024/03/17T20:05:08z",1.43
"2024/03/17T20:07:08z",1.42
"2024/03/17T20:09:08z",1.79
"2024/03/17T20:11:08z",1.17
"2024/03/17T20:12:49z",1.48
"2024/03/17T20:14:49z",1.43
"2024/03/17T20:16:49z",1.3
"2024/03/17T20:18:49z",1.41
"2024/03/17T20:20:49z",1.25
"2024/03/17T20:22:49z",1.57
"2024/03/17T20:24:49z",1.68
"2024/03/17T20:26:49z",1.38
"2024/03/17T20:28:49z",1.02
"2024/03/17T20:30:49z",1.03
"2024/03/17T20:32:30z",1.29
"2024/03/17T20:34:30z",0.93
"2024/03/17T20:36:30z",0.86
"2024/03/17T20:38:30z",0.63
"2024/03/17T20:40:30z",0.54
"2024/03/17T20:42:30z",0.67
"2024/03/17T20:44:30z",1.09
"2024/03/17T20:46:30z",0.71
"2024/03/17T20:48:30z",1.08
"2024/03/17T20:50:30z",0.75
"2024/03/17T20:52:11z",0.89
"2024/03/17T20:54:11z",0.83
"2024/03/17T20:56:11z",0.43
"2024/03/17T20:58:11z",0.23
"2024/03/17T21:00:11z",0.71
"2024/03/17T21:02:11z",0.95
"2024/03/17T21:04:11z",0.64
"2024/03/17T21:06:11z",0.65
"2024/03/17T21:08:11z",0.6
"2024/03/17T21:10:11z",0.38
"2024/03/17T21:11:51z",0.44
"2024/03/17T21:13:51z",0.97
"2024/03/17T21:15:51z",1
"2024/03/17T21:17:51z",0.67
"2024/03/17T21:19:51z",0.28
"2024/03/17T21:21:51z",1.19
"2024/03/17T21:23:51z",1.16
"2024/03/17T21:25:51z",0.95
"2024/03/17T21:27:51z",0.95
"2024/03/17T21:29:51z",1.19
"2024/03/17T21:31:32z",0.91
"2024/03/17T21:33:32z",0.66
"2024/03/17T21:35:32z",0.33
"2024/03/17T21:37:32z",0.25
"2024/03/17T21:39:32z",0.27
"2024/03/17T21:41:32z",0.83
"2024/03/17T21:43:32z",0.97
"2024/03/17T21:45:32z",1.11
"2024/03/17T21:47:32z",1.21
"2024/03/17T21:49:32z",0.81
"2024/03/17T21:51:12z",0.89
"2024/03/17T21:53:12z",0.63
"2024/03/17T21:55:12z",0.53
"2024/03/17T21:57:12z",0.89
"2024/03/17T21:59:12z",0.83
"2024/03/17T22:01:12z",0.45
"2024/03/17T22:03:12z",0.81
"2024/03/17T22:05:12z",0.67
"2024/03/17T22:07:12z",0.64
"2024/03/17T22:09:12z",0.71
"2024/03/17T22:10:53z",0.85
"2024/03/17T22:12:53z",0.62
"2024/03/17T22:14:53z",0.82
"2024/03/17T22:16:53z",1.12
"2024/03/17T22:18:53z",0.64
"2024/03/17T22:20:53z",0.63
"2024/03/17T22:22:53z",0.74
"2024/03/17T22:24:53z",0.88
"2024/03/17T22:26:53z",0.84
"2024/03/17T22:28:53z",0.41
"2024/03/17T22:30:34z",0.76
"2024/03/17T22:32:34z",1
"2024/03/17T22:34:34z",0.52
"2024/03/17T22:36:34z",0.88
"2024/03/17T22:38:34z",0.98
"2024/03/17T22:40:34z",0.17
"2024/03/17T22:42:34z",0.41
"2024/03/17T22:44:34z",0.36
"2024/03/17T22:46:34z",0.76
"2024/03/17T22:48:34z",0.69
"2024/03/17T22:50:14z",0.33
"2024/03/17T22:52:14z",0.92
"2024/03/17T22:54:14z",0.07
"2024/03/17T22:56:14z",0.71
"2024/03/17T22:58:14z",0.35
"2024/03/17T23:00:14z",0.49
"2024/03/17T23:02:14z",1.23
"2024/03/17T23:04:14z",0.77
"2024/03/17T23:06:14z",0.78
"2024/03/17T23:08:14z",0.27
"2024/03/17T23:09:56z",0.44
"2024/03/17T23:11:56z",0.55
"2024/03/17T23:13:56z",0.58
"2024/03/17T23:15:56z",0.77
"2024/03/17T23:17:56z",0.07
"2024/03/17T23:19:56z",0.25
"2024/03/17T23:21:56z",0.09
"2024/03/17T23:23:56z",0
"2024/03/17T23:25:56z",0
"2024/03/17T23:27:56z",0.27
"2024/03/17T23:29:37z",0
"2024/03/17T23:31:37z",0.05
"2024/03/17T23:33:37z",0.18
"2024/03/17T23:35:37z",0
"2024/03/17T23:37:37z",0
"2024/03/17T23:39:37z",0
"2024/03/17T23:41:37z",0
"2024/03/17T23:43:37z",0.02
"2024/03/17T23:45:37z",0
"2024/03/17T23:47:37z",0.12
"2024/03/17T23:49:18z",0.28
"2024/03/17T23:51:18z",0
"2024/03/17T23:53:18z",0.04
"2024/03/17T23:55:18z",0
"2024/03/17T23:57:18z",0
"2024/03/17T23:59:18z",0
"2024/03/18T00:01:18z",0
"2024/03/18T00:03:18z",0.25
"2024/03/18T00:05:18z",0.19
"2024/03/18T00:07:18z",0.24
"2024/03/18T00:08:59z",0.04
"2024/03/18T00:10:59z",0
"2024/03/18T00:12:59z",0.18
"2024/03/18T00:14:59z",0
"2024/03/18T00:16:59z",0.08
"2024/03/18T00:18:59z",0
"2024/03/18T00:20:59z",0
"2024/03/18T00:22:59z",0
"2024/03/18T00:24:59z",0.02
"2024/03/18T00:26:59z",0
"2024/03/18T00:28:40z",0.13
"2024/03/18T00:30:40z",0.02
"2024/03/18T00:32:40z",0
"2024/03/18T00:34:40z",0.43
"2024/03/18T00:36:40z",0
"2024/03/18T00:38:40z",0
"2024/03/18T00:40:40z",0
"2024/03/18T00:42:40z",0.11
"2024/03/18T00:44:40z",0.33
"2024/03/18T00:46:40z",0
"2024/03/18T00:48:21z",0.22
"2024/03/18T00:50:21z",0.08
"2024/03/18T00:52:21z",0.18
"2024/03/18T00:54:21z",0.3
"2024/03/18T00:56:21z",0.08
"2024/03/18T00:58:21z",0.37
"2024/03/18T01:00:21z",0.66
"2024/03/18T01:02:21z",0.3
"2024/03/18T01:04:21z",0.95
"2024/03/18T01:06:21z",0.9
"2024/03/18T01:08:02z",0.33
"2024/03/18T01:10:02z",0.47
"2024/03/18T01:12:02z",0.5
"2024/03/18T01:14:02z",0.95
"2024/03/18T01:16:02z",0.61
"2024/03/18T01:18:02z",0.21
"2024/03/18T01:20:02z",0.43
"2024/03/18T01:22:02z",1.04
"2024/03/18T01:24:02z",0.43
"2024/03/18T01:26:02z",0.72
"2024/03/18T01:27:42z",0.6
"2024/03/18T01:29:42z",0.59
"2024/03/18T01:31:42z",0.37
"2024/03/18T01:33:42z",1
"2024/03/18T01:35:42z",0.95
"2024/03/18T01:37:42z",0.77
"2024/03/18T01:39:42z",0.71
"2024/03/18T01:41:42z",0.47
"2024/03/18T01:43:42z",0.45
"2024/03/18T01:45:42z",0.53
"2024/03/18T01:47:23z",0.24
"2024/03/18T01:49:23z",0.77
"2024/03/18T01:51:23z",0.58
"2024/03/18T01:53:23z",0.66
"2024/03/18T01:55:23z",0.48
"2024/03/18T01:57:23z",0.88
"2024/03/18T01:59:23z",0.67
"2024/03/18T02:01:23z",0.41
"2024/03/18T02:03:23z",0.88
"2024/03/18T02:05:23z",0.47
"2024/03/18T02:07:03z",0.64
"2024/03/18T02:09:03z",1.02
"2024/03/18T02:11:03z",0.79
"2024/03/18T02:13:03z",0.78
"2024/03/18T02:15:03z",0.61
"2024/03/18T02:17:03z",0.66
"2024/03/18T02:19:03z",0.37
"2024/03/18T02:21:03z",0.57
"2024/03/18T02:23:03z",0.37
"2024/03/18T02:25:03z",0.64
"2024/03/18T02:26:44z",0.46
"2024/03/18T02:28:44z",0.6
"2024/03/18T02:30:44z",0.28
"2024/03/18T02:32:44z",0.59
"2024/03/18T02:34:44z",0.57
"2024/03/18T02:36:44z",0.36
"2024/03/18T02:38:44z",0.54
"2024/03/18T02:40:44z",0.38
"2024/03/18T02:42:44z",0.63
"2024/03/18T02:44:44z",0.63
"2024/03/18T02:46:25z",0.83
"2024/03/18T02:48:25z",0.74
"2024/03/18T02:50:25z",0.62
"2024/03/18T02:52:25z",0.7
"2024/03/18T02:54:25z",0.59
"2024/03/18T02:56:25z",0.58
"2024/03/18T02:58:25z",0.49
"2024/03/18T03:00:25z",0.29
"2024/03/18T03:02:25z",0.9
"2024/03/18T03:04:25z",0.78
"2024/03/18T03:06:06z",0.49
"2024/03/18T03:08:06z",0.88
"2024/03/18T03:10:06z",0.74
"2024/03/18T03:12:06z",0.38
"2024/03/18T03:14:06z",0.65
"2024/03/18T03:16:06z",0.22
"2024/03/18T03:18:06z",0.57
"2024/03/18T03:20:06z",0.82
"2024/03/18T03:22:06z",0.79
"2024/03/18T03:24:06z",0.25
"2024/03/18T03:25:47z",0.31
"2024/03/18T03:27:47z",0.34
"2024/03/18T03:29:47z",0.66
"2024/03/18T03:31:47z",0.46
"2024/03/18T03:33:47z",0.4
"2024/03/18T03:35:47z",0.24
"2024/03/18T03:37:47z",0.22
"2024/03/18T03:39:47z",0.36
"2024/03/18T03:41:47z",0.26
"2024/03/18T03:43:47z",0.14
"2024/03/18T03:45:27z",0.51
"2024/03/18T03:47:27z",0.56
"2024/03/18T03:49:27z",1.66
"2024/03/18T03:51:27z",1.48
"2024/03/18T03:53:27z",1.97
"2024/03/18T03:55:27z",0.65
"2024/03/18T03:57:27z",0.24
"2024/03/18T03:59:27z",0.28
"2024/03/18T04:01:27z",0
"2024/03/18T04:03:27z",0.12
"2024/03/18T04:24:49z",0
"2024/03/18T04:26:49z",0
"2024/03/18T04:28:49z",0
"2024/03/18T04:30:49z",0.09
"2024/03/18T04:32:49z",0
"2024/03/18T04:34:49z",0
"2024/03/18T04:36:49z",0
"2024/03/18T04:38:49z",0.07
"2024/03/18T04:40:49z",0.43
"2024/03/18T04:42:49z",0.52
"2024/03/18T04:44:30z",0.29
"2024/03/18T04:46:30z",0
"2024/03/18T04:48:30z",0.54
"2024/03/18T04:50:30z",0.57
"2024/03/18T04:52:30z",0.92
"2024/03/18T04:54:30z",0.07
"2024/03/18T04:56:30z",1.59
"2024/03/18T04:58:30z",0.89
"2024/03/18T05:00:30z",4.97
"2024/03/18T05:02:30z",8.86
"2024/03/18T05:04:12z",32
"2024/03/18T05:06:12z",26.46
"2024/03/18T05:08:12z",8.46
"2024/03/18T05:10:12z",6.32
"2024/03/18T05:12:12z",7.09
"2024/03/18T05:14:12z",11.91
"2024/03/18T05:16:12z",5.6
"2024/03/18T05:18:12z",5.48
"2024/03/18T05:20:12z",4
"2024/03/18T05:22:12z",4.17
"2024/03/18T06:03:22z",0.56
"2024/03/18T06:05:22z",0.17
"2024/03/18T06:07:22z",0.23
"2024/03/18T06:09:22z",0.14
"2024/03/18T06:11:22z",0.41
"2024/03/18T06:13:22z",0
"2024/03/18T06:15:22z",0.43
"2024/03/18T06:17:22z",0
"2024/03/18T06:19:22z",0
"2024/03/18T06:21:22z",0.07
