"time","GC8_PM2_5"
"2024/02/22T22:14:55z",0.24
"2024/02/22T22:16:55z",0.07
"2024/02/22T22:18:55z",0.18
"2024/02/22T22:20:55z",0.18
"2024/02/22T22:22:55z",0.1
"2024/02/22T22:24:55z",0.08
"2024/02/22T22:26:55z",0.07
"2024/02/22T22:28:55z",0
"2024/02/22T22:30:55z",0
"2024/02/22T22:32:55z",0.15
"2024/02/22T22:34:35z",0.31
"2024/02/22T22:36:35z",0.69
"2024/02/22T22:38:35z",0.4
"2024/02/22T22:40:35z",0.18
"2024/02/22T22:42:35z",0
"2024/02/22T22:44:35z",0
"2024/02/22T22:46:35z",0.05
"2024/02/22T22:48:35z",0
"2024/02/22T22:50:35z",0
"2024/02/22T22:52:35z",0.03
"2024/02/22T22:54:15z",0
"2024/02/22T22:56:15z",0.4
"2024/02/22T22:58:15z",0.23
"2024/02/22T23:00:15z",0.34
"2024/02/22T23:02:15z",0
"2024/02/22T23:04:15z",0.34
"2024/02/22T23:06:15z",0.11
"2024/02/22T23:08:15z",0.61
"2024/02/22T23:10:15z",0.08
"2024/02/22T23:12:15z",0
"2024/02/22T23:13:56z",0
"2024/02/22T23:15:56z",0
"2024/02/22T23:17:56z",0.33
"2024/02/22T23:19:56z",0.09
"2024/02/22T23:21:56z",0.16
"2024/02/22T23:23:56z",0.09
"2024/02/22T23:25:56z",0.05
"2024/02/22T23:27:56z",0.07
"2024/02/22T23:29:56z",0.09
"2024/02/22T23:31:56z",0
"2024/02/22T23:33:37z",0
"2024/02/22T23:35:37z",0.1
"2024/02/22T23:37:37z",0.19
"2024/02/22T23:39:37z",0.2
"2024/02/22T23:41:37z",0.14
"2024/02/22T23:43:37z",0.22
"2024/02/22T23:45:37z",0.31
"2024/02/22T23:47:37z",0.09
"2024/02/22T23:49:37z",0.57
"2024/02/22T23:51:37z",0
"2024/02/22T23:53:17z",0.31
"2024/02/22T23:55:17z",0
"2024/02/22T23:57:17z",0.14
"2024/02/22T23:59:17z",0.04
"2024/02/23T00:01:17z",0.08
"2024/02/23T00:03:17z",0
"2024/02/23T00:05:17z",0
"2024/02/23T00:07:17z",0.04
"2024/02/23T00:09:17z",0.18
"2024/02/23T00:11:17z",0
"2024/02/23T00:12:57z",0
"2024/02/23T00:14:57z",0.03
"2024/02/23T00:16:57z",0
"2024/02/23T00:18:57z",0
"2024/02/23T00:20:57z",0.08
"2024/02/23T00:22:57z",0.53
"2024/02/23T00:24:57z",0.43
"2024/02/23T00:26:57z",0
"2024/02/23T00:28:57z",0.19
"2024/02/23T00:30:57z",0
"2024/02/23T00:32:38z",0.13
"2024/02/23T00:34:38z",0.05
"2024/02/23T00:36:38z",0.05
"2024/02/23T00:38:38z",0.18
"2024/02/23T00:40:38z",0.25
"2024/02/23T00:42:38z",0.17
"2024/02/23T00:44:38z",0
"2024/02/23T00:46:38z",0
"2024/02/23T00:48:38z",0.14
"2024/02/23T00:50:38z",0.08
"2024/02/23T00:52:18z",0.33
"2024/02/23T00:54:18z",0.29
"2024/02/23T00:56:18z",0.58
"2024/02/23T00:58:18z",0.27
"2024/02/23T01:00:18z",0.95
"2024/02/23T01:02:18z",4.1
"2024/02/23T01:04:18z",1.09
"2024/02/23T01:06:18z",0.54
"2024/02/23T01:08:18z",0.05
"2024/02/23T01:10:18z",0
"2024/02/23T01:11:58z",0.04
"2024/02/23T01:13:58z",0.09
"2024/02/23T01:15:58z",0.44
"2024/02/23T01:17:58z",0.39
"2024/02/23T01:19:58z",0.29
"2024/02/23T01:21:58z",0.34
"2024/02/23T01:23:58z",0.33
"2024/02/23T01:25:58z",0.04
"2024/02/23T01:27:58z",0.72
"2024/02/23T01:29:58z",0.64
"2024/02/23T01:31:39z",0.56
"2024/02/23T01:33:39z",0.46
"2024/02/23T01:35:39z",0.24
"2024/02/23T01:37:39z",0.74
"2024/02/23T01:39:39z",0.78
"2024/02/23T01:41:39z",1.32
"2024/02/23T01:43:39z",2.26
"2024/02/23T01:45:39z",3.23
"2024/02/23T01:47:39z",3.34
"2024/02/23T01:49:39z",3.6
"2024/02/23T01:51:19z",2.62
"2024/02/23T01:53:19z",2.16
"2024/02/23T01:55:19z",0.86
"2024/02/23T01:57:19z",0.42
"2024/02/23T01:59:19z",0.51
"2024/02/23T02:01:19z",0.83
"2024/02/23T02:03:19z",0.67
"2024/02/23T02:05:19z",0.46
"2024/02/23T02:07:19z",0.64
"2024/02/23T02:09:19z",0.56
"2024/02/23T02:10:59z",0.65
"2024/02/23T02:12:59z",0.4
"2024/02/23T02:14:59z",1
"2024/02/23T02:16:59z",0.78
"2024/02/23T02:18:59z",1
"2024/02/23T02:20:59z",0.88
"2024/02/23T02:22:59z",0.67
"2024/02/23T02:24:59z",0.53
"2024/02/23T02:26:59z",0.45
"2024/02/23T02:28:59z",0.64
"2024/02/23T02:30:40z",0.44
"2024/02/23T02:32:40z",0.39
"2024/02/23T02:34:40z",0.17
"2024/02/23T02:36:40z",0.12
"2024/02/23T02:38:40z",0.75
"2024/02/23T02:40:40z",0.59
"2024/02/23T02:42:40z",1.42
"2024/02/23T02:44:40z",0.84
"2024/02/23T02:46:40z",1.51
"2024/02/23T02:48:40z",1.28
"2024/02/23T02:50:21z",1.15
"2024/02/23T02:52:21z",1.05
"2024/02/23T02:54:21z",0.89
"2024/02/23T02:56:21z",0.88
"2024/02/23T02:58:21z",1.17
"2024/02/23T03:00:21z",0.53
"2024/02/23T03:02:21z",1.43
"2024/02/23T03:04:21z",1.93
"2024/02/23T03:06:21z",2.44
"2024/02/23T03:08:21z",3.27
"2024/02/23T03:10:01z",2.18
"2024/02/23T03:12:01z",1.36
"2024/02/23T03:14:01z",1.11
"2024/02/23T03:16:01z",1.12
"2024/02/23T03:18:01z",1.23
"2024/02/23T03:20:01z",1.53
"2024/02/23T03:22:01z",0.95
"2024/02/23T03:24:01z",1.02
"2024/02/23T03:26:01z",1.16
"2024/02/23T03:28:01z",2.31
"2024/02/23T03:29:42z",2.09
"2024/02/23T03:31:42z",1.27
"2024/02/23T03:33:42z",1.35
"2024/02/23T03:35:42z",1.3
"2024/02/23T03:37:42z",1.08
"2024/02/23T03:39:42z",1
"2024/02/23T03:41:42z",1.05
"2024/02/23T03:43:42z",1.23
"2024/02/23T03:45:42z",0.63
"2024/02/23T03:47:42z",0.92
"2024/02/23T03:49:22z",0.76
"2024/02/23T03:51:22z",1.29
"2024/02/23T03:53:22z",0.88
"2024/02/23T03:55:22z",0.52
"2024/02/23T03:57:22z",0.59
"2024/02/23T03:59:22z",1.09
"2024/02/23T04:01:22z",0.31
"2024/02/23T04:03:22z",1.02
"2024/02/23T04:05:22z",1.22
"2024/02/23T04:07:22z",0.4
"2024/02/23T04:09:03z",0.22
"2024/02/23T04:11:03z",0.42
"2024/02/23T04:13:03z",0.93
"2024/02/23T04:15:03z",0.45
"2024/02/23T04:17:03z",1.17
"2024/02/23T04:19:03z",1.27
"2024/02/23T04:21:03z",0.7
"2024/02/23T04:23:03z",0.88
"2024/02/23T04:25:03z",1
"2024/02/23T04:27:03z",1.24
"2024/02/23T04:28:43z",1.18
"2024/02/23T04:30:43z",0.72
"2024/02/23T04:32:43z",0.89
"2024/02/23T04:34:43z",0.74
"2024/02/23T04:36:43z",0.09
"2024/02/23T04:38:43z",0
"2024/02/23T04:40:43z",0.42
"2024/02/23T04:42:43z",0.16
"2024/02/23T04:44:43z",0.17
"2024/02/23T04:46:43z",0.68
"2024/02/23T04:48:23z",0.13
"2024/02/23T04:50:23z",0.24
"2024/02/23T04:52:23z",0.28
"2024/02/23T04:54:23z",0.62
"2024/02/23T04:56:23z",0.58
"2024/02/23T04:58:23z",1.19
"2024/02/23T05:00:23z",0.88
"2024/02/23T05:02:23z",0.33
"2024/02/23T05:04:23z",0.05
"2024/02/23T05:06:23z",0.63
"2024/02/23T05:08:05z",1
"2024/02/23T05:10:05z",0.37
"2024/02/23T05:12:05z",0.86
"2024/02/23T05:14:05z",1.29
"2024/02/23T05:16:05z",1.75
"2024/02/23T05:18:05z",2.95
"2024/02/23T05:20:05z",2.55
"2024/02/23T05:22:05z",3.05
"2024/02/23T05:24:04z",1.62
"2024/02/23T05:26:04z",1.98
"2024/02/23T05:27:45z",1.38
"2024/02/23T05:29:45z",0.97
"2024/02/23T05:31:45z",0.67
"2024/02/23T05:33:45z",0.6
"2024/02/23T05:35:45z",1.03
"2024/02/23T05:37:45z",0.09
"2024/02/23T05:39:45z",0.54
"2024/02/23T05:41:45z",1.39
"2024/02/23T05:43:45z",0.88
"2024/02/23T05:45:45z",0.63
"2024/02/23T05:47:26z",1.47
"2024/02/23T05:49:26z",1.43
"2024/02/23T05:51:26z",0.89
"2024/02/23T05:53:26z",0.91
"2024/02/23T05:55:26z",1.07
"2024/02/23T05:57:26z",1.1
"2024/02/23T05:59:26z",0.29
"2024/02/23T06:01:26z",0.82
"2024/02/23T06:03:26z",0.34
"2024/02/23T06:05:26z",0.85
"2024/02/23T06:07:06z",0.62
"2024/02/23T06:09:06z",0.33
"2024/02/23T06:11:06z",2.02
"2024/02/23T06:13:06z",1.18
"2024/02/23T06:15:06z",1.24
"2024/02/23T06:17:06z",1.8
"2024/02/23T06:19:06z",1.95
"2024/02/23T06:21:06z",1.29
"2024/02/23T06:23:06z",1.52
"2024/02/23T06:25:06z",1.42
"2024/02/23T06:26:46z",0.96
"2024/02/23T06:28:46z",1.92
"2024/02/23T06:30:46z",1.52
"2024/02/23T06:32:46z",1.57
"2024/02/23T06:34:46z",1.55
"2024/02/23T06:36:46z",2.14
"2024/02/23T06:38:46z",1.76
"2024/02/23T06:40:46z",1.64
"2024/02/23T06:42:46z",1.66
"2024/02/23T06:44:46z",1.49
"2024/02/23T06:46:27z",1.07
"2024/02/23T06:48:27z",0.78
"2024/02/23T06:50:27z",1.11
"2024/02/23T06:52:27z",0.57
"2024/02/23T06:54:27z",0.38
"2024/02/23T06:56:27z",0.83
"2024/02/23T06:58:27z",4.18
"2024/02/23T07:00:27z",4.39
"2024/02/23T07:02:27z",1.93
"2024/02/23T07:04:27z",1.9
"2024/02/23T07:06:07z",0.84
"2024/02/23T07:08:07z",1.19
"2024/02/23T07:10:07z",0.86
"2024/02/23T07:12:07z",1.28
"2024/02/23T07:14:07z",1.26
"2024/02/23T07:16:07z",1.68
"2024/02/23T07:18:07z",1.59
"2024/02/23T07:20:07z",1.64
"2024/02/23T07:22:07z",1.5
"2024/02/23T07:24:07z",1.02
"2024/02/23T07:25:48z",1.57
"2024/02/23T07:27:48z",1.56
"2024/02/23T07:29:48z",1.18
"2024/02/23T07:31:48z",1.47
"2024/02/23T07:33:48z",1.43
"2024/02/23T07:35:48z",1.59
"2024/02/23T07:37:48z",1.86
"2024/02/23T07:39:48z",1
"2024/02/23T07:41:48z",1.45
"2024/02/23T07:43:48z",0.65
"2024/02/23T07:45:29z",1.24
"2024/02/23T07:47:29z",0.49
"2024/02/23T07:49:29z",0.6
"2024/02/23T07:51:29z",0.46
"2024/02/23T07:53:29z",0.73
"2024/02/23T07:55:29z",0.88
"2024/02/23T07:57:29z",1.35
"2024/02/23T07:59:29z",1.18
"2024/02/23T08:01:29z",0.79
"2024/02/23T08:03:29z",1.09
"2024/02/23T15:19:27z",0.38
"2024/02/23T15:21:27z",0.07
"2024/02/23T15:23:27z",0.21
"2024/02/23T15:25:27z",0.16
"2024/02/23T15:27:27z",0.07
"2024/02/23T15:29:27z",0.47
"2024/02/23T15:31:27z",0
"2024/02/23T15:33:27z",0.11
"2024/02/23T15:35:27z",0.19
"2024/02/23T15:37:27z",0.09
"2024/02/23T15:39:08z",0.09
"2024/02/23T15:41:08z",0.22
"2024/02/23T15:43:08z",0.3
"2024/02/23T15:45:08z",0.12
"2024/02/23T15:47:08z",0
"2024/02/23T15:49:08z",0
"2024/02/23T15:51:08z",0.07
"2024/02/23T15:53:08z",0.09
"2024/02/23T15:55:08z",0
"2024/02/23T15:57:08z",0
"2024/02/23T15:58:48z",0.09
"2024/02/23T16:00:48z",0
"2024/02/23T16:02:48z",0
"2024/02/23T16:04:48z",0.15
"2024/02/23T16:06:48z",0.08
"2024/02/23T16:08:48z",0
"2024/02/23T16:10:48z",0.09
"2024/02/23T16:12:48z",0
"2024/02/23T16:14:48z",0
"2024/02/23T16:16:48z",0
"2024/02/23T16:18:29z",0.04
"2024/02/23T16:20:29z",0
"2024/02/23T16:22:29z",0
"2024/02/23T16:24:29z",0
"2024/02/23T16:26:29z",0.02
"2024/02/23T16:28:29z",0
"2024/02/23T16:30:29z",0
"2024/02/23T16:32:29z",0
"2024/02/23T16:34:29z",0
"2024/02/23T16:36:29z",0
"2024/02/23T16:38:09z",0
"2024/02/23T16:40:09z",0.25
"2024/02/23T16:42:09z",0.09
"2024/02/23T16:44:09z",0.05
"2024/02/23T16:46:09z",0
"2024/02/23T16:48:09z",0
"2024/02/23T16:50:09z",0.09
"2024/02/23T16:52:09z",0
"2024/02/23T16:54:09z",0
"2024/02/23T16:56:09z",0
"2024/02/23T16:57:49z",0
"2024/02/23T16:59:49z",0
"2024/02/23T17:01:49z",0
"2024/02/23T17:03:49z",0
"2024/02/23T17:05:49z",0
"2024/02/23T17:07:49z",0
"2024/02/23T17:09:49z",0
"2024/02/23T17:11:49z",0
"2024/02/23T17:13:49z",0.14
"2024/02/23T17:15:49z",0
"2024/02/23T17:17:30z",0
"2024/02/23T17:19:30z",0
"2024/02/23T17:21:30z",0
"2024/02/23T17:23:30z",0
"2024/02/23T17:25:30z",0
"2024/02/23T17:27:30z",0
"2024/02/23T17:29:30z",0.21
"2024/02/23T17:31:30z",0
"2024/02/23T17:33:30z",0
"2024/02/23T17:35:30z",0
"2024/02/23T17:37:10z",0
"2024/02/23T17:39:10z",0
"2024/02/23T17:41:10z",0
"2024/02/23T17:43:10z",0
"2024/02/23T17:45:10z",0
"2024/02/23T17:47:10z",0
"2024/02/23T17:49:10z",0
"2024/02/23T17:51:10z",0
"2024/02/23T17:53:10z",0
"2024/02/23T17:55:10z",0
"2024/02/23T17:56:50z",0
"2024/02/23T17:58:50z",0
"2024/02/23T18:00:50z",0
"2024/02/23T18:02:50z",0
"2024/02/23T18:04:50z",0
"2024/02/23T18:06:50z",0
"2024/02/23T18:08:50z",0
"2024/02/23T18:10:50z",0
"2024/02/23T18:12:50z",0
"2024/02/23T18:14:50z",0
"2024/02/23T18:16:30z",0
"2024/02/23T18:18:30z",0
"2024/02/23T18:20:30z",0
"2024/02/23T18:22:30z",0
"2024/02/23T18:24:30z",0
"2024/02/23T18:26:30z",0
"2024/02/23T18:28:30z",0
"2024/02/23T18:30:30z",0
"2024/02/23T18:32:30z",0
"2024/02/23T18:34:30z",0
"2024/02/23T18:55:53z",0
"2024/02/23T18:57:53z",0
"2024/02/23T18:59:53z",0
"2024/02/23T19:01:53z",0
"2024/02/23T19:03:53z",0
"2024/02/23T19:05:53z",0
"2024/02/23T19:07:53z",0
"2024/02/23T19:09:53z",0
"2024/02/23T19:11:53z",0
"2024/02/23T19:13:53z",0
"2024/02/23T19:15:32z",0
"2024/02/23T19:17:32z",0
"2024/02/23T19:19:32z",0
"2024/02/23T19:21:32z",0
"2024/02/23T19:23:32z",0
"2024/02/23T19:25:32z",0
"2024/02/23T19:27:32z",0
"2024/02/23T19:29:32z",0
"2024/02/23T19:31:32z",0
"2024/02/23T19:33:32z",0
"2024/02/23T19:35:13z",0
"2024/02/23T19:37:13z",0
"2024/02/23T19:39:13z",0
"2024/02/23T19:41:13z",0
"2024/02/23T19:43:13z",0
"2024/02/23T19:45:13z",0
"2024/02/23T19:47:13z",0
"2024/02/23T19:49:13z",0
"2024/02/23T19:51:13z",0
"2024/02/23T19:53:13z",0
"2024/02/23T19:54:53z",0
"2024/02/23T19:56:53z",0
"2024/02/23T19:58:53z",0
"2024/02/23T20:00:53z",0
"2024/02/23T20:02:53z",0
"2024/02/23T20:04:53z",0
"2024/02/23T20:06:53z",0
"2024/02/23T20:08:53z",0
"2024/02/23T20:10:53z",0
"2024/02/23T20:12:53z",0
"2024/02/23T20:14:34z",0
"2024/02/23T20:16:34z",0
"2024/02/23T20:18:34z",0
"2024/02/23T20:20:34z",0
"2024/02/23T20:22:34z",0
"2024/02/23T20:24:34z",0
"2024/02/23T20:26:34z",0
"2024/02/23T20:28:34z",0
"2024/02/23T20:30:34z",0
"2024/02/23T20:32:34z",0
"2024/02/23T20:34:15z",0
"2024/02/23T20:36:15z",0
"2024/02/23T20:38:15z",0
"2024/02/23T20:40:15z",0
"2024/02/23T20:42:15z",0
"2024/02/23T20:44:15z",0
"2024/02/23T20:46:15z",0
"2024/02/23T20:48:15z",0
"2024/02/23T20:50:15z",0
"2024/02/23T20:52:15z",0
"2024/02/23T20:53:55z",0
"2024/02/23T20:55:55z",0
"2024/02/23T20:57:55z",0
"2024/02/23T20:59:55z",0
"2024/02/23T21:01:55z",0
"2024/02/23T21:03:55z",0
"2024/02/23T21:05:55z",0
"2024/02/23T21:07:55z",0.07
"2024/02/23T21:09:55z",0
"2024/02/23T21:11:55z",0.05
"2024/02/23T21:13:36z",0.64
"2024/02/23T21:15:36z",0
"2024/02/23T21:17:36z",0.04
"2024/02/23T21:19:36z",0
"2024/02/23T21:21:36z",0
"2024/02/23T21:23:36z",0
"2024/02/23T21:25:36z",0
"2024/02/23T21:27:36z",0
"2024/02/23T21:29:36z",0
"2024/02/23T21:31:36z",0.1
"2024/02/23T21:33:16z",0
"2024/02/23T21:35:16z",0
"2024/02/23T21:37:16z",0
"2024/02/23T21:39:16z",0
"2024/02/23T21:41:16z",0
"2024/02/23T21:43:16z",0
"2024/02/23T21:45:16z",0.03
"2024/02/23T21:47:16z",0
"2024/02/23T21:49:16z",0
"2024/02/23T21:51:16z",0
"2024/02/23T21:52:56z",0.28
"2024/02/23T21:54:56z",0
"2024/02/23T21:56:56z",0.11
"2024/02/23T21:58:56z",0.04
"2024/02/23T22:00:56z",0.08
"2024/02/23T22:02:56z",0
"2024/02/23T22:04:56z",0
"2024/02/23T22:06:56z",0
"2024/02/23T22:08:56z",0.05
"2024/02/23T22:10:56z",0
"2024/02/23T22:12:37z",0
"2024/02/23T22:14:37z",0
"2024/02/23T22:16:37z",0
"2024/02/23T22:18:37z",0
"2024/02/23T22:20:37z",0
"2024/02/23T22:22:37z",0
"2024/02/23T22:24:37z",0
"2024/02/23T22:26:37z",0
"2024/02/23T22:28:37z",0
"2024/02/23T22:30:37z",0
"2024/02/23T22:32:17z",0
"2024/02/23T22:34:17z",0
"2024/02/23T22:36:17z",0
"2024/02/23T22:38:17z",0
"2024/02/23T22:40:17z",0
"2024/02/23T22:42:17z",0
"2024/02/23T22:44:17z",0
"2024/02/23T22:46:17z",0
"2024/02/23T22:48:17z",0
"2024/02/23T22:50:17z",0
"2024/02/23T22:51:58z",0
"2024/02/23T22:53:58z",0
"2024/02/23T22:55:58z",0
"2024/02/23T22:57:58z",0
"2024/02/23T22:59:58z",0
"2024/02/23T23:01:58z",0
"2024/02/23T23:03:58z",0
"2024/02/23T23:05:58z",0.18
"2024/02/23T23:07:58z",0
"2024/02/23T23:09:58z",0.2
"2024/02/23T23:11:38z",0
"2024/02/23T23:13:38z",0
"2024/02/23T23:15:38z",0
"2024/02/23T23:17:38z",0
"2024/02/23T23:19:38z",0
"2024/02/23T23:21:38z",0
"2024/02/23T23:23:38z",0
"2024/02/23T23:25:38z",0
"2024/02/23T23:27:38z",0.03
"2024/02/23T23:29:38z",0
"2024/02/23T23:31:18z",0
"2024/02/23T23:33:18z",0.14
"2024/02/23T23:35:18z",0
"2024/02/23T23:37:18z",0
"2024/02/23T23:39:18z",0
"2024/02/23T23:41:18z",0
"2024/02/23T23:43:18z",0
"2024/02/23T23:45:18z",0.04
"2024/02/23T23:47:18z",0
"2024/02/23T23:49:18z",0
"2024/02/23T23:50:59z",0
"2024/02/23T23:52:59z",0
"2024/02/23T23:54:59z",0
"2024/02/23T23:56:59z",0
"2024/02/23T23:58:59z",0
"2024/02/24T00:00:59z",0
"2024/02/24T00:02:59z",0.17
"2024/02/24T00:04:59z",0.58
"2024/02/24T00:06:59z",0
"2024/02/24T00:08:59z",0
"2024/02/24T00:10:40z",0
"2024/02/24T00:12:40z",0.5
"2024/02/24T00:14:40z",0
"2024/02/24T00:16:40z",0
"2024/02/24T00:18:40z",0.08
"2024/02/24T00:20:40z",0
"2024/02/24T00:22:40z",0.09
"2024/02/24T00:24:40z",0
"2024/02/24T00:26:40z",3.98
"2024/02/24T00:28:40z",0.09
"2024/02/24T00:30:20z",0
"2024/02/24T00:32:20z",0.08
"2024/02/24T00:34:20z",1.39
"2024/02/24T00:36:20z",0.15
"2024/02/24T00:38:20z",1.39
"2024/02/24T00:40:20z",0.07
"2024/02/24T00:42:20z",0
"2024/02/24T00:44:20z",0
"2024/02/24T00:46:20z",0.16
"2024/02/24T00:48:20z",0
"2024/02/24T00:50:01z",0
"2024/02/24T00:52:01z",0.2
"2024/02/24T00:54:01z",0.05
"2024/02/24T00:56:01z",0.13
"2024/02/24T00:58:01z",0.08
"2024/02/24T01:00:01z",0
"2024/02/24T01:02:01z",0
"2024/02/24T01:04:01z",0
"2024/02/24T01:06:01z",0
"2024/02/24T01:08:01z",0
"2024/02/24T01:09:42z",0.11
"2024/02/24T01:11:42z",0.61
"2024/02/24T01:13:42z",0
"2024/02/24T01:15:42z",0.05
"2024/02/24T01:17:42z",0.55
"2024/02/24T01:19:42z",0.38
"2024/02/24T01:21:42z",0.6
"2024/02/24T01:23:42z",0.36
"2024/02/24T01:25:42z",0
"2024/02/24T01:27:42z",0.27
"2024/02/24T01:29:23z",0.74
"2024/02/24T01:31:23z",0.66
"2024/02/24T01:33:23z",0.84
"2024/02/24T01:35:23z",1.04
"2024/02/24T01:37:23z",0.61
"2024/02/24T01:39:23z",0.69
"2024/02/24T01:41:23z",1.49
"2024/02/24T01:43:23z",0.68
"2024/02/24T01:45:23z",0.81
"2024/02/24T01:47:23z",0.78
"2024/02/24T01:49:04z",1.85
"2024/02/24T01:51:04z",1.92
"2024/02/24T01:53:04z",1.37
"2024/02/24T01:55:04z",1.14
"2024/02/24T01:57:04z",0.97
"2024/02/24T01:59:04z",1
"2024/02/24T02:01:04z",2.07
"2024/02/24T02:03:04z",1.54
"2024/02/24T02:05:04z",1.62
"2024/02/24T02:07:04z",2.9
"2024/02/24T02:08:44z",2.29
"2024/02/24T02:10:44z",3.5
"2024/02/24T02:12:44z",2.24
"2024/02/24T02:14:44z",2.35
"2024/02/24T02:16:44z",3.03
"2024/02/24T02:18:44z",2.41
"2024/02/24T02:20:44z",2.31
"2024/02/24T02:22:44z",2.95
"2024/02/24T02:24:44z",2.75
"2024/02/24T02:26:44z",2.41
"2024/02/24T02:28:25z",1.78
"2024/02/24T02:30:25z",2.1
"2024/02/24T02:32:25z",2.36
"2024/02/24T02:34:25z",2.8
"2024/02/24T02:36:25z",2.48
"2024/02/24T02:38:25z",2.19
"2024/02/24T02:40:25z",1.95
"2024/02/24T02:42:25z",2.48
"2024/02/24T02:44:25z",3.7
"2024/02/24T02:46:25z",3.24
"2024/02/24T02:48:05z",2.71
"2024/02/24T02:50:05z",1.9
"2024/02/24T02:52:05z",1.19
"2024/02/24T02:54:05z",4.59
"2024/02/24T02:56:05z",5.2
"2024/02/24T02:58:05z",4.6
"2024/02/24T03:00:05z",4.86
"2024/02/24T03:02:05z",6.18
"2024/02/24T03:04:05z",11.34
"2024/02/24T03:06:05z",12.08
"2024/02/24T03:07:46z",6.04
"2024/02/24T03:09:46z",5.05
"2024/02/24T03:11:46z",1.89
"2024/02/24T03:13:46z",1.48
"2024/02/24T03:15:46z",1.34
"2024/02/24T03:17:46z",1.63
"2024/02/24T03:19:46z",2.38
"2024/02/24T03:21:46z",2.8
"2024/02/24T03:23:46z",3.26
"2024/02/24T03:25:46z",3.63
"2024/02/24T03:27:27z",3.07
"2024/02/24T03:29:27z",3.34
"2024/02/24T03:31:27z",1.98
"2024/02/24T03:33:27z",3.04
"2024/02/24T03:35:27z",1.31
"2024/02/24T03:37:27z",0.98
"2024/02/24T03:39:27z",0.74
"2024/02/24T03:41:27z",0.98
"2024/02/24T03:43:27z",1.12
"2024/02/24T03:45:27z",0.97
"2024/02/24T03:47:07z",1.24
"2024/02/24T03:49:07z",0.62
"2024/02/24T03:51:07z",0.53
"2024/02/24T03:53:07z",0.96
"2024/02/24T03:55:07z",1.07
"2024/02/24T03:57:07z",1
"2024/02/24T03:59:07z",1.84
"2024/02/24T04:01:07z",1
"2024/02/24T04:03:07z",1.69
"2024/02/24T04:05:07z",0.5
"2024/02/24T04:06:48z",0.54
"2024/02/24T04:08:48z",0.93
"2024/02/24T04:10:48z",1.14
"2024/02/24T04:12:48z",1.75
"2024/02/24T04:14:48z",1.88
"2024/02/24T04:16:48z",1.72
"2024/02/24T04:18:48z",0.97
"2024/02/24T04:20:48z",1.43
"2024/02/24T04:22:48z",4.97
"2024/02/24T04:24:48z",26.22
"2024/02/24T04:26:28z",14.56
"2024/02/24T04:28:28z",4.41
"2024/02/24T04:30:28z",2.64
"2024/02/24T04:32:28z",2.05
"2024/02/24T04:34:28z",0.97
"2024/02/24T04:36:28z",0.17
"2024/02/24T04:38:28z",0.6
"2024/02/24T04:40:28z",0.33
"2024/02/24T04:42:28z",0.36
"2024/02/24T04:44:28z",1.05
"2024/02/24T04:46:09z",0.62
"2024/02/24T04:48:09z",0.98
"2024/02/24T04:50:09z",1
"2024/02/24T04:52:09z",0.73
"2024/02/24T04:54:09z",0.45
"2024/02/24T04:56:09z",0.75
"2024/02/24T04:58:09z",0.69
"2024/02/24T05:00:09z",1.36
"2024/02/24T05:02:09z",0.97
"2024/02/24T05:04:09z",2.88
"2024/02/24T05:05:49z",2.89
"2024/02/24T05:07:49z",2.12
"2024/02/24T05:09:49z",1.89
"2024/02/24T05:11:49z",1.36
"2024/02/24T05:13:49z",5.64
"2024/02/24T05:15:49z",3.54
"2024/02/24T05:17:49z",3.47
"2024/02/24T05:19:49z",1.65
"2024/02/24T05:21:49z",1.04
"2024/02/24T05:23:49z",1.05
"2024/02/24T05:25:29z",0.53
"2024/02/24T05:27:29z",0.68
"2024/02/24T05:29:29z",0.77
"2024/02/24T05:31:29z",0.84
"2024/02/24T05:33:29z",1.07
"2024/02/24T05:35:29z",1.41
"2024/02/24T05:37:29z",2.47
"2024/02/24T05:39:29z",3.75
"2024/02/24T05:41:29z",2.12
"2024/02/24T05:43:29z",6.93
"2024/02/24T15:37:27z",0.27
"2024/02/24T15:39:27z",0.29
"2024/02/24T15:41:27z",0
"2024/02/24T15:43:27z",0.02
"2024/02/24T15:45:27z",0.03
"2024/02/24T15:47:27z",0.05
"2024/02/24T15:49:27z",0.2
"2024/02/24T15:51:27z",0.09
"2024/02/24T15:53:27z",0.1
"2024/02/24T15:55:27z",0.17
"2024/02/24T15:57:07z",0.33
"2024/02/24T15:59:07z",0
"2024/02/24T16:01:07z",0.03
"2024/02/24T16:03:07z",0.09
"2024/02/24T16:05:07z",0
"2024/02/24T16:07:07z",0.12
"2024/02/24T16:09:07z",0
"2024/02/24T16:11:07z",0
"2024/02/24T16:13:07z",0.16
"2024/02/24T16:15:07z",0
"2024/02/24T16:16:48z",0
"2024/02/24T16:18:48z",0.4
"2024/02/24T16:20:48z",0
"2024/02/24T16:22:48z",0
"2024/02/24T16:24:48z",0.1
"2024/02/24T16:26:48z",0
"2024/02/24T16:28:48z",0.19
"2024/02/24T16:30:48z",0.05
"2024/02/24T16:32:48z",0.07
"2024/02/24T16:34:48z",0.12
"2024/02/24T16:36:29z",0.07
"2024/02/24T16:38:29z",0.05
"2024/02/24T16:40:29z",0.46
"2024/02/24T16:42:29z",0.14
"2024/02/24T16:44:29z",0
"2024/02/24T16:46:29z",0
"2024/02/24T16:48:29z",0
"2024/02/24T16:50:29z",0.21
"2024/02/24T16:52:29z",0.14
"2024/02/24T16:54:29z",0.17
"2024/02/24T16:56:09z",0.24
"2024/02/24T16:58:09z",0.05
"2024/02/24T17:00:09z",0
"2024/02/24T17:02:09z",0.14
"2024/02/24T17:04:09z",0.15
"2024/02/24T17:06:09z",0
"2024/02/24T17:08:09z",0
"2024/02/24T17:10:09z",0
"2024/02/24T17:12:09z",0
"2024/02/24T17:14:09z",0
"2024/02/24T17:15:50z",0.04
"2024/02/24T17:17:50z",0
"2024/02/24T17:19:50z",0
"2024/02/24T17:21:50z",0
"2024/02/24T17:23:50z",0
"2024/02/24T17:25:50z",0.12
"2024/02/24T17:27:50z",0.17
"2024/02/24T17:29:50z",0
"2024/02/24T17:31:50z",0
"2024/02/24T17:33:50z",0
"2024/02/24T17:35:30z",0
"2024/02/24T17:37:30z",0.33
"2024/02/24T17:39:30z",0.26
"2024/02/24T17:41:30z",0.39
"2024/02/24T17:43:30z",0.03
"2024/02/24T17:45:30z",0.02
"2024/02/24T17:47:30z",0.1
"2024/02/24T17:49:30z",0
"2024/02/24T17:51:30z",0.17
"2024/02/24T17:53:30z",0.03
"2024/02/24T17:55:10z",0.13
"2024/02/24T17:57:10z",0
"2024/02/24T17:59:10z",0
"2024/02/24T18:01:10z",0.17
"2024/02/24T18:03:10z",0
"2024/02/24T18:05:10z",0.32
"2024/02/24T18:07:10z",0.05
"2024/02/24T18:09:10z",0
"2024/02/24T18:11:10z",0
"2024/02/24T18:13:10z",0
"2024/02/24T18:14:51z",0
"2024/02/24T18:16:51z",0
"2024/02/24T18:18:51z",0
"2024/02/24T18:20:51z",0
"2024/02/24T18:22:51z",0
"2024/02/24T18:24:51z",0
"2024/02/24T18:26:51z",0
"2024/02/24T18:28:51z",0
"2024/02/24T18:30:51z",0
"2024/02/24T18:32:51z",0
"2024/02/24T18:34:32z",0
"2024/02/24T18:36:32z",0
"2024/02/24T18:38:32z",0
"2024/02/24T18:40:32z",0
"2024/02/24T18:42:32z",0
"2024/02/24T18:44:32z",0
"2024/02/24T18:46:32z",0
"2024/02/24T18:48:32z",0
"2024/02/24T18:50:32z",0
"2024/02/24T18:52:32z",0
"2024/02/24T18:54:11z",0
"2024/02/24T18:56:11z",0
"2024/02/24T18:58:11z",0
"2024/02/24T19:00:11z",0
"2024/02/24T19:02:11z",0
"2024/02/24T19:04:11z",0
"2024/02/24T19:06:11z",0
"2024/02/24T19:08:11z",0
"2024/02/24T19:10:11z",0
"2024/02/24T19:12:11z",0
"2024/02/24T19:13:52z",0
"2024/02/24T19:15:52z",0
"2024/02/24T19:17:52z",0
"2024/02/24T19:19:52z",0.14
"2024/02/24T19:21:52z",0.46
"2024/02/24T19:23:52z",0
"2024/02/24T19:25:52z",0
"2024/02/24T19:27:52z",0
"2024/02/24T19:29:52z",0
"2024/02/24T19:31:52z",0
"2024/02/24T19:33:33z",0
"2024/02/24T19:35:33z",0.34
"2024/02/24T19:37:33z",0.16
"2024/02/24T19:39:33z",0
"2024/02/24T19:41:33z",0
"2024/02/24T19:43:33z",0
"2024/02/24T19:45:33z",0
"2024/02/24T19:47:33z",0
"2024/02/24T19:49:33z",0
"2024/02/24T19:51:33z",0.02
"2024/02/24T20:12:55z",0
"2024/02/24T20:14:55z",0
"2024/02/24T20:16:55z",0
"2024/02/24T20:18:55z",0
"2024/02/24T20:20:55z",0
"2024/02/24T20:22:55z",0
"2024/02/24T20:24:55z",0.44
"2024/02/24T20:26:55z",0.02
"2024/02/24T20:28:55z",0
"2024/02/24T20:30:55z",0
"2024/02/24T20:32:35z",0
"2024/02/24T20:34:35z",0
"2024/02/24T20:36:35z",0
"2024/02/24T20:38:35z",0.09
"2024/02/24T20:40:35z",0.14
"2024/02/24T20:42:35z",0
"2024/02/24T20:44:35z",0
"2024/02/24T20:46:35z",0
"2024/02/24T20:48:35z",0
"2024/02/24T20:50:35z",0.08
"2024/02/24T20:52:16z",0
"2024/02/24T20:54:16z",0
"2024/02/24T20:56:16z",0
"2024/02/24T20:58:16z",0
"2024/02/24T21:00:16z",0
"2024/02/24T21:02:16z",0
"2024/02/24T21:04:16z",0
"2024/02/24T21:06:16z",0
"2024/02/24T21:08:16z",0
"2024/02/24T21:10:16z",0
"2024/02/24T21:11:56z",0
"2024/02/24T21:13:56z",0
"2024/02/24T21:15:56z",0
"2024/02/24T21:17:56z",0
"2024/02/24T21:19:56z",0
"2024/02/24T21:21:56z",0
"2024/02/24T21:23:56z",0
"2024/02/24T21:25:56z",0
"2024/02/24T21:27:56z",0
"2024/02/24T21:29:56z",0
"2024/02/24T21:31:36z",0
"2024/02/24T21:33:36z",0
"2024/02/24T21:35:36z",0
"2024/02/24T21:37:36z",0.11
"2024/02/24T21:39:36z",0
"2024/02/24T21:41:36z",0
"2024/02/24T21:43:36z",0.02
"2024/02/24T21:45:36z",0
"2024/02/24T21:47:36z",0
"2024/02/24T21:49:36z",0
"2024/02/24T21:51:17z",0.09
"2024/02/24T21:53:17z",0.24
"2024/02/24T21:55:17z",0
"2024/02/24T21:57:17z",0.11
"2024/02/24T21:59:17z",0.03
"2024/02/24T22:01:17z",0.28
"2024/02/24T22:03:17z",0.4
"2024/02/24T22:05:17z",0.43
"2024/02/24T22:07:17z",0.26
"2024/02/24T22:09:17z",0.1
"2024/02/24T22:10:58z",0
"2024/02/24T22:12:58z",0.05
"2024/02/24T22:14:58z",0.26
"2024/02/24T22:16:58z",0.21
"2024/02/24T22:18:58z",0
"2024/02/24T22:20:58z",0.1
"2024/02/24T22:22:58z",0
"2024/02/24T22:24:58z",0.09
"2024/02/24T22:26:58z",0.03
"2024/02/24T22:28:58z",0.07
"2024/02/24T22:30:38z",0
"2024/02/24T22:32:38z",0.08
"2024/02/24T22:34:38z",0.12
"2024/02/24T22:36:38z",0
"2024/02/24T22:38:38z",0
"2024/02/24T22:40:38z",0.08
"2024/02/24T22:42:38z",0.08
"2024/02/24T22:44:38z",0.2
"2024/02/24T22:46:38z",0.14
"2024/02/24T22:48:38z",0
"2024/02/24T22:50:19z",0
"2024/02/24T22:52:19z",0
"2024/02/24T22:54:19z",0
"2024/02/24T22:56:19z",0
"2024/02/24T22:58:19z",0
"2024/02/24T23:00:19z",0
"2024/02/24T23:02:19z",0
"2024/02/24T23:04:19z",0
"2024/02/24T23:06:19z",0
"2024/02/24T23:08:19z",0
"2024/02/24T23:10:00z",0
"2024/02/24T23:12:00z",0
"2024/02/24T23:14:00z",0.16
"2024/02/24T23:16:00z",0.21
"2024/02/24T23:18:00z",0.29
"2024/02/24T23:20:00z",0.29
"2024/02/24T23:22:00z",0.61
"2024/02/24T23:24:00z",0.09
"2024/02/24T23:26:00z",0.27
"2024/02/24T23:28:00z",0.39
"2024/02/24T23:29:40z",0.16
"2024/02/24T23:31:40z",0.19
"2024/02/24T23:33:40z",0
"2024/02/24T23:35:40z",0.25
"2024/02/24T23:37:40z",0.23
"2024/02/24T23:39:40z",0.37
"2024/02/24T23:41:40z",0.34
"2024/02/24T23:43:40z",0
"2024/02/24T23:45:40z",0.12
"2024/02/24T23:47:40z",0.43
"2024/02/24T23:49:21z",0.29
"2024/02/24T23:51:21z",0
"2024/02/24T23:53:21z",0.26
"2024/02/24T23:55:21z",0.59
"2024/02/24T23:57:21z",0.53
"2024/02/24T23:59:21z",0.54
"2024/02/25T00:01:21z",0.2
"2024/02/25T00:03:21z",0.2
"2024/02/25T00:05:21z",0.7
"2024/02/25T00:07:21z",0.43
"2024/02/25T00:09:02z",0.53
"2024/02/25T00:11:02z",0.12
"2024/02/25T00:13:02z",0.52
"2024/02/25T00:15:02z",0.35
"2024/02/25T00:17:02z",0.1
"2024/02/25T00:19:02z",0
"2024/02/25T00:21:02z",0.25
"2024/02/25T00:23:02z",0.58
"2024/02/25T00:25:02z",0.18
"2024/02/25T00:27:02z",0.37
"2024/02/25T00:28:43z",0.44
"2024/02/25T00:30:43z",0.28
"2024/02/25T00:32:43z",0.67
"2024/02/25T00:34:43z",0.35
"2024/02/25T00:36:43z",0.07
"2024/02/25T00:38:43z",0.34
"2024/02/25T00:40:43z",0.6
"2024/02/25T00:42:43z",0.34
"2024/02/25T00:44:43z",0.19
"2024/02/25T00:46:43z",0.37
"2024/02/25T00:48:24z",0.6
"2024/02/25T00:50:24z",0.59
"2024/02/25T00:52:24z",0.54
"2024/02/25T00:54:24z",0.6
"2024/02/25T00:56:24z",0.48
"2024/02/25T00:58:24z",0.88
"2024/02/25T01:00:24z",1.07
"2024/02/25T01:02:23z",1.21
"2024/02/25T01:04:23z",1.61
"2024/02/25T01:06:23z",1.46
"2024/02/25T01:08:04z",1.42
"2024/02/25T01:10:04z",0.9
"2024/02/25T01:12:04z",0.89
"2024/02/25T01:14:04z",0.93
"2024/02/25T01:16:04z",1.26
"2024/02/25T01:18:04z",2.17
"2024/02/25T01:20:04z",4.18
"2024/02/25T01:22:04z",3.23
"2024/02/25T01:24:04z",2.47
"2024/02/25T01:26:04z",2.71
"2024/02/25T01:27:45z",2.44
"2024/02/25T01:29:45z",2.47
"2024/02/25T01:31:45z",2.5
"2024/02/25T01:33:45z",2.27
"2024/02/25T01:35:45z",2.07
"2024/02/25T01:37:45z",2.39
"2024/02/25T01:39:45z",3.24
"2024/02/25T01:41:45z",7.23
"2024/02/25T01:43:45z",7.56
"2024/02/25T01:45:45z",5.8
"2024/02/25T01:47:26z",6.6
"2024/02/25T01:49:25z",5.76
"2024/02/25T01:51:25z",6.4
"2024/02/25T01:53:25z",6.4
"2024/02/25T01:55:25z",6.28
"2024/02/25T01:57:25z",6.2
"2024/02/25T01:59:25z",6.47
"2024/02/25T02:01:25z",7.46
"2024/02/25T02:03:25z",9.7
"2024/02/25T02:05:25z",6.79
"2024/02/25T02:07:06z",4.51
"2024/02/25T02:09:06z",4.75
"2024/02/25T02:11:06z",4.49
"2024/02/25T02:13:06z",3.76
"2024/02/25T02:15:06z",3.37
"2024/02/25T02:17:06z",2.88
"2024/02/25T02:19:06z",3.32
"2024/02/25T02:21:06z",2.14
"2024/02/25T02:23:06z",3.05
"2024/02/25T02:25:06z",2.81
"2024/02/25T02:26:47z",3.24
"2024/02/25T02:28:47z",2.78
"2024/02/25T02:30:47z",3.02
"2024/02/25T02:32:47z",2.29
"2024/02/25T02:34:47z",1.42
"2024/02/25T02:36:47z",1.56
"2024/02/25T02:38:47z",3.26
"2024/02/25T02:40:47z",2.75
"2024/02/25T02:42:47z",2.16
"2024/02/25T02:44:47z",3.52
"2024/02/25T02:46:27z",2.84
"2024/02/25T02:48:27z",3.58
"2024/02/25T02:50:27z",4.28
"2024/02/25T02:52:27z",4.04
"2024/02/25T02:54:27z",3.82
"2024/02/25T02:56:27z",4.29
"2024/02/25T02:58:27z",4.49
"2024/02/25T03:00:27z",3.93
"2024/02/25T03:02:27z",5.83
"2024/02/25T03:04:27z",4.28
"2024/02/25T03:06:08z",3.69
"2024/02/25T03:08:08z",2.93
"2024/02/25T03:10:08z",3.32
"2024/02/25T03:12:08z",3.77
"2024/02/25T03:14:08z",3.12
"2024/02/25T03:16:08z",3.28
"2024/02/25T03:18:08z",2.34
"2024/02/25T03:20:08z",2.42
"2024/02/25T03:22:08z",1.83
"2024/02/25T03:24:08z",1.78
"2024/02/25T03:25:48z",1.71
"2024/02/25T03:27:48z",1.86
"2024/02/25T03:29:48z",2.14
"2024/02/25T03:31:48z",1.75
"2024/02/25T03:33:48z",4.54
"2024/02/25T03:35:48z",4.92
"2024/02/25T03:37:48z",2.62
"2024/02/25T03:39:48z",3.18
"2024/02/25T03:41:48z",3.15
"2024/02/25T03:43:48z",3.63
"2024/02/25T03:45:29z",3.11
"2024/02/25T03:47:29z",3.53
"2024/02/25T03:49:29z",4
"2024/02/25T03:51:29z",3.27
"2024/02/25T03:53:29z",4.07
"2024/02/25T03:55:29z",4.73
"2024/02/25T03:57:29z",4.47
"2024/02/25T03:59:29z",4.3
"2024/02/25T04:01:29z",4.39
"2024/02/25T04:03:29z",6.29
"2024/02/25T04:05:10z",7.8
"2024/02/25T04:07:10z",7.35
"2024/02/25T04:09:10z",8.26
"2024/02/25T04:11:10z",9.09
"2024/02/25T04:13:10z",8.12
"2024/02/25T04:15:10z",8.15
"2024/02/25T04:17:10z",7.71
"2024/02/25T04:19:10z",6.78
"2024/02/25T04:21:10z",8.41
"2024/02/25T04:23:10z",8.93
"2024/02/25T04:24:51z",8.3
"2024/02/25T04:26:51z",7.72
"2024/02/25T04:28:51z",8.16
"2024/02/25T04:30:51z",8.75
"2024/02/25T04:32:51z",7.81
"2024/02/25T04:34:51z",8.9
"2024/02/25T04:36:51z",8.75
"2024/02/25T04:38:51z",7.16
"2024/02/25T04:40:51z",5.74
"2024/02/25T04:42:51z",8.55
"2024/02/25T04:44:32z",7
"2024/02/25T04:46:32z",7.13
"2024/02/25T04:48:32z",7.14
"2024/02/25T04:50:32z",5.21
"2024/02/25T04:52:32z",4.89
"2024/02/25T04:54:32z",3.54
"2024/02/25T04:56:32z",3.7
"2024/02/25T04:58:32z",2.46
"2024/02/25T05:00:32z",2.47
"2024/02/25T05:02:32z",2.32
"2024/02/25T05:04:12z",2.43
"2024/02/25T05:06:12z",1.97
"2024/02/25T05:08:12z",2.39
"2024/02/25T05:10:12z",2.63
"2024/02/25T05:12:12z",2.31
"2024/02/25T05:14:12z",2.44
"2024/02/25T05:16:12z",4.54
"2024/02/25T05:18:12z",3.96
"2024/02/25T05:20:12z",3.12
"2024/02/25T05:22:12z",2.17
"2024/02/25T05:23:53z",4.07
"2024/02/25T05:25:53z",3.62
"2024/02/25T05:27:53z",4.26
"2024/02/25T05:29:53z",3.32
"2024/02/25T05:31:53z",3.12
"2024/02/25T05:33:53z",3.12
"2024/02/25T05:35:53z",3.12
"2024/02/25T05:37:53z",2.96
"2024/02/25T05:39:53z",3.33
"2024/02/25T05:41:53z",2.65
"2024/02/25T05:43:33z",1.73
"2024/02/25T05:45:33z",2.8
"2024/02/25T05:47:33z",2.43
"2024/02/25T05:49:33z",2.23
"2024/02/25T05:51:33z",3.1
"2024/02/25T05:53:33z",4.28
"2024/02/25T05:55:33z",3.19
"2024/02/25T05:57:33z",3.25
"2024/02/25T05:59:33z",2.05
"2024/02/25T06:01:33z",3.38
"2024/02/25T06:03:14z",3.71
"2024/02/25T06:05:14z",2.51
"2024/02/25T06:07:14z",1.78
"2024/02/25T06:09:14z",2.18
"2024/02/25T06:11:14z",1.88
"2024/02/25T06:13:14z",2.14
"2024/02/25T06:15:14z",1.79
"2024/02/25T06:17:14z",1.75
"2024/02/25T06:19:14z",2.21
"2024/02/25T06:21:14z",3.05
"2024/02/25T06:22:54z",3.09
"2024/02/25T06:24:54z",2.39
"2024/02/25T06:26:54z",1.7
"2024/02/25T06:28:54z",1.5
"2024/02/25T06:30:54z",1.6
"2024/02/25T06:32:54z",1.27
"2024/02/25T06:34:54z",1.33
"2024/02/25T06:36:54z",1.07
"2024/02/25T06:38:54z",0.97
"2024/02/25T06:40:54z",1.25
"2024/02/25T06:42:35z",1.37
"2024/02/25T06:44:35z",0.78
"2024/02/25T06:46:35z",0.72
"2024/02/25T06:48:35z",1.26
"2024/02/25T06:50:35z",0.6
"2024/02/25T06:52:35z",0.97
"2024/02/25T06:54:35z",2.43
"2024/02/25T06:56:35z",3.82
"2024/02/25T06:58:35z",3.31
"2024/02/25T07:00:35z",2.38
"2024/02/25T07:02:15z",2.54
"2024/02/25T07:04:15z",2.27
"2024/02/25T07:06:15z",1.62
"2024/02/25T07:08:15z",1.56
"2024/02/25T07:10:15z",1.28
"2024/02/25T07:12:15z",1.34
"2024/02/25T07:14:15z",1.14
"2024/02/25T07:16:15z",1.07
"2024/02/25T07:18:15z",2.88
"2024/02/25T07:20:15z",1.67
"2024/02/25T07:21:56z",3.13
"2024/02/25T07:23:56z",8.67
"2024/02/25T07:25:56z",11.96
"2024/02/25T07:27:56z",11.58
"2024/02/25T07:29:56z",21.26
"2024/02/25T07:31:56z",18.27
"2024/02/25T07:33:56z",10.95
"2024/02/25T07:35:56z",8.49
"2024/02/25T07:37:56z",4.9
"2024/02/25T07:39:56z",3.63
"2024/02/25T07:41:37z",2.96
"2024/02/25T07:43:37z",1.73
"2024/02/25T07:45:37z",1.23
"2024/02/25T07:47:37z",1.84
"2024/02/25T07:49:37z",1.69
"2024/02/25T07:51:37z",2.08
"2024/02/25T07:53:37z",2.2
"2024/02/25T07:55:37z",2.02
"2024/02/25T07:57:37z",1.27
"2024/02/25T07:59:37z",1.76
"2024/02/25T08:01:17z",3.09
"2024/02/25T08:03:17z",1.72
"2024/02/25T08:05:17z",1.29
"2024/02/25T08:07:17z",1.16
"2024/02/25T08:09:17z",1.22
"2024/02/25T08:11:17z",1.92
"2024/02/25T08:13:17z",1.81
"2024/02/25T08:15:17z",0.84
"2024/02/25T08:17:17z",0.9
"2024/02/25T08:19:17z",1.03
"2024/02/25T08:20:58z",1.64
"2024/02/25T08:22:58z",0.92
"2024/02/25T08:24:58z",0.93
"2024/02/25T08:26:58z",0.65
"2024/02/25T08:28:58z",0.49
"2024/02/25T08:30:58z",0.95
"2024/02/25T08:32:58z",1.04
"2024/02/25T08:34:58z",1.23
"2024/02/25T08:36:58z",0.71
"2024/02/25T08:38:58z",0.61
"2024/02/25T08:40:39z",1.09
"2024/02/25T08:42:39z",0.68
"2024/02/25T08:44:39z",0.84
"2024/02/25T08:46:39z",0.96
"2024/02/25T08:48:39z",0.69
"2024/02/25T08:50:39z",0.73
"2024/02/25T08:52:39z",0.6
"2024/02/25T08:54:39z",1.28
"2024/02/25T08:56:39z",0.91
"2024/02/25T08:58:39z",1.2
"2024/02/25T09:00:19z",0.91
"2024/02/25T09:02:19z",1.22
"2024/02/25T09:04:19z",0.89
"2024/02/25T09:06:19z",1.39
"2024/02/25T09:08:19z",1.36
"2024/02/25T09:10:19z",0.69
"2024/02/25T09:12:19z",1.52
"2024/02/25T09:14:19z",1.65
"2024/02/25T09:16:19z",0.86
"2024/02/25T09:18:19z",1.05
"2024/02/25T09:20:00z",1.98
"2024/02/25T09:22:00z",1.33
"2024/02/25T09:24:00z",1.49
"2024/02/25T09:26:00z",1.89
"2024/02/25T09:28:00z",1.83
"2024/02/25T09:30:00z",0.9
"2024/02/25T09:32:00z",1.32
"2024/02/25T09:34:00z",1.57
"2024/02/25T09:36:00z",1.55
"2024/02/25T09:38:00z",1.52
"2024/02/25T09:39:40z",0.93
"2024/02/25T09:41:40z",1.59
"2024/02/25T09:43:40z",1.26
"2024/02/25T09:45:40z",1.38
"2024/02/25T09:47:40z",1.59
"2024/02/25T09:49:40z",1.31
"2024/02/25T09:51:40z",1.19
"2024/02/25T09:53:40z",1.16
"2024/02/25T09:55:40z",0.89
"2024/02/25T09:57:40z",1.66
"2024/02/25T09:59:21z",1.11
"2024/02/25T10:01:21z",1.16
"2024/02/25T10:03:21z",0.37
"2024/02/25T10:05:21z",1.04
"2024/02/25T10:07:21z",1.12
"2024/02/25T10:09:21z",0.6
"2024/02/25T10:11:21z",0.48
"2024/02/25T10:13:21z",1.27
"2024/02/25T10:15:21z",0.91
"2024/02/25T10:17:21z",1.55
"2024/02/25T10:19:01z",0.76
"2024/02/25T10:21:01z",0.76
"2024/02/25T10:23:01z",0.72
"2024/02/25T10:25:01z",0.77
"2024/02/25T10:27:01z",0.59
"2024/02/25T10:29:01z",0.45
"2024/02/25T10:31:01z",0.96
"2024/02/25T10:33:01z",0.18
"2024/02/25T10:35:01z",0.64
"2024/02/25T10:37:01z",0.87
"2024/02/25T10:38:41z",0.51
"2024/02/25T10:40:41z",0.39
"2024/02/25T10:42:41z",0.3
"2024/02/25T10:44:41z",0.38
"2024/02/25T10:46:41z",0.53
"2024/02/25T10:48:41z",0.53
"2024/02/25T10:50:41z",0.26
"2024/02/25T10:52:41z",0.43
"2024/02/25T10:54:41z",0.24
"2024/02/25T10:56:41z",0.31
"2024/02/25T10:58:22z",1.07
"2024/02/25T11:00:22z",0.78
"2024/02/25T11:02:22z",0.61
"2024/02/25T11:04:22z",0.67
"2024/02/25T11:06:22z",0.93
"2024/02/25T11:08:22z",0.55
"2024/02/25T11:10:22z",0.52
"2024/02/25T11:12:22z",0.62
"2024/02/25T11:14:22z",0.43
"2024/02/25T11:16:22z",0.33
"2024/02/25T11:18:02z",0.16
"2024/02/25T11:20:02z",1.03
"2024/02/25T11:22:02z",0.52
"2024/02/25T11:24:02z",0.6
"2024/02/25T11:26:02z",0.69
"2024/02/25T11:28:02z",0.2
"2024/02/25T11:30:02z",0.68
"2024/02/25T11:32:02z",0.89
"2024/02/25T11:34:02z",0.69
"2024/02/25T11:36:02z",1.37
"2024/02/25T11:37:42z",0.93
"2024/02/25T11:39:42z",0.63
"2024/02/25T11:41:42z",1.12
"2024/02/25T11:43:42z",1
"2024/02/25T11:45:42z",1.08
"2024/02/25T11:47:42z",0.98
"2024/02/25T11:49:42z",1.32
"2024/02/25T11:51:42z",1.47
"2024/02/25T11:53:42z",0.59
"2024/02/25T11:55:42z",0.91
"2024/02/25T11:57:23z",1
"2024/02/25T11:59:23z",0.79
"2024/02/25T12:01:23z",0.79
"2024/02/25T12:03:23z",0.84
"2024/02/25T12:05:23z",1.03
"2024/02/25T12:07:23z",0.8
"2024/02/25T12:09:23z",0.57
"2024/02/25T12:11:23z",0.61
"2024/02/25T12:13:23z",0.83
"2024/02/25T12:15:23z",1.03
"2024/02/25T12:17:03z",0.67
"2024/02/25T12:19:03z",0.77
"2024/02/25T12:21:03z",0.51
"2024/02/25T12:23:03z",0.57
"2024/02/25T12:25:03z",0.66
"2024/02/25T12:27:03z",1.14
"2024/02/25T12:29:03z",0.93
"2024/02/25T12:31:03z",0.73
"2024/02/25T12:33:03z",1.05
"2024/02/25T12:35:03z",0.67
"2024/02/25T12:36:43z",2.09
"2024/02/25T12:38:43z",33.79
"2024/02/25T12:40:43z",36
"2024/02/25T12:42:43z",1.75
"2024/02/25T12:44:43z",1.33
"2024/02/25T12:46:43z",1.17
"2024/02/25T12:48:43z",1.4
"2024/02/25T12:50:43z",1.61
"2024/02/25T12:52:43z",1.03
"2024/02/25T12:54:43z",0.64
"2024/02/25T12:56:24z",0.56
"2024/02/25T12:58:24z",1.63
"2024/02/25T13:00:24z",1.86
"2024/02/25T13:02:24z",1.34
"2024/02/25T13:04:24z",1.17
"2024/02/25T13:06:24z",1.27
"2024/02/25T13:08:24z",1.4
"2024/02/25T13:10:24z",1.4
"2024/02/25T13:12:24z",0.88
"2024/02/25T13:14:24z",1.52
"2024/02/25T13:16:04z",1.02
"2024/02/25T13:18:04z",0.98
"2024/02/25T13:20:04z",1.28
"2024/02/25T13:22:04z",1.23
"2024/02/25T13:24:04z",0.93
"2024/02/25T13:26:04z",0.46
"2024/02/25T13:28:04z",1.25
"2024/02/25T13:30:04z",2.04
"2024/02/25T13:32:04z",1.17
"2024/02/25T13:34:04z",1.66
"2024/02/25T13:35:45z",1.07
"2024/02/25T13:37:45z",1.48
"2024/02/25T13:39:45z",1.37
"2024/02/25T13:41:45z",1.38
"2024/02/25T13:43:45z",0.84
"2024/02/25T13:45:45z",1.07
"2024/02/25T13:47:45z",0.96
"2024/02/25T13:49:45z",0.65
"2024/02/25T13:51:45z",0.91
"2024/02/25T13:53:45z",1.1
"2024/02/25T13:55:25z",1.2
"2024/02/25T13:57:25z",1.1
"2024/02/25T13:59:25z",1.07
"2024/02/25T14:01:25z",0.86
"2024/02/25T14:03:25z",0.93
"2024/02/25T14:05:25z",1.02
"2024/02/25T14:07:25z",0.74
"2024/02/25T14:09:25z",1.04
"2024/02/25T14:11:25z",1.19
"2024/02/25T14:13:25z",1.28
"2024/02/25T14:15:06z",1.22
"2024/02/25T14:17:06z",2.53
"2024/02/25T14:19:06z",1.89
"2024/02/25T14:21:06z",2.32
"2024/02/25T14:23:06z",2.57
"2024/02/25T14:25:06z",1.9
"2024/02/25T14:27:06z",1.69
"2024/02/25T14:29:06z",1.45
"2024/02/25T14:31:06z",1.34
"2024/02/25T14:33:06z",1.78
"2024/02/25T14:34:46z",1.63
"2024/02/25T14:36:46z",1.83
"2024/02/25T14:38:46z",2.35
"2024/02/25T14:40:46z",2.49
"2024/02/25T14:42:46z",2.14
"2024/02/25T14:44:46z",2.27
"2024/02/25T14:46:46z",2.52
"2024/02/25T14:48:46z",2.93
"2024/02/25T14:50:46z",2.28
"2024/02/25T14:52:46z",3.42
"2024/02/25T14:54:26z",3.09
"2024/02/25T14:56:26z",4.2
"2024/02/25T14:58:26z",2.65
"2024/02/25T15:00:26z",3.02
"2024/02/25T15:02:26z",2.97
"2024/02/25T15:04:26z",3.19
"2024/02/25T15:06:26z",2.63
"2024/02/25T15:08:26z",2.45
"2024/02/25T15:10:26z",3.1
"2024/02/25T15:12:26z",2.56
"2024/02/25T15:14:07z",2.22
"2024/02/25T15:16:07z",2.29
"2024/02/25T15:18:07z",2.39
"2024/02/25T15:20:07z",2.39
"2024/02/25T15:22:07z",1.52
"2024/02/25T15:24:07z",2.24
"2024/02/25T15:26:07z",2.19
"2024/02/25T15:28:07z",1.85
"2024/02/25T15:30:07z",1.41
"2024/02/25T15:32:07z",1.45
"2024/02/25T15:33:47z",1.39
"2024/02/25T15:35:47z",0.95
"2024/02/25T15:37:47z",1.03
"2024/02/25T15:39:47z",0.82
"2024/02/25T15:41:47z",1.31
"2024/02/25T15:43:47z",0.68
"2024/02/25T15:45:47z",0.5
"2024/02/25T15:47:47z",1
"2024/02/25T15:49:47z",0.69
"2024/02/25T15:51:47z",0.6
"2024/02/25T15:53:28z",3.04
"2024/02/25T15:55:28z",1.2
"2024/02/25T15:57:28z",0.68
"2024/02/25T15:59:28z",1.02
"2024/02/25T16:01:28z",0.52
"2024/02/25T16:03:28z",0.86
"2024/02/25T16:05:28z",1.17
"2024/02/25T16:07:28z",0.67
"2024/02/25T16:09:28z",1.36
"2024/02/25T16:11:28z",0.95
"2024/02/25T16:13:08z",0.69
"2024/02/25T16:15:08z",1.12
"2024/02/25T16:17:08z",0.51
"2024/02/25T16:19:08z",0.89
"2024/02/25T16:21:08z",0.93
"2024/02/25T16:23:08z",1.15
"2024/02/25T16:25:08z",1.14
"2024/02/25T16:27:08z",1.34
"2024/02/25T16:29:08z",1.61
"2024/02/25T16:31:08z",1.12
"2024/02/25T16:32:49z",1.53
"2024/02/25T16:34:49z",1.31
"2024/02/25T16:36:49z",1.26
"2024/02/25T16:38:49z",0.44
"2024/02/25T16:40:49z",0.59
"2024/02/25T16:42:49z",0.97
"2024/02/25T16:44:49z",0.91
"2024/02/25T16:46:49z",0.73
"2024/02/25T16:48:49z",0.21
"2024/02/25T16:50:49z",0.54
"2024/02/25T16:52:29z",0.41
"2024/02/25T16:54:29z",0.02
"2024/02/25T16:56:29z",0
"2024/02/25T16:58:29z",0.09
"2024/02/25T17:00:29z",0
"2024/02/25T17:02:29z",0.05
"2024/02/25T17:04:29z",0
"2024/02/25T17:06:29z",0
"2024/02/25T17:08:29z",0.02
"2024/02/25T17:10:29z",0
"2024/02/25T17:12:10z",0.02
"2024/02/25T17:14:10z",0
"2024/02/25T17:16:10z",0.07
"2024/02/25T17:18:10z",0
"2024/02/25T17:20:10z",0
"2024/02/25T17:22:10z",0
"2024/02/25T17:24:10z",0
"2024/02/25T17:26:10z",0
"2024/02/25T17:28:10z",0
"2024/02/25T17:30:10z",0
"2024/02/25T17:31:51z",0
"2024/02/25T17:33:51z",0
"2024/02/25T17:35:51z",0
"2024/02/25T17:37:51z",0
"2024/02/25T17:39:51z",0
"2024/02/25T17:41:51z",0
"2024/02/25T17:43:51z",0
"2024/02/25T17:45:51z",0
"2024/02/25T17:47:51z",0
"2024/02/25T17:49:51z",0
"2024/02/25T17:51:31z",0
"2024/02/25T17:53:31z",0
"2024/02/25T17:55:31z",0
"2024/02/25T17:57:31z",0
"2024/02/25T17:59:31z",0
"2024/02/25T18:01:31z",0
"2024/02/25T18:03:31z",0
"2024/02/25T18:05:31z",0
"2024/02/25T18:07:31z",0
"2024/02/25T18:09:31z",0
"2024/02/25T18:11:12z",0
"2024/02/25T18:13:12z",0
"2024/02/25T18:15:12z",0
"2024/02/25T18:17:12z",0
"2024/02/25T18:19:12z",0
"2024/02/25T18:21:12z",0
"2024/02/25T18:23:12z",0
"2024/02/25T18:25:12z",0
"2024/02/25T18:27:12z",0
"2024/02/25T18:29:12z",0
"2024/02/25T18:30:52z",0
"2024/02/25T18:32:52z",0
"2024/02/25T18:34:52z",0
"2024/02/25T18:36:52z",0
"2024/02/25T18:38:52z",0
"2024/02/25T18:40:52z",0
"2024/02/25T18:42:52z",0
"2024/02/25T18:44:52z",0
"2024/02/25T18:46:52z",0
"2024/02/25T18:48:52z",0.03
"2024/02/25T18:50:33z",0
"2024/02/25T18:52:33z",0
"2024/02/25T18:54:33z",0
"2024/02/25T18:56:33z",0
"2024/02/25T18:58:33z",0
"2024/02/25T19:00:33z",0
"2024/02/25T19:02:33z",0
"2024/02/25T19:04:33z",0
"2024/02/25T19:06:33z",0
"2024/02/25T19:08:33z",0
"2024/02/25T19:10:13z",0
"2024/02/25T19:12:13z",0
"2024/02/25T19:14:13z",0
"2024/02/25T19:16:13z",0
"2024/02/25T19:18:13z",0
"2024/02/25T19:20:13z",0
"2024/02/25T19:22:13z",0
"2024/02/25T19:24:13z",0
"2024/02/25T19:26:13z",0
"2024/02/25T19:28:13z",0
"2024/02/25T19:29:54z",0
"2024/02/25T19:31:54z",0
"2024/02/25T19:33:54z",0
"2024/02/25T19:35:54z",0
"2024/02/25T19:37:54z",0
"2024/02/25T19:39:54z",0
"2024/02/25T19:41:54z",0
"2024/02/25T19:43:54z",0
"2024/02/25T19:45:54z",0
"2024/02/25T19:47:54z",0
"2024/02/25T19:49:34z",0
"2024/02/25T19:51:34z",0
"2024/02/25T19:53:34z",0
"2024/02/25T19:55:34z",0
"2024/02/25T19:57:34z",0
"2024/02/25T19:59:34z",0
"2024/02/25T20:01:34z",0
"2024/02/25T20:03:34z",0
"2024/02/25T20:05:34z",0
"2024/02/25T20:07:34z",0
"2024/02/25T20:28:54z",0
"2024/02/25T20:30:54z",0
"2024/02/25T20:32:54z",0
"2024/02/25T20:34:54z",0
"2024/02/25T20:36:54z",0
"2024/02/25T20:38:54z",0
"2024/02/25T20:40:54z",0
"2024/02/25T20:42:54z",0
"2024/02/25T20:44:54z",0
"2024/02/25T20:46:54z",0
"2024/02/25T20:48:35z",0
"2024/02/25T20:50:35z",0
"2024/02/25T20:52:35z",0
"2024/02/25T20:54:35z",0
"2024/02/25T20:56:35z",0
"2024/02/25T20:58:35z",0
"2024/02/25T21:00:35z",0
"2024/02/25T21:02:35z",0
"2024/02/25T21:04:35z",0
"2024/02/25T21:06:35z",0
"2024/02/25T21:08:17z",0
"2024/02/25T21:10:17z",0
"2024/02/25T21:12:17z",0
"2024/02/25T21:14:17z",0
"2024/02/25T21:16:17z",0
"2024/02/25T21:18:17z",0
"2024/02/25T21:20:17z",0
"2024/02/25T21:22:17z",0
"2024/02/25T21:24:17z",0
"2024/02/25T21:26:17z",0
"2024/02/25T21:27:57z",0
"2024/02/25T21:29:57z",0
"2024/02/25T21:31:57z",0
"2024/02/25T21:33:57z",0
"2024/02/25T21:35:57z",0
"2024/02/25T21:37:57z",0
"2024/02/25T21:39:57z",0
"2024/02/25T21:41:57z",0
"2024/02/25T21:43:57z",0
"2024/02/25T21:45:57z",0
"2024/02/25T21:47:38z",0
"2024/02/25T21:49:38z",0
"2024/02/25T21:51:38z",0
"2024/02/25T21:53:38z",0
"2024/02/25T21:55:38z",0
"2024/02/25T21:57:38z",0
"2024/02/25T21:59:38z",0
"2024/02/25T22:01:38z",0
"2024/02/25T22:03:38z",0
"2024/02/25T22:05:38z",0
"2024/02/25T22:07:19z",0
"2024/02/25T22:09:19z",0
"2024/02/25T22:11:19z",0
"2024/02/25T22:13:19z",0
"2024/02/25T22:15:19z",0
"2024/02/25T22:17:19z",0
"2024/02/25T22:19:19z",0
"2024/02/25T22:21:19z",0
"2024/02/25T22:23:19z",0
"2024/02/25T22:25:19z",0
"2024/02/25T22:26:59z",0
"2024/02/25T22:28:59z",0
"2024/02/25T22:30:59z",0
"2024/02/25T22:32:59z",0
"2024/02/25T22:34:59z",0
"2024/02/25T22:36:59z",0
"2024/02/25T22:38:59z",0
"2024/02/25T22:40:59z",0
"2024/02/25T22:42:59z",0
"2024/02/25T22:44:59z",0
"2024/02/25T22:46:40z",0
"2024/02/25T22:48:40z",0
"2024/02/25T22:50:40z",0
"2024/02/25T22:52:40z",0
"2024/02/25T22:54:40z",0
"2024/02/25T22:56:40z",0
"2024/02/25T22:58:40z",0
"2024/02/25T23:00:40z",0
"2024/02/25T23:02:40z",0
"2024/02/25T23:04:40z",0.05
"2024/02/25T23:06:21z",0
"2024/02/25T23:08:21z",0
"2024/02/25T23:10:21z",0
"2024/02/25T23:12:21z",0
"2024/02/25T23:14:21z",0
"2024/02/25T23:16:21z",0
"2024/02/25T23:18:21z",0
"2024/02/25T23:20:21z",0
"2024/02/25T23:22:21z",0
"2024/02/25T23:24:21z",0
"2024/02/25T23:26:02z",0
"2024/02/25T23:28:02z",0
"2024/02/25T23:30:02z",0
"2024/02/25T23:32:02z",0
"2024/02/25T23:34:02z",0
"2024/02/25T23:36:02z",0
"2024/02/25T23:38:02z",0
"2024/02/25T23:40:02z",0
"2024/02/25T23:42:02z",0
"2024/02/25T23:44:02z",0
"2024/02/25T23:45:43z",0
"2024/02/25T23:47:43z",0
"2024/02/25T23:49:43z",0
"2024/02/25T23:51:43z",0
"2024/02/25T23:53:43z",0
"2024/02/25T23:55:43z",0
"2024/02/25T23:57:43z",0
"2024/02/25T23:59:43z",0
"2024/02/26T00:01:43z",0
"2024/02/26T00:03:43z",0
"2024/02/26T00:05:24z",0.17
"2024/02/26T00:07:24z",0
"2024/02/26T00:09:24z",0
"2024/02/26T00:11:24z",0
"2024/02/26T00:13:24z",0
"2024/02/26T00:15:24z",0
"2024/02/26T00:17:24z",0
"2024/02/26T00:19:24z",0
"2024/02/26T00:21:24z",0
"2024/02/26T00:23:24z",0.02
"2024/02/26T00:25:04z",0
"2024/02/26T00:27:04z",0
"2024/02/26T00:29:04z",0.07
"2024/02/26T00:31:04z",0
"2024/02/26T00:33:04z",0.17
"2024/02/26T00:35:04z",0
"2024/02/26T00:37:04z",0
"2024/02/26T00:39:04z",0
"2024/02/26T00:41:04z",0
"2024/02/26T00:43:04z",0
"2024/02/26T00:44:45z",0
"2024/02/26T00:46:45z",0.36
"2024/02/26T00:48:45z",0.25
"2024/02/26T00:50:45z",0
"2024/02/26T00:52:45z",0
"2024/02/26T00:54:45z",0
"2024/02/26T00:56:45z",0
"2024/02/26T00:58:45z",0
"2024/02/26T01:00:45z",0
"2024/02/26T01:02:45z",0.22
"2024/02/26T01:04:26z",0
"2024/02/26T01:06:26z",0
"2024/02/26T01:08:26z",0
"2024/02/26T01:10:26z",0
"2024/02/26T01:12:26z",0
"2024/02/26T01:14:26z",0.12
"2024/02/26T01:16:26z",0
"2024/02/26T01:18:26z",0
"2024/02/26T01:20:26z",0
"2024/02/26T01:22:26z",0
"2024/02/26T01:24:06z",0
"2024/02/26T01:26:06z",0
"2024/02/26T01:28:06z",0
"2024/02/26T01:30:06z",0
"2024/02/26T01:32:06z",0.05
"2024/02/26T01:34:06z",0.08
"2024/02/26T01:36:06z",0
"2024/02/26T01:38:06z",0
"2024/02/26T01:40:06z",0
"2024/02/26T01:42:06z",0
"2024/02/26T01:43:47z",0
"2024/02/26T01:45:47z",0
"2024/02/26T01:47:47z",0.26
"2024/02/26T01:49:47z",0
"2024/02/26T01:51:47z",0.02
"2024/02/26T01:53:47z",0
"2024/02/26T01:55:47z",0.08
"2024/02/26T01:57:47z",0.27
"2024/02/26T01:59:47z",0
"2024/02/26T02:01:47z",0
"2024/02/26T02:03:28z",0.72
"2024/02/26T02:05:28z",2.38
"2024/02/26T02:07:28z",1.09
"2024/02/26T02:09:28z",3.46
"2024/02/26T02:11:28z",9.49
"2024/02/26T02:13:28z",16.53
"2024/02/26T02:15:28z",11.8
"2024/02/26T02:17:28z",9.54
"2024/02/26T02:19:28z",5.31
"2024/02/26T02:21:28z",3.86
"2024/02/26T02:23:09z",1.91
"2024/02/26T02:25:09z",3.39
"2024/02/26T02:27:09z",2.12
"2024/02/26T02:29:09z",2.73
"2024/02/26T02:31:09z",7.91
"2024/02/26T02:33:09z",7.24
"2024/02/26T02:35:09z",7.69
"2024/02/26T02:37:09z",5.73
"2024/02/26T02:39:09z",2.53
"2024/02/26T02:41:09z",4.78
"2024/02/26T02:42:49z",2.67
"2024/02/26T02:44:49z",1.19
"2024/02/26T02:46:49z",2.18
"2024/02/26T02:48:49z",2.16
"2024/02/26T02:50:49z",0.41
"2024/02/26T02:52:49z",0.59
"2024/02/26T02:54:49z",1.41
"2024/02/26T02:56:49z",1.28
"2024/02/26T02:58:49z",2.36
"2024/02/26T03:00:49z",3.12
"2024/02/26T03:02:30z",2.83
"2024/02/26T03:04:30z",2.43
"2024/02/26T03:06:30z",1.86
"2024/02/26T03:08:30z",1.98
"2024/02/26T03:10:30z",9.75
"2024/02/26T03:12:30z",9.71
"2024/02/26T03:14:30z",9
"2024/02/26T03:16:30z",3.73
"2024/02/26T03:18:30z",2.96
"2024/02/26T03:20:30z",1.08
"2024/02/26T03:22:11z",0.76
"2024/02/26T03:24:11z",1
"2024/02/26T03:26:11z",0.98
"2024/02/26T03:28:11z",0.32
"2024/02/26T03:30:11z",0.35
"2024/02/26T03:32:11z",0.44
"2024/02/26T03:34:11z",0.53
"2024/02/26T03:36:11z",0.11
"2024/02/26T03:38:11z",0.29
"2024/02/26T03:40:11z",0.25
"2024/02/26T03:41:51z",0.11
"2024/02/26T03:43:51z",0.19
"2024/02/26T03:45:51z",0.62
"2024/02/26T03:47:51z",0.21
"2024/02/26T03:49:51z",0.17
"2024/02/26T03:51:51z",0
"2024/02/26T03:53:51z",0.32
"2024/02/26T03:55:51z",2.38
"2024/02/26T03:57:51z",5.53
"2024/02/26T03:59:51z",6.12
"2024/02/26T04:01:32z",9.11
"2024/02/26T04:03:32z",10.14
"2024/02/26T04:05:32z",2
"2024/02/26T04:07:32z",1.19
"2024/02/26T04:09:32z",1.26
"2024/02/26T04:11:32z",0.68
"2024/02/26T04:13:32z",0.57
"2024/02/26T04:15:32z",0.24
"2024/02/26T04:17:32z",0.02
"2024/02/26T04:19:32z",0.24
"2024/02/26T04:21:13z",0.67
"2024/02/26T04:23:13z",0.93
"2024/02/26T04:25:13z",1.81
"2024/02/26T04:27:13z",1.59
"2024/02/26T04:29:13z",0.95
"2024/02/26T04:31:13z",0.41
"2024/02/26T04:33:13z",0.1
"2024/02/26T04:35:13z",0.46
"2024/02/26T04:37:13z",0
"2024/02/26T04:39:13z",0
"2024/02/26T04:40:53z",0
"2024/02/26T04:42:53z",0
"2024/02/26T04:44:53z",0
"2024/02/26T04:46:53z",0.26
"2024/02/26T04:48:53z",1.69
"2024/02/26T04:50:53z",2.91
"2024/02/26T04:52:53z",4.33
"2024/02/26T04:54:53z",4.35
"2024/02/26T04:56:53z",4
"2024/02/26T04:58:53z",4.22
"2024/02/26T05:00:34z",4.02
"2024/02/26T05:02:34z",4.52
"2024/02/26T05:04:33z",4.07
"2024/02/26T05:06:33z",3.73
"2024/02/26T05:08:33z",4.07
"2024/02/26T05:10:33z",3.22
"2024/02/26T05:12:33z",2.53
"2024/02/26T05:14:33z",2.96
"2024/02/26T05:16:33z",2
"2024/02/26T05:18:33z",1.41
"2024/02/26T05:20:14z",1.17
"2024/02/26T05:22:14z",0.78
"2024/02/26T05:24:14z",1.02
"2024/02/26T05:26:14z",1.38
"2024/02/26T05:28:14z",0.98
"2024/02/26T05:30:14z",1.33
"2024/02/26T05:32:14z",0.98
"2024/02/26T05:34:14z",1.24
"2024/02/26T05:36:14z",0.81
"2024/02/26T05:38:14z",2
"2024/02/26T05:39:55z",1.7
"2024/02/26T05:41:55z",2.05
"2024/02/26T05:43:55z",2.66
"2024/02/26T05:45:55z",2.41
"2024/02/26T05:47:55z",2.64
"2024/02/26T05:49:55z",2.66
"2024/02/26T05:51:55z",2.46
"2024/02/26T05:53:55z",2.65
"2024/02/26T05:55:55z",2.28
"2024/02/26T05:57:55z",1.57
"2024/02/26T05:59:35z",2.24
"2024/02/26T06:01:35z",1.93
"2024/02/26T06:03:35z",1.21
"2024/02/26T06:05:35z",1.73
"2024/02/26T06:07:35z",2.2
"2024/02/26T06:09:35z",2.59
"2024/02/26T06:11:35z",1.42
"2024/02/26T06:13:35z",1.16
"2024/02/26T06:15:35z",0.93
"2024/02/26T06:17:35z",1.32
"2024/02/26T06:19:16z",1.16
"2024/02/26T06:21:16z",1.47
"2024/02/26T06:23:16z",1.12
"2024/02/26T06:25:16z",1.09
"2024/02/26T06:27:16z",2.32
"2024/02/26T06:29:16z",1.24
"2024/02/26T06:31:16z",1.43
"2024/02/26T06:33:16z",1.05
"2024/02/26T06:35:16z",1.63
"2024/02/26T06:37:16z",1.37
"2024/02/26T06:38:56z",1
"2024/02/26T06:40:56z",0.71
"2024/02/26T06:42:56z",0.86
"2024/02/26T06:44:56z",0.84
"2024/02/26T06:46:56z",0.95
"2024/02/26T06:48:56z",0.45
"2024/02/26T06:50:56z",0.46
"2024/02/26T06:52:56z",0.95
"2024/02/26T06:54:56z",0.62
"2024/02/26T06:56:56z",0.63
"2024/02/26T06:58:37z",0.67
"2024/02/26T07:00:37z",0.98
"2024/02/26T07:02:37z",1.14
"2024/02/26T07:04:37z",0.4
"2024/02/26T07:06:37z",0.41
"2024/02/26T07:08:37z",3.46
"2024/02/26T07:10:37z",6.33
"2024/02/26T07:12:37z",4.51
"2024/02/26T07:14:37z",4.78
"2024/02/26T07:16:37z",5.25
"2024/02/26T07:18:18z",7.18
"2024/02/26T07:20:18z",4.97
"2024/02/26T07:22:18z",5.95
"2024/02/26T07:24:18z",2.11
"2024/02/26T07:26:18z",0.9
"2024/02/26T07:28:18z",0.32
"2024/02/26T07:30:18z",0.46
"2024/02/26T07:32:18z",6.3
"2024/02/26T07:34:18z",13.18
"2024/02/26T07:36:18z",15.49
"2024/02/26T07:37:59z",12.02
"2024/02/26T07:39:59z",7.8
"2024/02/26T07:41:59z",6.8
"2024/02/26T07:43:59z",4.84
"2024/02/26T07:45:59z",4.24
"2024/02/26T07:47:59z",3.31
"2024/02/26T07:49:59z",4.07
"2024/02/26T07:51:59z",4.8
"2024/02/26T07:53:59z",2.19
"2024/02/26T07:55:59z",0.86
"2024/02/26T07:57:39z",1.11
"2024/02/26T07:59:39z",1.15
"2024/02/26T08:01:39z",0.98
"2024/02/26T08:03:39z",0.7
"2024/02/26T08:05:39z",0.64
"2024/02/26T08:07:39z",1.05
"2024/02/26T08:09:39z",1.61
"2024/02/26T08:11:39z",0.68
"2024/02/26T08:13:39z",0.42
"2024/02/26T08:15:39z",1.17
"2024/02/26T08:17:21z",0.69
"2024/02/26T08:19:21z",0.17
"2024/02/26T08:21:21z",0.32
"2024/02/26T08:23:21z",0.43
"2024/02/26T08:25:21z",0.14
"2024/02/26T08:27:21z",0
"2024/02/26T08:29:21z",0
"2024/02/26T08:31:21z",0.38
"2024/02/26T08:33:21z",0.09
"2024/02/26T08:35:21z",0.21
"2024/02/26T08:37:01z",0.2
"2024/02/26T08:39:01z",0.09
"2024/02/26T08:41:01z",0.07
"2024/02/26T08:43:01z",0.16
"2024/02/26T08:45:01z",0
"2024/02/26T08:47:01z",0.47
"2024/02/26T08:49:01z",0.09
"2024/02/26T08:51:01z",0.23
"2024/02/26T08:53:01z",0.43
"2024/02/26T08:55:01z",0.14
"2024/02/26T08:56:41z",0.56
"2024/02/26T08:58:41z",0.42
"2024/02/26T09:00:41z",0.31
"2024/02/26T09:02:41z",0.16
"2024/02/26T09:04:41z",0.36
"2024/02/26T09:06:41z",0.21
"2024/02/26T09:08:41z",0.37
"2024/02/26T09:10:41z",0.07
"2024/02/26T09:12:41z",0.26
"2024/02/26T09:14:41z",0.38
"2024/02/26T09:16:22z",0.22
"2024/02/26T09:18:22z",0
"2024/02/26T09:20:22z",0.04
"2024/02/26T09:22:22z",0
"2024/02/26T09:24:22z",0.05
"2024/02/26T09:26:22z",0.1
"2024/02/26T09:28:22z",0
"2024/02/26T09:30:22z",0
"2024/02/26T09:32:22z",0.07
"2024/02/26T09:34:22z",0.07
"2024/02/26T09:36:03z",0.17
"2024/02/26T09:38:03z",0.33
"2024/02/26T09:40:03z",0.29
"2024/02/26T09:42:03z",0.04
"2024/02/26T09:44:03z",0.08
"2024/02/26T09:46:03z",0
"2024/02/26T09:48:03z",0.14
"2024/02/26T09:50:03z",0
"2024/02/26T09:52:03z",0
"2024/02/26T09:54:03z",0.08
"2024/02/26T09:55:44z",0.65
"2024/02/26T09:57:44z",0
"2024/02/26T09:59:44z",0.05
"2024/02/26T10:01:44z",0
"2024/02/26T10:03:44z",0.02
"2024/02/26T10:05:44z",0
"2024/02/26T10:07:44z",0
"2024/02/26T10:09:44z",0
"2024/02/26T10:11:44z",0
"2024/02/26T10:13:44z",0.14
"2024/02/26T10:15:24z",0.48
"2024/02/26T10:17:24z",0.17
"2024/02/26T10:19:24z",0.11
"2024/02/26T10:21:24z",0
"2024/02/26T10:23:24z",0
"2024/02/26T10:25:24z",0
"2024/02/26T10:27:24z",0.02
"2024/02/26T10:29:24z",0
"2024/02/26T10:31:24z",0
"2024/02/26T10:33:24z",0.48
"2024/02/26T10:35:04z",0
"2024/02/26T10:37:04z",0.1
"2024/02/26T10:39:04z",0.07
"2024/02/26T10:41:04z",0
"2024/02/26T10:43:04z",0.14
"2024/02/26T10:45:04z",0.34
"2024/02/26T10:47:04z",0.88
"2024/02/26T10:49:04z",0.35
"2024/02/26T10:51:04z",0.4
"2024/02/26T10:53:04z",0.59
"2024/02/26T10:54:45z",0.07
"2024/02/26T10:56:45z",0.4
"2024/02/26T10:58:45z",0.23
"2024/02/26T11:00:45z",0.18
"2024/02/26T11:02:45z",0.03
"2024/02/26T11:04:45z",0.15
"2024/02/26T11:06:45z",0.28
"2024/02/26T11:08:45z",0.39
"2024/02/26T11:10:45z",0.34
"2024/02/26T11:12:45z",0.19
"2024/02/26T11:14:26z",0.09
"2024/02/26T11:16:26z",0.21
"2024/02/26T11:18:26z",0.32
"2024/02/26T11:20:26z",0.07
"2024/02/26T11:22:26z",0
"2024/02/26T11:24:26z",0.12
"2024/02/26T11:26:26z",0.26
"2024/02/26T11:28:26z",0.15
"2024/02/26T11:30:26z",0.05
"2024/02/26T11:32:26z",0.22
"2024/02/26T11:34:07z",0.29
"2024/02/26T11:36:07z",0.4
"2024/02/26T11:38:07z",0.09
"2024/02/26T11:40:07z",0
"2024/02/26T11:42:07z",0.03
"2024/02/26T11:44:07z",0.08
"2024/02/26T11:46:07z",0.25
"2024/02/26T11:48:07z",0
"2024/02/26T11:50:07z",0.18
"2024/02/26T11:52:07z",0.03
"2024/02/26T11:53:47z",0
"2024/02/26T11:55:47z",0
"2024/02/26T11:57:47z",0.23
"2024/02/26T11:59:47z",0.2
"2024/02/26T12:01:47z",0.59
"2024/02/26T12:03:47z",0.59
"2024/02/26T12:05:47z",0.31
"2024/02/26T12:07:47z",0.23
"2024/02/26T12:09:47z",0.35
"2024/02/26T12:11:47z",0.58
"2024/02/26T12:13:27z",0.8
"2024/02/26T12:15:27z",0.63
"2024/02/26T12:17:27z",0.54
"2024/02/26T12:19:27z",0.74
"2024/02/26T12:21:27z",2.03
"2024/02/26T12:23:27z",3.19
"2024/02/26T12:25:27z",8.1
"2024/02/26T12:27:27z",14.85
"2024/02/26T12:29:27z",11.31
"2024/02/26T12:31:27z",11.36
"2024/02/26T12:33:08z",9.71
"2024/02/26T12:35:08z",10.29
"2024/02/26T12:37:08z",7.27
"2024/02/26T12:39:08z",7.04
"2024/02/26T12:41:08z",8.32
"2024/02/26T12:43:08z",5.95
"2024/02/26T12:45:08z",6.36
"2024/02/26T12:47:08z",6.45
"2024/02/26T12:49:08z",5.1
"2024/02/26T12:51:08z",6.19
"2024/02/26T12:52:49z",5.22
"2024/02/26T12:54:49z",5.36
"2024/02/26T12:56:49z",4.31
"2024/02/26T12:58:49z",4.6
"2024/02/26T13:00:49z",2.6
"2024/02/26T13:02:49z",4.47
"2024/02/26T13:04:49z",4.05
"2024/02/26T13:06:49z",4.72
"2024/02/26T13:08:49z",3.03
"2024/02/26T13:10:49z",2.36
"2024/02/26T13:12:30z",1.87
"2024/02/26T13:14:30z",0.98
"2024/02/26T13:16:30z",0.74
"2024/02/26T13:18:30z",1.04
"2024/02/26T13:20:30z",0.55
"2024/02/26T13:22:30z",1.08
"2024/02/26T13:24:30z",0.68
"2024/02/26T13:26:30z",1.61
"2024/02/26T13:28:30z",1.86
"2024/02/26T13:30:30z",0.9
"2024/02/26T13:32:10z",0.87
"2024/02/26T13:34:10z",1.15
"2024/02/26T13:36:10z",1.32
"2024/02/26T13:38:10z",1.32
"2024/02/26T13:40:10z",0.54
"2024/02/26T13:42:10z",0.63
"2024/02/26T13:44:10z",0.67
"2024/02/26T13:46:10z",0.26
"2024/02/26T13:48:10z",0.57
"2024/02/26T13:50:10z",0.08
"2024/02/26T13:51:51z",0.38
"2024/02/26T13:53:51z",0.34
"2024/02/26T13:55:51z",0.14
"2024/02/26T13:57:51z",0.15
"2024/02/26T13:59:51z",0.22
"2024/02/26T14:01:51z",0.25
"2024/02/26T14:03:51z",0
"2024/02/26T14:05:51z",0.25
"2024/02/26T14:07:51z",0.24
"2024/02/26T14:09:51z",0
"2024/02/26T14:11:31z",0.11
"2024/02/26T14:13:31z",0.12
"2024/02/26T14:15:31z",0.28
"2024/02/26T14:17:31z",0.49
"2024/02/26T14:19:31z",0.81
"2024/02/26T14:21:31z",1.3
"2024/02/26T14:23:31z",0.93
"2024/02/26T14:25:31z",1.34
"2024/02/26T14:27:31z",2.04
"2024/02/26T14:29:31z",1.12
"2024/02/26T14:31:11z",1.83
"2024/02/26T14:33:11z",2.14
"2024/02/26T14:35:11z",2.29
"2024/02/26T14:37:11z",2.93
"2024/02/26T14:39:11z",3.32
"2024/02/26T14:41:11z",3.45
"2024/02/26T14:43:11z",2.63
"2024/02/26T14:45:11z",3.44
"2024/02/26T14:47:11z",3.49
"2024/02/26T14:49:11z",3.57
"2024/02/26T14:50:51z",2.11
"2024/02/26T14:52:51z",3.27
"2024/02/26T14:54:51z",1.88
"2024/02/26T14:56:51z",1.75
"2024/02/26T14:58:51z",1.18
"2024/02/26T15:00:51z",1.28
"2024/02/26T15:02:51z",1.71
"2024/02/26T15:04:51z",0.98
"2024/02/26T15:06:51z",0.66
"2024/02/26T15:08:51z",0.95
"2024/02/26T15:10:32z",0.7
"2024/02/26T15:12:32z",0.71
"2024/02/26T15:14:32z",1.93
"2024/02/26T15:16:32z",1.16
"2024/02/26T15:18:32z",1.12
"2024/02/26T15:20:32z",0.58
"2024/02/26T15:22:32z",1.11
"2024/02/26T15:24:32z",0.98
"2024/02/26T15:26:32z",0.31
"2024/02/26T15:28:32z",0.44
"2024/02/26T15:30:12z",0.38
"2024/02/26T15:32:12z",0.35
"2024/02/26T15:34:12z",0.12
"2024/02/26T15:36:12z",0.29
"2024/02/26T15:38:12z",0.02
"2024/02/26T15:40:12z",0.44
"2024/02/26T15:42:12z",0.29
"2024/02/26T15:44:12z",0.7
"2024/02/26T15:46:12z",0.6
"2024/02/26T15:48:12z",1.59
"2024/02/26T15:49:53z",1.27
"2024/02/26T15:51:53z",0.73
"2024/02/26T15:53:53z",0.05
"2024/02/26T15:55:53z",0.3
"2024/02/26T15:57:53z",0
"2024/02/26T15:59:53z",0.02
"2024/02/26T16:01:53z",0
"2024/02/26T16:03:53z",0
"2024/02/26T16:05:53z",0.02
"2024/02/26T16:07:53z",3.02
"2024/02/26T16:09:33z",6.09
"2024/02/26T16:11:33z",3.84
"2024/02/26T16:13:33z",4.33
"2024/02/26T16:15:33z",3.86
"2024/02/26T16:17:33z",1.7
"2024/02/26T16:19:33z",1.66
"2024/02/26T16:21:33z",1.66
"2024/02/26T16:23:33z",1.58
"2024/02/26T16:25:33z",1.81
"2024/02/26T16:27:33z",0.97
"2024/02/26T16:29:14z",0.96
"2024/02/26T16:31:14z",1.17
"2024/02/26T16:33:14z",1.02
"2024/02/26T16:35:14z",0.84
"2024/02/26T16:37:14z",1.17
"2024/02/26T16:39:14z",0.98
"2024/02/26T16:41:14z",1.96
"2024/02/26T16:43:14z",1.39
"2024/02/26T16:45:14z",0.71
"2024/02/26T16:47:14z",0.83
"2024/02/26T16:48:54z",0
"2024/02/26T16:50:54z",0.19
"2024/02/26T16:52:54z",0.05
"2024/02/26T16:54:54z",0.14
"2024/02/26T16:56:54z",0.55
"2024/02/26T16:58:54z",0
"2024/02/26T17:00:54z",0.51
"2024/02/26T17:02:54z",0.18
"2024/02/26T17:04:54z",0.16
"2024/02/26T17:06:54z",0
"2024/02/26T17:08:35z",0.29
"2024/02/26T17:10:35z",0.2
"2024/02/26T17:12:35z",0.02
"2024/02/26T17:14:35z",0.23
"2024/02/26T17:16:35z",0.03
"2024/02/26T17:18:35z",0
"2024/02/26T17:20:35z",0
"2024/02/26T17:22:35z",0
"2024/02/26T17:24:35z",0
"2024/02/26T17:26:35z",0
"2024/02/26T17:28:16z",0
"2024/02/26T17:30:16z",0
"2024/02/26T17:32:16z",0
"2024/02/26T17:34:16z",0
"2024/02/26T17:36:16z",0
"2024/02/26T17:38:16z",0
"2024/02/26T17:40:16z",0
"2024/02/26T17:42:16z",0
"2024/02/26T17:44:16z",0
"2024/02/26T17:46:16z",0
"2024/02/26T17:47:56z",0
"2024/02/26T17:49:56z",0
"2024/02/26T17:51:56z",0
"2024/02/26T17:53:56z",0
"2024/02/26T17:55:56z",0
"2024/02/26T17:57:56z",0
"2024/02/26T17:59:56z",0
"2024/02/26T18:01:56z",0
"2024/02/26T18:03:56z",0
"2024/02/26T18:05:56z",0
"2024/02/26T18:07:36z",0
"2024/02/26T18:09:36z",0
"2024/02/26T18:11:36z",0
"2024/02/26T18:13:36z",0.22
"2024/02/26T18:15:36z",0
"2024/02/26T18:17:36z",0
"2024/02/26T18:19:36z",0
"2024/02/26T18:21:36z",0
"2024/02/26T18:23:36z",0
"2024/02/26T18:25:36z",0
"2024/02/26T18:27:16z",0
"2024/02/26T18:29:16z",0
"2024/02/26T18:31:16z",0
"2024/02/26T18:33:16z",0
"2024/02/26T18:35:16z",0
"2024/02/26T18:37:16z",0
"2024/02/26T18:39:16z",0
"2024/02/26T18:41:16z",0
"2024/02/26T18:43:16z",0
"2024/02/26T18:45:16z",0
"2024/02/26T18:46:56z",0
"2024/02/26T18:48:56z",0
"2024/02/26T18:50:56z",0
"2024/02/26T18:52:56z",0
"2024/02/26T18:54:56z",0
"2024/02/26T18:56:56z",0
"2024/02/26T18:58:56z",0
"2024/02/26T19:00:56z",0
"2024/02/26T19:02:56z",0
"2024/02/26T19:04:56z",0
"2024/02/26T19:06:37z",0
"2024/02/26T19:08:37z",0
"2024/02/26T19:10:37z",0
"2024/02/26T19:12:37z",0
"2024/02/26T19:14:37z",0
"2024/02/26T19:16:37z",0
"2024/02/26T19:18:37z",0
"2024/02/26T19:20:37z",0
"2024/02/26T19:22:37z",0
"2024/02/26T19:24:37z",0
"2024/02/26T19:26:18z",0
"2024/02/26T19:28:18z",0
"2024/02/26T19:30:18z",0
"2024/02/26T19:32:18z",0
"2024/02/26T19:34:18z",0
"2024/02/26T19:36:18z",0
"2024/02/26T19:38:18z",0
"2024/02/26T19:40:18z",0
"2024/02/26T19:42:18z",0
"2024/02/26T19:44:18z",0
"2024/02/26T19:45:59z",0
"2024/02/26T19:47:59z",0
"2024/02/26T19:49:59z",0
"2024/02/26T19:51:59z",0
"2024/02/26T19:53:59z",0
"2024/02/26T19:55:59z",0
"2024/02/26T19:57:59z",0
"2024/02/26T19:59:59z",0
"2024/02/26T20:01:59z",0
"2024/02/26T20:03:59z",0
"2024/02/26T20:05:39z",0
"2024/02/26T20:07:39z",0
"2024/02/26T20:09:39z",0
"2024/02/26T20:11:39z",0
"2024/02/26T20:13:39z",0
"2024/02/26T20:15:39z",0
"2024/02/26T20:17:39z",0
"2024/02/26T20:19:39z",0
"2024/02/26T20:21:39z",0
"2024/02/26T20:23:39z",0.05
"2024/02/26T20:45:01z",0
"2024/02/26T20:47:01z",0
"2024/02/26T20:49:01z",0
"2024/02/26T20:51:01z",0
"2024/02/26T20:53:01z",0.08
"2024/02/26T20:55:01z",0.17
"2024/02/26T20:57:01z",0.17
"2024/02/26T20:59:01z",0.12
"2024/02/26T21:01:01z",0
"2024/02/26T21:03:01z",0.08
"2024/02/26T21:04:42z",0
"2024/02/26T21:06:42z",0.08
"2024/02/26T21:08:42z",0
"2024/02/26T21:10:42z",0.09
"2024/02/26T21:12:42z",0.02
"2024/02/26T21:14:42z",0
"2024/02/26T21:16:42z",0.47
"2024/02/26T21:18:42z",0
"2024/02/26T21:20:42z",0.12
"2024/02/26T21:22:42z",0
"2024/02/26T21:24:23z",0.18
"2024/02/26T21:26:23z",0.03
"2024/02/26T21:28:23z",0
"2024/02/26T21:30:23z",0
"2024/02/26T21:32:23z",0
"2024/02/26T21:34:23z",0
"2024/02/26T21:36:23z",0
"2024/02/26T21:38:23z",0
"2024/02/26T21:40:23z",0.07
"2024/02/26T21:42:23z",0.42
"2024/02/26T21:44:03z",0
"2024/02/26T21:46:03z",0
"2024/02/26T21:48:03z",0
"2024/02/26T21:50:03z",0
"2024/02/26T21:52:03z",0
"2024/02/26T21:54:03z",0
"2024/02/26T21:56:03z",0
"2024/02/26T21:58:03z",0
"2024/02/26T22:00:03z",0
"2024/02/26T22:02:03z",0.45
"2024/02/26T22:03:44z",0.09
"2024/02/26T22:05:44z",0.02
"2024/02/26T22:07:44z",0.18
"2024/02/26T22:09:44z",0
"2024/02/26T22:11:44z",0
"2024/02/26T22:13:44z",0.07
"2024/02/26T22:15:44z",0
"2024/02/26T22:17:44z",0
"2024/02/26T22:19:44z",0.05
"2024/02/26T22:21:44z",0.05
"2024/02/26T22:23:26z",0.11
"2024/02/26T22:25:26z",0
"2024/02/26T22:27:26z",0.12
"2024/02/26T22:29:26z",0.02
"2024/02/26T22:31:26z",0.26
"2024/02/26T22:33:26z",0
"2024/02/26T22:35:26z",0.17
"2024/02/26T22:37:26z",0.14
"2024/02/26T22:39:26z",0.25
"2024/02/26T22:41:26z",0.14
"2024/02/26T22:43:06z",0.69
"2024/02/26T22:45:06z",0.28
"2024/02/26T22:47:06z",0.19
"2024/02/26T22:49:06z",0.09
"2024/02/26T22:51:06z",0
"2024/02/26T22:53:06z",0.05
"2024/02/26T22:55:06z",0
"2024/02/26T22:57:06z",0.25
"2024/02/26T22:59:06z",1
"2024/02/26T23:01:06z",0
"2024/02/26T23:02:46z",0
"2024/02/26T23:04:46z",0.15
"2024/02/26T23:06:46z",0
"2024/02/26T23:08:46z",0
"2024/02/26T23:10:46z",0
"2024/02/26T23:12:46z",0.16
"2024/02/26T23:14:46z",0.02
"2024/02/26T23:16:46z",0.14
"2024/02/26T23:18:46z",0.12
"2024/02/26T23:20:46z",0
"2024/02/26T23:22:28z",0
"2024/02/26T23:24:28z",0
"2024/02/26T23:26:28z",0
"2024/02/26T23:28:28z",0
"2024/02/26T23:30:28z",0.15
"2024/02/26T23:32:28z",0
"2024/02/26T23:34:28z",0
"2024/02/26T23:36:28z",0
"2024/02/26T23:38:28z",0
"2024/02/26T23:40:28z",0
"2024/02/26T23:42:08z",0.02
"2024/02/26T23:44:08z",0
"2024/02/26T23:46:08z",0.07
"2024/02/26T23:48:08z",0
"2024/02/26T23:50:08z",0
"2024/02/26T23:52:08z",0
"2024/02/26T23:54:08z",0
"2024/02/26T23:56:08z",0
"2024/02/26T23:58:08z",0
"2024/02/27T00:00:08z",0.17
"2024/02/27T00:01:49z",0
"2024/02/27T00:03:49z",0
"2024/02/27T00:05:49z",0
"2024/02/27T00:07:49z",0
"2024/02/27T00:09:49z",0
"2024/02/27T00:11:49z",0
"2024/02/27T00:13:49z",0
"2024/02/27T00:15:49z",0
"2024/02/27T00:17:49z",0
"2024/02/27T00:19:49z",0
"2024/02/27T00:21:29z",0
"2024/02/27T00:23:29z",0
"2024/02/27T00:25:29z",0
"2024/02/27T00:27:29z",0
"2024/02/27T00:29:29z",0
"2024/02/27T00:31:29z",0
"2024/02/27T00:33:29z",0
"2024/02/27T00:35:29z",0
"2024/02/27T00:37:29z",0
"2024/02/27T00:39:29z",0
"2024/02/27T00:41:10z",0
"2024/02/27T00:43:10z",0
"2024/02/27T00:45:10z",0
"2024/02/27T00:47:10z",0
"2024/02/27T00:49:10z",0.14
"2024/02/27T00:51:10z",0.08
"2024/02/27T00:53:10z",0.12
"2024/02/27T00:55:10z",0.16
"2024/02/27T00:57:10z",0.07
"2024/02/27T00:59:10z",0.14
"2024/02/27T01:00:50z",0.24
"2024/02/27T01:02:50z",0
"2024/02/27T01:04:50z",0
"2024/02/27T01:06:50z",0
"2024/02/27T01:08:50z",0.03
"2024/02/27T01:10:50z",0.22
"2024/02/27T01:12:50z",0
"2024/02/27T01:14:50z",0
"2024/02/27T01:16:50z",0
"2024/02/27T01:18:50z",0.08
"2024/02/27T01:20:30z",0.22
"2024/02/27T01:22:30z",0.5
"2024/02/27T01:24:30z",0.44
"2024/02/27T01:26:30z",0.35
"2024/02/27T01:28:30z",0.24
"2024/02/27T01:30:30z",0.24
"2024/02/27T01:32:30z",0.2
"2024/02/27T01:34:30z",0.39
"2024/02/27T01:36:30z",0.45
"2024/02/27T01:38:30z",0.31
"2024/02/27T01:40:11z",0.42
"2024/02/27T01:42:11z",0.12
"2024/02/27T01:44:11z",0.23
"2024/02/27T01:46:11z",0.05
"2024/02/27T01:48:11z",0.26
"2024/02/27T01:50:11z",0.33
"2024/02/27T01:52:11z",0.45
"2024/02/27T01:54:11z",0.38
"2024/02/27T01:56:11z",0.4
"2024/02/27T01:58:11z",0.32
"2024/02/27T01:59:51z",0.4
"2024/02/27T02:01:51z",0.81
"2024/02/27T02:03:51z",0.35
"2024/02/27T02:05:51z",0.21
"2024/02/27T02:07:51z",0.08
"2024/02/27T02:09:51z",0.22
"2024/02/27T02:11:51z",0.14
"2024/02/27T02:13:51z",0.56
"2024/02/27T02:15:51z",0.51
"2024/02/27T02:17:51z",0.44
"2024/02/27T02:19:31z",0.58
"2024/02/27T02:21:31z",0.55
"2024/02/27T02:23:31z",1.2
"2024/02/27T02:25:31z",0.75
"2024/02/27T02:27:31z",0.88
"2024/02/27T02:29:31z",0.76
"2024/02/27T02:31:31z",0.9
"2024/02/27T02:33:31z",1.04
"2024/02/27T02:35:31z",1.07
"2024/02/27T02:37:31z",0.8
"2024/02/27T02:39:12z",0.73
"2024/02/27T02:41:12z",0.61
"2024/02/27T02:43:12z",0.16
"2024/02/27T02:45:12z",0.12
"2024/02/27T02:47:12z",0.9
"2024/02/27T02:49:12z",0.47
"2024/02/27T02:51:12z",2.25
"2024/02/27T02:53:12z",2.58
"2024/02/27T02:55:12z",1.78
"2024/02/27T02:57:12z",1.65
"2024/02/27T02:58:52z",0.89
"2024/02/27T03:00:52z",1.02
"2024/02/27T03:02:52z",1.07
"2024/02/27T03:04:52z",0.69
"2024/02/27T03:06:52z",0.76
"2024/02/27T03:08:52z",0.75
"2024/02/27T03:10:52z",1
"2024/02/27T03:12:52z",0.98
"2024/02/27T03:14:52z",1.34
"2024/02/27T03:16:52z",1.88
"2024/02/27T03:18:33z",2.09
"2024/02/27T03:20:33z",1.48
"2024/02/27T03:22:33z",1.21
"2024/02/27T03:24:33z",1.77
"2024/02/27T03:26:33z",2.36
"2024/02/27T03:28:33z",2.47
"2024/02/27T03:30:33z",3.41
"2024/02/27T03:32:33z",3.64
"2024/02/27T03:34:33z",3.66
"2024/02/27T03:36:33z",3.91
"2024/02/27T03:38:13z",3.84
"2024/02/27T03:40:13z",3.24
"2024/02/27T03:42:13z",6.23
"2024/02/27T03:44:13z",7.2
"2024/02/27T03:46:13z",8.31
"2024/02/27T03:48:13z",11.63
"2024/02/27T03:50:13z",9.19
"2024/02/27T03:52:13z",5.96
"2024/02/27T03:54:13z",5.46
"2024/02/27T03:56:13z",5.27
"2024/02/27T03:57:53z",5.33
"2024/02/27T03:59:53z",4.66
"2024/02/27T04:01:53z",4.65
"2024/02/27T04:03:53z",4.04
"2024/02/27T04:05:53z",4.07
"2024/02/27T04:07:53z",3.59
"2024/02/27T04:09:53z",3.49
"2024/02/27T04:11:53z",3.14
"2024/02/27T04:13:53z",3.39
"2024/02/27T04:15:53z",3
"2024/02/27T04:17:34z",3.53
"2024/02/27T04:19:34z",2.63
"2024/02/27T04:21:34z",1.93
"2024/02/27T04:23:34z",2.09
"2024/02/27T04:25:34z",1.98
"2024/02/27T04:27:34z",2.08
"2024/02/27T04:29:34z",2.14
"2024/02/27T04:31:34z",1.68
"2024/02/27T04:33:34z",2.05
"2024/02/27T04:35:34z",1.39
"2024/02/27T04:37:14z",1.04
"2024/02/27T04:39:14z",1.38
"2024/02/27T04:41:14z",1.65
"2024/02/27T04:43:14z",1.58
"2024/02/27T04:45:14z",1.39
"2024/02/27T04:47:14z",1.68
"2024/02/27T04:49:14z",1.61
"2024/02/27T04:51:14z",13.09
"2024/02/27T04:53:14z",13.1
"2024/02/27T04:55:14z",2.47
"2024/02/27T04:56:55z",1.39
"2024/02/27T04:58:55z",1.39
"2024/02/27T05:00:55z",3.11
"2024/02/27T05:02:55z",7.7
"2024/02/27T05:04:55z",17.59
"2024/02/27T05:06:55z",12
"2024/02/27T05:08:55z",11.69
"2024/02/27T05:10:55z",9.29
"2024/02/27T05:12:55z",9.71
"2024/02/27T05:14:55z",15.48
"2024/02/27T05:16:36z",17.53
"2024/02/27T05:18:36z",13.42
"2024/02/27T05:20:36z",4.39
"2024/02/27T05:22:36z",1.91
"2024/02/27T05:24:36z",1.66
"2024/02/27T05:26:36z",2.32
"2024/02/27T05:28:36z",0.92
"2024/02/27T05:30:36z",1.11
"2024/02/27T05:32:36z",1.19
"2024/02/27T05:34:36z",0.17
"2024/02/27T05:36:16z",0
"2024/02/27T05:38:16z",0.47
"2024/02/27T05:40:16z",0.54
"2024/02/27T05:42:16z",0.21
"2024/02/27T05:44:16z",0.68
"2024/02/27T05:46:16z",0.88
"2024/02/27T05:48:16z",1.03
"2024/02/27T05:50:16z",0.62
"2024/02/27T05:52:16z",1.43
"2024/02/27T05:54:16z",1.43
"2024/02/27T05:55:57z",0.56
"2024/02/27T05:57:57z",0.83
"2024/02/27T05:59:57z",0.38
"2024/02/27T06:01:57z",0.73
"2024/02/27T06:03:57z",0.8
"2024/02/27T06:05:57z",0.32
"2024/02/27T06:07:57z",0.54
"2024/02/27T06:09:57z",0.95
"2024/02/27T06:11:57z",0.6
"2024/02/27T06:13:57z",1.08
"2024/02/27T06:15:37z",0.67
"2024/02/27T06:17:37z",0.22
"2024/02/27T06:19:37z",0.56
"2024/02/27T06:21:37z",0.39
"2024/02/27T06:23:37z",0.34
"2024/02/27T06:25:37z",0.56
"2024/02/27T06:27:37z",0.49
"2024/02/27T06:29:37z",0.7
"2024/02/27T06:31:37z",0.45
"2024/02/27T06:33:37z",0.63
"2024/02/27T06:35:18z",0.31
"2024/02/27T06:37:18z",0.22
"2024/02/27T06:39:18z",0.34
"2024/02/27T06:41:18z",0.21
"2024/02/27T06:43:18z",0.58
"2024/02/27T06:45:18z",2.28
"2024/02/27T06:47:18z",1.35
"2024/02/27T06:49:18z",1.77
"2024/02/27T06:51:18z",1.21
"2024/02/27T06:53:18z",1.88
"2024/02/27T06:54:58z",1.38
"2024/02/27T06:56:58z",0.81
"2024/02/27T06:58:58z",0.04
"2024/02/27T07:00:58z",0.89
"2024/02/27T07:02:58z",0.02
"2024/02/27T07:04:58z",0.49
"2024/02/27T07:06:58z",0.31
"2024/02/27T07:08:58z",0.25
"2024/02/27T07:10:58z",0.46
"2024/02/27T07:12:58z",1.41
"2024/02/27T07:14:39z",1.11
"2024/02/27T07:16:39z",1.1
"2024/02/27T07:18:39z",1
"2024/02/27T07:20:39z",0.23
"2024/02/27T07:22:39z",0.03
"2024/02/27T07:24:39z",0.73
"2024/02/27T07:26:39z",0.47
"2024/02/27T07:28:39z",0.48
"2024/02/27T07:30:39z",0.29
"2024/02/27T07:32:39z",0.14
"2024/02/27T07:34:19z",0.56
"2024/02/27T07:36:19z",0.09
"2024/02/27T07:38:19z",0.23
"2024/02/27T07:40:19z",0.77
"2024/02/27T07:42:19z",0.86
"2024/02/27T07:44:19z",0.58
"2024/02/27T07:46:19z",1.25
"2024/02/27T07:48:19z",0.88
"2024/02/27T07:50:19z",1.29
"2024/02/27T07:52:19z",0.91
"2024/02/27T07:53:59z",0.6
"2024/02/27T07:55:59z",1.05
"2024/02/27T07:57:59z",1.47
"2024/02/27T07:59:59z",1.29
"2024/02/27T08:01:59z",0.71
"2024/02/27T08:03:59z",0.44
"2024/02/27T08:05:59z",0.44
"2024/02/27T08:07:59z",1.79
"2024/02/27T08:09:59z",0.84
"2024/02/27T08:11:59z",0.17
"2024/02/27T08:13:40z",0.24
"2024/02/27T08:15:40z",0.2
"2024/02/27T08:17:40z",0
"2024/02/27T08:19:40z",0
"2024/02/27T08:21:40z",0.26
"2024/02/27T08:23:40z",0.88
"2024/02/27T08:25:40z",0.6
"2024/02/27T08:27:40z",0.62
"2024/02/27T08:29:40z",0.39
"2024/02/27T08:31:40z",0.25
"2024/02/27T08:33:20z",0.64
"2024/02/27T08:35:20z",0.71
"2024/02/27T08:37:20z",0.14
"2024/02/27T08:39:20z",0.17
"2024/02/27T08:41:20z",0.49
"2024/02/27T08:43:20z",0.53
"2024/02/27T08:45:20z",0.84
"2024/02/27T08:47:20z",0.29
"2024/02/27T08:49:20z",0.79
"2024/02/27T08:51:20z",0.76
"2024/02/27T08:53:01z",0.2
"2024/02/27T08:55:01z",0.08
"2024/02/27T08:57:01z",0.09
"2024/02/27T08:59:01z",0.53
"2024/02/27T09:01:01z",0.32
"2024/02/27T09:03:01z",0.28
"2024/02/27T09:05:01z",0.07
"2024/02/27T09:07:01z",0.09
"2024/02/27T09:09:01z",0.49
"2024/02/27T09:11:01z",0.66
"2024/02/27T09:12:41z",0.16
"2024/02/27T09:14:41z",0.31
"2024/02/27T09:16:41z",0.2
"2024/02/27T09:18:41z",0.14
"2024/02/27T09:20:41z",0
"2024/02/27T09:22:41z",0.24
"2024/02/27T09:24:41z",0
"2024/02/27T09:26:41z",0
"2024/02/27T09:28:41z",0.29
"2024/02/27T09:30:41z",0.09
"2024/02/27T09:32:22z",0.62
"2024/02/27T09:34:22z",0.12
"2024/02/27T09:36:22z",0.18
"2024/02/27T09:38:22z",0.52
"2024/02/27T09:40:22z",0.29
"2024/02/27T09:42:22z",0.03
"2024/02/27T09:44:22z",0.22
"2024/02/27T09:46:22z",0.09
"2024/02/27T09:48:22z",0.09
"2024/02/27T09:50:22z",0.17
"2024/02/27T09:52:03z",0
"2024/02/27T09:54:03z",0.15
"2024/02/27T09:56:03z",0.04
"2024/02/27T09:58:03z",0.04
"2024/02/27T10:00:03z",0
"2024/02/27T10:02:03z",0.22
"2024/02/27T10:04:03z",0
"2024/02/27T10:06:03z",0
"2024/02/27T10:08:03z",0
"2024/02/27T10:10:03z",0.07
"2024/02/27T10:11:44z",0.07
"2024/02/27T10:13:44z",0.24
"2024/02/27T10:15:44z",0.18
"2024/02/27T10:17:44z",0.05
"2024/02/27T10:19:44z",0.19
"2024/02/27T10:21:44z",0
"2024/02/27T10:23:44z",0
"2024/02/27T10:25:44z",0.09
"2024/02/27T10:27:44z",0
"2024/02/27T10:29:44z",0
"2024/02/27T10:31:25z",0.11
"2024/02/27T10:33:25z",0
"2024/02/27T10:35:25z",0.12
"2024/02/27T10:37:25z",0
"2024/02/27T10:39:25z",0
"2024/02/27T10:41:25z",0
"2024/02/27T10:43:25z",0
"2024/02/27T10:45:25z",0
"2024/02/27T10:47:25z",0.21
"2024/02/27T10:49:25z",0.07
"2024/02/27T10:51:05z",0.04
"2024/02/27T10:53:05z",0.16
"2024/02/27T10:55:05z",0.04
"2024/02/27T10:57:05z",0
"2024/02/27T10:59:05z",0.2
"2024/02/27T11:01:05z",0
"2024/02/27T11:03:05z",0.05
"2024/02/27T11:05:05z",0.29
"2024/02/27T11:07:05z",0.21
"2024/02/27T11:09:05z",0.19
"2024/02/27T11:10:45z",0.2
"2024/02/27T11:12:45z",0
"2024/02/27T11:14:45z",0.33
"2024/02/27T11:16:45z",0.02
"2024/02/27T11:18:45z",0
"2024/02/27T11:20:45z",0.29
"2024/02/27T11:22:45z",0
"2024/02/27T11:24:45z",0.09
"2024/02/27T11:26:45z",0.07
"2024/02/27T11:28:45z",0
"2024/02/27T11:30:26z",0.58
"2024/02/27T11:32:26z",0.2
"2024/02/27T11:34:26z",0
"2024/02/27T11:36:26z",0
"2024/02/27T11:38:26z",0
"2024/02/27T11:40:26z",0.17
"2024/02/27T11:42:26z",0.22
"2024/02/27T11:44:26z",0.07
"2024/02/27T11:46:26z",0
"2024/02/27T11:48:26z",0
"2024/02/27T11:50:06z",0.11
"2024/02/27T11:52:06z",0.08
"2024/02/27T11:54:06z",0.14
"2024/02/27T11:56:06z",0.09
"2024/02/27T11:58:06z",0.16
"2024/02/27T12:00:06z",0
"2024/02/27T12:02:06z",0.09
"2024/02/27T12:04:06z",0.42
"2024/02/27T12:06:06z",0
"2024/02/27T12:08:06z",0.29
"2024/02/27T12:09:46z",0.43
"2024/02/27T12:11:46z",0.09
"2024/02/27T12:13:46z",0
"2024/02/27T12:15:46z",0
"2024/02/27T12:17:46z",0
"2024/02/27T12:19:46z",0.02
"2024/02/27T12:21:46z",0.34
"2024/02/27T12:23:46z",0
"2024/02/27T12:25:46z",0.39
"2024/02/27T12:27:46z",0.25
"2024/02/27T12:29:27z",0.37
"2024/02/27T12:31:27z",0.16
"2024/02/27T12:33:27z",0.07
"2024/02/27T12:35:27z",0.02
"2024/02/27T12:37:27z",0.28
"2024/02/27T12:39:27z",0.16
"2024/02/27T12:41:27z",0.31
"2024/02/27T12:43:27z",0
"2024/02/27T12:45:27z",0.09
"2024/02/27T12:47:27z",0.31
"2024/02/27T12:49:08z",0.09
"2024/02/27T12:51:08z",0.18
"2024/02/27T12:53:08z",0.35
"2024/02/27T12:55:08z",0.6
"2024/02/27T12:57:08z",0.74
"2024/02/27T12:59:08z",0.3
"2024/02/27T13:01:08z",0.21
"2024/02/27T13:03:08z",0.51
"2024/02/27T13:05:08z",0.69
"2024/02/27T13:07:08z",0.29
"2024/02/27T13:08:49z",0.73
"2024/02/27T13:10:49z",0.29
"2024/02/27T13:12:49z",0.72
"2024/02/27T13:14:49z",0.59
"2024/02/27T13:16:49z",0.4
"2024/02/27T13:18:49z",0.64
"2024/02/27T13:20:49z",0.14
"2024/02/27T13:22:49z",0.44
"2024/02/27T13:24:49z",0.36
"2024/02/27T13:26:49z",0.69
"2024/02/27T13:28:29z",0
"2024/02/27T13:30:29z",0.68
"2024/02/27T13:32:29z",0.89
"2024/02/27T13:34:29z",0.2
"2024/02/27T13:36:29z",0.53
"2024/02/27T13:38:29z",0.71
"2024/02/27T13:40:29z",0.48
"2024/02/27T13:42:29z",0.41
"2024/02/27T13:44:29z",0.95
"2024/02/27T13:46:29z",0.1
"2024/02/27T13:48:10z",0.18
"2024/02/27T13:50:10z",0.83
"2024/02/27T13:52:10z",0.79
"2024/02/27T13:54:10z",0.8
"2024/02/27T13:56:10z",0.66
"2024/02/27T13:58:10z",0.95
"2024/02/27T14:00:10z",0.47
"2024/02/27T14:02:10z",0.18
"2024/02/27T14:04:10z",0.81
"2024/02/27T14:06:10z",1.09
"2024/02/27T14:07:51z",0.93
"2024/02/27T14:09:51z",0.53
"2024/02/27T14:11:51z",0.39
"2024/02/27T14:13:51z",0.26
"2024/02/27T14:15:51z",0.62
"2024/02/27T14:17:51z",0.37
"2024/02/27T14:19:51z",1.09
"2024/02/27T14:21:51z",4.3
"2024/02/27T14:23:51z",4.54
"2024/02/27T14:25:51z",2.73
"2024/02/27T14:27:31z",1.09
"2024/02/27T14:29:31z",0.37
"2024/02/27T14:31:31z",0.61
"2024/02/27T14:33:31z",0.25
"2024/02/27T14:35:31z",0.45
"2024/02/27T14:37:31z",0.2
"2024/02/27T14:39:31z",0.17
"2024/02/27T14:41:31z",0.15
"2024/02/27T14:43:31z",0.12
"2024/02/27T14:45:31z",0.29
"2024/02/27T14:47:11z",0.51
"2024/02/27T14:49:11z",0.81
"2024/02/27T14:51:11z",0.05
"2024/02/27T14:53:11z",0.55
"2024/02/27T14:55:11z",0.57
"2024/02/27T14:57:11z",0.61
"2024/02/27T14:59:11z",0.21
"2024/02/27T15:01:11z",0.46
"2024/02/27T15:03:11z",0.26
"2024/02/27T15:05:11z",0.47
"2024/02/27T15:06:52z",1.15
"2024/02/27T15:08:52z",0.62
"2024/02/27T15:10:52z",0.82
"2024/02/27T15:12:52z",0.36
"2024/02/27T15:14:52z",0.42
"2024/02/27T15:16:52z",0.41
"2024/02/27T15:18:52z",0.49
"2024/02/27T15:20:52z",0.3
"2024/02/27T15:22:52z",0.25
"2024/02/27T15:24:52z",0.2
"2024/02/27T15:26:32z",0.76
"2024/02/27T15:28:32z",0.46
"2024/02/27T15:30:32z",0.6
"2024/02/27T15:32:32z",0.23
"2024/02/27T15:34:32z",0.43
"2024/02/27T15:36:32z",0.64
"2024/02/27T15:38:32z",0.28
"2024/02/27T15:40:32z",0.96
"2024/02/27T15:42:32z",0.38
"2024/02/27T15:44:32z",0.64
"2024/02/27T15:46:12z",0.22
"2024/02/27T15:48:12z",0.49
"2024/02/27T15:50:12z",0.26
"2024/02/27T15:52:12z",0.51
"2024/02/27T15:54:12z",0.22
"2024/02/27T15:56:12z",0.36
"2024/02/27T15:58:12z",0.28
"2024/02/27T16:00:12z",0.71
"2024/02/27T16:02:12z",0.14
"2024/02/27T16:04:12z",0.86
"2024/02/27T16:05:53z",0.78
"2024/02/27T16:07:53z",0.03
"2024/02/27T16:09:53z",0.54
"2024/02/27T16:11:53z",0.46
"2024/02/27T16:13:53z",0.6
"2024/02/27T16:15:53z",0.83
"2024/02/27T16:17:53z",0.46
"2024/02/27T16:19:53z",0.82
"2024/02/27T16:21:53z",0.79
"2024/02/27T16:23:53z",0.95
"2024/02/27T16:25:33z",0.4
"2024/02/27T16:27:33z",0.03
"2024/02/27T16:29:33z",0
"2024/02/27T16:31:33z",0.45
"2024/02/27T16:33:33z",0.83
"2024/02/27T16:35:33z",0.98
"2024/02/27T16:37:33z",1.11
"2024/02/27T16:39:33z",1.58
"2024/02/27T16:41:33z",1.22
"2024/02/27T16:43:33z",1.14
"2024/02/27T16:45:13z",1.73
"2024/02/27T16:47:13z",1.27
"2024/02/27T16:49:13z",1.31
"2024/02/27T16:51:13z",1.25
"2024/02/27T16:53:13z",0.97
"2024/02/27T16:55:13z",1.56
"2024/02/27T16:57:13z",1.68
"2024/02/27T16:59:13z",1.96
"2024/02/27T17:01:13z",2.65
"2024/02/27T17:03:13z",1.61
"2024/02/27T17:04:54z",1.04
"2024/02/27T17:06:54z",0.55
"2024/02/27T17:08:54z",0.91
"2024/02/27T17:10:54z",0.64
"2024/02/27T17:12:54z",0.14
"2024/02/27T17:14:54z",0.29
"2024/02/27T17:16:54z",0.81
"2024/02/27T17:18:54z",0.38
"2024/02/27T17:20:54z",0.36
"2024/02/27T17:22:54z",0.81
"2024/02/27T17:24:35z",0.61
"2024/02/27T17:26:35z",0.45
"2024/02/27T17:28:35z",0.49
"2024/02/27T17:30:35z",0.71
"2024/02/27T17:32:35z",0.45
"2024/02/27T17:34:35z",0.24
"2024/02/27T17:36:35z",0.14
"2024/02/27T17:38:35z",0.25
"2024/02/27T17:40:35z",0.15
"2024/02/27T17:42:35z",0.29
"2024/02/27T17:44:16z",0.13
"2024/02/27T17:46:16z",0.39
"2024/02/27T17:48:16z",0.52
"2024/02/27T17:50:16z",0.33
"2024/02/27T17:52:16z",0.16
"2024/02/27T17:54:16z",0.07
"2024/02/27T17:56:16z",0
"2024/02/27T17:58:16z",0.07
"2024/02/27T18:00:16z",0.29
"2024/02/27T18:02:16z",0.2
"2024/02/27T18:03:57z",0.13
"2024/02/27T18:05:57z",0.39
"2024/02/27T18:07:57z",0.45
"2024/02/27T18:09:57z",0.62
"2024/02/27T18:11:57z",0.49
"2024/02/27T18:13:57z",0.14
"2024/02/27T18:15:57z",0.29
"2024/02/27T18:17:57z",0
"2024/02/27T18:19:57z",0.02
"2024/02/27T18:21:57z",0.41
"2024/02/27T18:23:38z",1.02
"2024/02/27T18:25:38z",0.53
"2024/02/27T18:27:38z",0.3
"2024/02/27T18:29:38z",0.49
"2024/02/27T18:31:38z",0.86
"2024/02/27T18:33:38z",1.17
"2024/02/27T18:35:38z",0.44
"2024/02/27T18:37:38z",1.02
"2024/02/27T18:39:38z",1.24
"2024/02/27T18:41:38z",2.98
"2024/02/27T18:43:18z",0.51
"2024/02/27T18:45:18z",0.88
"2024/02/27T18:47:18z",0.77
"2024/02/27T18:49:18z",0.66
"2024/02/27T18:51:18z",0.75
"2024/02/27T18:53:18z",1.2
"2024/02/27T18:55:18z",0.85
"2024/02/27T18:57:18z",0.5
"2024/02/27T18:59:18z",0.54
"2024/02/27T19:01:18z",0.14
"2024/02/27T19:02:58z",0.2
"2024/02/27T19:04:58z",0.69
"2024/02/27T19:06:58z",0.31
"2024/02/27T19:08:58z",0.88
"2024/02/27T19:10:58z",0.36
"2024/02/27T19:12:58z",0.4
"2024/02/27T19:14:58z",0.44
"2024/02/27T19:16:58z",0.43
"2024/02/27T19:18:58z",0.57
"2024/02/27T19:20:58z",1.74
"2024/02/27T19:22:39z",1.49
"2024/02/27T19:24:39z",0.98
"2024/02/27T19:26:39z",0.6
"2024/02/27T19:28:39z",1.95
"2024/02/27T19:30:39z",2.19
"2024/02/27T19:32:39z",2.05
"2024/02/27T19:34:39z",1.45
"2024/02/27T19:36:39z",1.65
"2024/02/27T19:38:39z",2.09
"2024/02/27T19:40:39z",2.08
"2024/02/27T19:42:19z",1.76
"2024/02/27T19:44:19z",2
"2024/02/27T19:46:19z",2.25
"2024/02/27T19:48:19z",1.95
"2024/02/27T19:50:19z",2.19
"2024/02/27T19:52:19z",1.39
"2024/02/27T19:54:19z",2.52
"2024/02/27T19:56:19z",1.79
"2024/02/27T19:58:19z",1.76
"2024/02/27T20:00:19z",1.14
"2024/02/27T20:01:59z",1
"2024/02/27T20:03:59z",1.68
"2024/02/27T20:05:59z",1.12
"2024/02/27T20:07:59z",1.14
"2024/02/27T20:09:59z",0.83
"2024/02/27T20:11:59z",0.32
"2024/02/27T20:13:59z",1.69
"2024/02/27T20:15:59z",1.07
"2024/02/27T20:17:59z",0.93
"2024/02/27T20:19:59z",1.07
"2024/02/27T20:21:39z",1.78
"2024/02/27T20:23:39z",1.03
"2024/02/27T20:25:39z",1
"2024/02/27T20:27:39z",0.55
"2024/02/27T20:29:39z",0.82
"2024/02/27T20:31:39z",0.98
"2024/02/27T20:33:39z",0.42
"2024/02/27T20:35:39z",0.39
"2024/02/27T20:37:39z",0.6
"2024/02/27T20:39:39z",0.56
"2024/02/27T20:41:20z",0.44
"2024/02/27T20:43:20z",0.61
"2024/02/27T20:45:20z",0.09
"2024/02/27T20:47:20z",0.29
"2024/02/27T20:49:20z",0.31
"2024/02/27T20:51:20z",0.08
"2024/02/27T20:53:20z",0
"2024/02/27T20:55:20z",0
"2024/02/27T20:57:20z",0.67
"2024/02/27T20:59:20z",0.34
"2024/02/27T21:01:01z",0.3
"2024/02/27T21:03:01z",0.36
"2024/02/27T21:05:01z",0.59
"2024/02/27T21:07:01z",0.07
"2024/02/27T21:09:01z",0.34
"2024/02/27T21:11:01z",0.45
"2024/02/27T21:13:01z",1.1
"2024/02/27T21:15:01z",0.48
"2024/02/27T21:17:01z",0.55
"2024/02/27T21:19:01z",0.73
"2024/02/27T21:20:41z",0
"2024/02/27T21:22:41z",0.2
"2024/02/27T21:24:41z",0.51
"2024/02/27T21:26:41z",0.11
"2024/02/27T21:28:41z",0.23
"2024/02/27T21:30:41z",0.83
"2024/02/27T21:32:41z",0
"2024/02/27T21:34:41z",0.07
"2024/02/27T21:36:41z",0.48
"2024/02/27T21:38:41z",0.23
"2024/02/27T21:40:22z",0.59
"2024/02/27T21:42:22z",1.44
"2024/02/27T21:44:22z",2.14
"2024/02/27T21:46:22z",2.04
"2024/02/27T21:48:22z",1.58
"2024/02/27T21:50:22z",1.73
"2024/02/27T21:52:22z",1.23
"2024/02/27T21:54:22z",2.46
"2024/02/27T21:56:22z",2.14
"2024/02/27T21:58:22z",2.34
"2024/02/27T22:00:02z",3.33
"2024/02/27T22:02:02z",2.91
"2024/02/27T22:04:02z",2.7
"2024/02/27T22:06:02z",3.45
"2024/02/27T22:08:02z",4.07
"2024/02/27T22:10:02z",8.37
"2024/02/27T22:12:02z",9.21
"2024/02/27T22:14:02z",7.45
"2024/02/27T22:16:02z",5.1
"2024/02/27T22:18:02z",5.6
"2024/02/27T22:19:43z",6.59
"2024/02/27T22:21:43z",7.62
"2024/02/27T22:23:43z",4.68
"2024/02/27T22:25:43z",3.39
"2024/02/27T22:27:43z",4.07
"2024/02/27T22:29:43z",5.66
"2024/02/27T22:31:43z",3.95
"2024/02/27T22:33:43z",4.2
"2024/02/27T22:35:43z",6.09
